Workbook

Sheet ĐIỀU KHOẢN
A1: BẢNG TỔNG HỢP THÔNG TIN
A2: GÓI THẦU: CUNG CẤP VTTB VÀ THI CÔNG LẮP ĐẶT HỆ THỐNG CƠ ĐIỆN
A3: DỰ ÁN: TÒA NHÀ HỖN HỢP HACOM MALL
A5: I | B5: ĐIỀU KIỆN THƯƠNG MẠI | C5: ĐỀ XUẤT CÁC ĐIỀU KHOẢN THƯƠNG MẠI CỦA NHÀ THẦU
A6: 1 | B6: Tiến độ thi công | C6: 540 ngày ~ 18 tháng
A7: 2 | B7: Hình thức Hợp đồng | C7: Đơn giá cố định, khối lượng nghiệm thu theo thực tế
A8: 3 | B8: Bảo lãnh thực hiện HĐ | C8: 2% GTHĐ
A9: 4 | B9: Tạm ứng | C9: 20% GTHĐ trước thuế
A10: 5 | B10: Bảo lãnh tạm ứng | C10: 540 ngày ~ 18 tháng
C11: Thư Bão Lãnh Tạm Ứng có giá trị hiệu lực cho đến khi Bên A thu hồi hết khoản tiền tạm ứng đạt 80% giá trị Hợp Đồng đã ký. Trước ngày Thư bảo lãnh hết hạn tối đa 10 ngày mà Bên A vẫn chưa thu hồi hết khoản tiền tạm ứng nêu trên thì Bên B có trách nhiệm gia hạn Thư Bão Lãnh Tạm Ứng.
A12: 6 | B12: Thanh toán vật tư | C12: Đến 70% Giá trị vật tư (Được nghiệm thu)
A13: 7 | B13: Thanh toán Khối lượng hoàn thành | C13: Đến 90% KLHT
A14: 8 | B14: Quyết toán | C14: Đến 100% KLHT
A15: 9 | B15: Thời gian bảo hành (≥ 24 tháng) | C15: 24 tháng
C16: Bằng chứng thư bảo lãnh vô điều kiện, không hủy ngang, thanh toán ngay lập tức của ngân hàng uy tín có giá trị bằng 5% giá trị quyết toán.

Sheet Tổng hợp
E1: Mẫu số 03.1
A3: BẢNG CHÀO GIÁ TỔNG HỢP
A5: Stt | B5: Mô tả công việc mời thầu | C5: Thành tiền | E5: Ghi chú
C6: Theo KLMT | D6: Nhà thầu chào
A7: A | B7: ĐẦU MỤC CÔNG VIỆC THEO KLMT | C7: =C8+C9+C10+C11+C15 -> 1.519293e+11 | D7: =D8+D9+D10+D11+D15 -> 1.519293e+11
A8: I | B8: HẠNG MỤC: ĐIỆN | C8: ='1. HT điện'!Q9 -> 7.6346265e+10 | D8: ='1. HT điện'!R9 -> 7.6346265e+10
A9: II | B9: HẠNG MỤC: ĐIỆN NHẸ | C9: ='2. HT điện nhẹ'!Q9 -> 2.4590214e+09 | D9: ='2. HT điện nhẹ'!R9 -> 2.4590214e+09
A10: III | B10: HẠNG MỤC: CẤP THOÁT NƯỚC | C10: ='3. HT CTN'!Q9 -> 2.8952308e+10 | D10: ='3. HT CTN'!R9 -> 2.8952308e+10
A11: IV | B11: HẠNG MỤC: HVAC | C11: =SUM(C12:C14) -> 4.3107063e+10 | D11: =SUM(D12:D14) -> 4.3107063e+10
A12: IV.1 | B12: HVAC - ĐH VRV | C12: ='4.1 ĐH VRV'!AF9 -> 7.3670039e+08 | D12: ='4.1 ĐH VRV'!AG9 -> 7.3670039e+08
A13: IV.2 | B13: HVAC - QUẠT | C13: ='4.2 Quạt'!AC9 -> 3.2077763e+09 | D13: ='4.2 Quạt'!AD9 -> 3.2077763e+09
A14: IV.3 | B14: HVAC - ĐHKK & TG | C14: ='4.3 DHKK & TG'!Q9 -> 3.9162587e+10 | D14: ='4.3 DHKK & TG'!R9 -> 3.9162587e+10
A15: V | B15: HẠNG MỤC: NGĂN CHÁY LAN | C15: ='5. Ngăn cháy lan'!Q9 -> 1.0646398e+09 | D15: ='5. Ngăn cháy lan'!R9 -> 1.0646398e+09
A16: B | B16: ĐẦU MỤC CÔNG VIỆC PHÁT SINH NGOÀI KLMT | C16: =C17+C18+C19+C20+C24 -> 0 | D16: =D17+D18+D19+D20+D24 -> 3.712733e+09
A17: I | B17: HẠNG MỤC: ĐIỆN | C17: ='1. HT điện'!Q2682 -> 0 | D17: ='1. HT điện'!R2682 -> 42725530
A18: II | B18: HẠNG MỤC: ĐIỆN NHẸ | C18: ='2. HT điện nhẹ'!Q50 -> 0 | D18: ='2. HT điện nhẹ'!R50 -> 0
A19: III | B19: HẠNG MỤC: CẤP THOÁT NƯỚC | C19: ='3. HT CTN'!Q814 -> 0 | D19: ='3. HT CTN'!R814 -> 55735678
A20: IV | B20: HẠNG MỤC: HVAC | C20: =SUM(C21:C23) -> 0 | D20: =SUM(D21:D23) -> 3.6142717e+09
A21: IV.1 | B21: HVAC - ĐH VRV | C21: ='4.1 ĐH VRV'!AF49 -> 0 | D21: ='4.1 ĐH VRV'!AG49 -> 0
A22: IV.2 | B22: HVAC - QUẠT | C22: ='4.2 Quạt'!AC145 -> 0 | D22: ='4.2 Quạt'!AD145 -> 0
A23: IV.3 | B23: HVAC - ĐHKK & TG | C23: ='4.3 DHKK & TG'!Q1110 -> 0 | D23: ='4.3 DHKK & TG'!R1110 -> 3.6142717e+09
A24: V | B24: HẠNG MỤC: NGĂN CHÁY LAN | C24: ='5. Ngăn cháy lan'!Q25 -> 0 | D24: ='5. Ngăn cháy lan'!R25 -> 0
A25: C | B25: TỔNG CỘNG GIÁ CHÀO TRƯỚC THUẾ: (C = A + B) | C25: =C7+C16 -> 1.519293e+11 | D25: =D7+D16 -> 1.5564203e+11
B26: THUẾ VAT | C26: =C25*8% -> 1.2154344e+10 | D26: =D25*8% -> 1.2451362e+10
A27: D | B27: TỔNG CỘNG GIÁ CHÀO SAU THUẾ | C27: =C25+C26 -> 1.6408364e+11 | D27: =D25+D26 -> 1.6809339e+11
A29: ( Số tiền bằng chữ: Một trăm sáu mươi tám tỷ, không trăm chín mươi ba triệu, ba trăm chín mươi ba nghìn, không trăm linh tám đồng./.)
C31: Hà Nội, ngày 08 tháng 12 năm 2025
C32: CÔNG TY TNHH XÂY LẮP VÀ THƯƠNG MẠI LINH ANH

Sheet 1. HT điện
A1: Dự án: TOÀ NHÀ HỖN HỢP HACOM MALL
A2: Gói thầu: CUNG CẤP VTTB VÀ THI CÔNG LẮP ĐẶT HỆ THỐNG CƠ ĐIỆN
A3: Hạng mục: HỆ THỐNG ĐIỆN
A5: KHỐI LƯỢNG MỜI THẦU | F5: CÔNG TY TNHH XÂY LẮP VÀ THƯƠNG MẠI LINH ANH
A6: STT | B6: Diễn giải | C6: Đơn vị | D6: KL Mời thầu Lần 2 | E6: Ghi chú | F6: KL Nhà thầu chào | G6: THÔNG TIN VỀ VẬT LIỆU CHÍNH | K6: ĐƠN GIÁ (chưa bao gồm VAT) | Q6: Thành tiền BOQ | S6: Ghi chú
G7: Mô tả/ Quy cách | H7: Mã hiệu | I7: Thương hiệu | J7: Xuất xứ | K7: VL chính | L7: VL phụ | M7: NC&M | N7: CF quản lý | O7: Lợi nhuận | P7: ĐG tổng hợp | Q7: Thành tiền KLMT | R7: Thành tiền Nhà thầu chào
A8: 1 | B8: 2 | C8: 3 | D8: 4 | E8: 5 | F8: 6 | G8: 7 | H8: 8 | I8: 9 | J8: 10 | K8: 11 | L8: 12 | M8: 13 | N8: 14 | O8: 15 | P8: 16=11+12+13+14+15 | Q8: 17=4*16 | R8: 18=6*16 | S8: 19
A9: A | B9: ĐẦU MỤC CÔNG VIỆC THEO KLMT | Q9: =SUBTOTAL(9,Q10:Q2681) -> 7.6346265e+10 | R9: =SUBTOTAL(9,R10:R2681) -> 7.6346265e+10
A10: I | B10: Tủ điện hạ thế
A11: =COUNT($A$10:$A10)+1 -> 1 | B11: Tủ điện LV-G.1+LV-G.2+LV-G.3+LV-G.4+LV-G.5+LV-G.6 | C11: Tủ | D11: 1 | F11: 1 | G11: Thiết bị đóng cắt: Schneider Nhà sản xuất vỏ tủ điện: ACIT Chi tiết cấu tạo theo danh mục tủ điện đính kèm | I11: ACIT | J11: Việt Nam | K11: 1.5206604e+09 | L11: 0 | M11: 21696000 | N11: 155522064 | O11: 1.0886544e+08 | P11: =SUM(K11:O11) -> 1.8067439e+09 | Q11: =D11*P11 -> 1.8067439e+09 | R11: =F11*P11 -> 1.8067439e+09
B12: Vỏ tủ form 3B | C12: Cái | D12: 1 | F12: 1
B13: Đầu vào:
B14: ACB Fixed 4P 3200AT 3200AF 65kA , bảo vệ quá dòng, chạm đất, quá áp, thấp áp, đo lường class 1, kết nối NFC/ Bluetooth. | C14: Cái | D14: 2 | F14: 2
B15: Motor sạc 220VAC cho ACB Fixed 4P 3200A 65kA | C15: Cái | D15: 2 | F15: 2
B16: Cuộn đóng 220VAC cho ACB Fixed 4P 3200A 65kA | C16: Cái | D16: 2 | F16: 2
B17: Cuộn cắt 220VAC cho ACB Fixed dòng MTZ | C17: Cái | D17: 2 | F17: 2
B18: Cuộn UVT 220VAC cho ACB Fixed dòng MTZ | C18: Cái | D18: 2 | F18: 2
B19: Khóa đóng cắt ACB | C19: Cái | D19: 2 | F19: 2
B20: Bộ hòa đồng bộ 2 máy phát | C20: Bộ | D20: 1 | F20: 1
B21: Đèn báo trạng thái On/OFF/TRIP ACB | C21: Cái | D21: 6 | F21: 6
B22: Biến dòng hạ thế 3200/5A | C22: Quả | D22: 12 | F22: 12
B23: Đồng hồ Volt 0-450VAC | C23: Cái | D23: 2 | F23: 2
B24: Chuyển mạch Volt 7 vị trí | C24: Cái | D24: 2 | F24: 2
B25: Đồng hồ Ampe 0-3200A | C25: Cái | D25: 6 | F25: 6
... B27: Cầu chi 2A | C27: Cái | D27: 18 | F27: 18
B28: Đầu ra:
B29: ACB Fixed 4P 3000AT 3200AF 65kA | C29: Cái | D29: 1 | F29: 1
B30: ="Motor sạc 220VAC cho " &B29 -> Motor sạc 220VAC cho ACB Fixed 4P 3000AT 3200AF 65kA | C30: Cái | D30: 1 | F30: 1
B31: ="Cuộn đóng 220VAC cho " &B29 -> Cuộn đóng 220VAC cho ACB Fixed 4P 3000AT 3200AF 65kA | C31: Cái | D31: 1 | F31: 1
B32: Cuộn cắt 220VAC cho ACB Fixed dòng MTZ | C32: Cái | D32: 1 | F32: 1
B33: ACB 4P 1600AT 1600AF 65kA Fixed | C33: Cái | D33: 1 | F33: 1
B34: ="Motor sạc 220VAC cho " &B33 -> Motor sạc 220VAC cho ACB 4P 1600AT 1600AF 65kA Fixed | C34: Cái | D34: 1 | F34: 1
B35: ="Cuộn đóng 220VAC cho " &B33 -> Cuộn đóng 220VAC cho ACB 4P 1600AT 1600AF 65kA Fixed | C35: Cái | D35: 1 | F35: 1
B36: ="Cuộn cắt 220VAC cho " &B33 -> Cuộn cắt 220VAC cho ACB 4P 1600AT 1600AF 65kA Fixed | C36: Cái | D36: 2 | F36: 2
B37: Đèn báo trạng thái On/OFF/TRIP ACB | C37: Cái | D37: 6 | F37: 6
B38: Khóa đóng cắt ACB | C38: Cái | D38: 2 | F38: 2
B39: MCCB 4P 1250AT 1250AF 50kA | C39: Cái | D39: 1 | F39: 1
B40: ="Tiếp điểm báo trạng thái cho " &B39 -> Tiếp điểm báo trạng thái cho MCCB 4P 1250AT 1250AF 50kA | C40: Cái | D40: 2 | F40: 2
B41: MCCB 4P 1000AT 1000AF 50kA | C41: Cái | D41: 1 | F41: 1
B42: ="Tiếp điểm báo trạng thái cho " &B41 -> Tiếp điểm báo trạng thái cho MCCB 4P 1000AT 1000AF 50kA | C42: Cái | D42: 2 | F42: 2
B43: MCCB 4P 400AT 400AF 50kA | C43: Cái | D43: 2 | F43: 2
B44: ="Tiếp điểm báo trạng thái cho " &B43 -> Tiếp điểm báo trạng thái cho MCCB 4P 400AT 400AF 50kA | C44: Cái | D44: 4 | F44: 4
B45: MCCB 4P 320AT 400AF 50kA | C45: Cái | D45: 1 | F45: 1
B46: ="Tiếp điểm báo trạng thái cho " &B45 -> Tiếp điểm báo trạng thái cho MCCB 4P 320AT 400AF 50kA | C46: Cái | D46: 2 | F46: 2
B47: MCCB 4P 250AT 250AF 50kA | C47: Cái | D47: 1 | F47: 1
B48: ="Tiếp điểm báo trạng thái cho " &B47 -> Tiếp điểm báo trạng thái cho MCCB 4P 250AT 250AF 50kA | C48: Cái | D48: 2 | F48: 2
B49: Đồng thanh cái chính 6400A+100%N+25%E mạ thiếc | C49: Bộ | D49: 1 | F49: 1
B50: Đồng thanh cái nhánh mạ thiếc | C50: Bộ | D50: 1 | F50: 1
B51: Đồng thanh cái kết nối Busway 3200A + cáp tiếp địa + Cos + Nhân công lắp đặt + (nắp chụp nếu có) | C51: Bộ | D51: 1 | F51: 1
B52: Đồng thanh cái kết nối Busway 1600A + cáp tiếp địa + Cos + Nhân công lắp đặt + (nắp chụp nếu có) | C52: Bộ | D52: 1 | F52: 1
B53: Nhân công + phụ kiện lắp đặt | C53: Tủ | D53: 1 | F53: 1
A54: =COUNT($A$10:$A53)+1 -> 2 | B54: Tủ điện MSB1.7+MSB1.8+MSB1.9 | C54: Tủ | D54: 1 | F54: 1 | G54: Thiết bị đóng cắt: Schneider Nhà sản xuất vỏ tủ điện: ACIT Chi tiết cấu tạo theo danh mục tủ điện đính kèm | I54: ACIT | J54: Việt Nam | K54: 1.8012523e+08 | L54: 0 | M54: 10848000 | N54: 19154468 | O54: 13408127 | P54: =SUM(K54:O54) -> 2.2353582e+08 | Q54: =D54*P54 -> 2.2353582e+08 | R54: =F54*P54 -> 2.2353582e+08
B55: Vỏ tủ form 3B | C55: Cái | D55: 1 | F55: 1
B56: Đầu vào:
B57: MCCB 4P 320AT 400AF 50kA, kèm Vigi Module bảo vệ dòng rò | C57: Cái | D57: 1 | F57: 1
B58: Tiếp điểm báo trạng thái cho MCCB 4P 320A 50kA | C58: Cái | D58: 2 | F58: 2
B59: Cuộn cắt 220VAC cho MCCB 4P 320A 50kA | C59: Cái | D59: 2 | F59: 2
B60: ATS 4P 400A | C60: Cái | D60: 1 | F60: 1
B61: Bộ điều khiển ATS | C61: Cái | D61: 1 | F61: 1
B62: Biến dòng hạ thế 400/5A | C62: Quả | D62: 6 | F62: 6
B63: Đồng hồ Volt 0-450VAC | C63: Cái | D63: 2 | F63: 2
B64: Chuyển mạch Volt 7 vị trí | C64: Cái | D64: 2 | F64: 2
B65: Đồng hồ KTS đa chức năng (đo lường I, U, F, P, Q, S, PF, THD, Accuracy 0.5%, kết nối BMS), truyền thông Modbus | C65: Cái | D65: 2 | F65: 2
B66: Đèn báo pha | C66: Cái | D66: 6 | F66: 6
B67: Cầu chi 2A | C67: Cái | D67: 6 | F67: 6
B68: Đầu ra:
B69: MCCB 3P 125AT 160AF 50kA | C69: Cái | D69: 1 | F69: 1
B70: MCCB 3P 80AT 100AF 50kA | C70: Cái | D70: 1 | F70: 1
B71: MCCB 3P 63AT 100AF 50kA | C71: Cái | D71: 2 | F71: 2
B72: MCCB 3P 50AT 100AF 50kA | C72: Cái | D72: 2 | F72: 2
B73: MCCB 3P 100AT 100AF 50kA | C73: Cái | D73: 2 | F73: 2
B74: MCCB 3P 32AT 100AF 50kA | C74: Cái | D74: 3 | F74: 3
B75: Công tơ 3 pha đo gián tiếp | C75: Cái | D75: 1 | F75: 1
B76: Biến dòng hạ thế 100/5A | C76: Cái | D76: 3 | F76: 3
B77: Bộ nguồn 1P 220VAC/24VDC 100W | C77: Cái | D77: 1 | F77: 1
B78: Đồng thanh cái chính 320A+100%N+25%E mạ thiếc | C78: Bộ | D78: 1 | F78: 1
B79: Đồng thanh cái nhánh mạ thiếc | C79: Bộ | D79: 1 | F79: 1
B80: Nhân công+phụ kiện lắp đặt | C80: Tủ | D80: 1 | F80: 1
A81: =COUNT($A$10:$A80)+1 -> 3 | B81: Tủ điện MSB1.5+MSB1.6 | C81: Tủ | D81: 1 | F81: 1 | G81: Thiết bị đóng cắt: Schneider Nhà sản xuất vỏ tủ điện: ACIT Chi tiết cấu tạo theo danh mục tủ điện đính kèm | I81: ACIT | J81: Việt Nam | K81: 2.2254356e+08 | L81: 0 | M81: 7232000 | N81: 23119148 | O81: 16183404 | P81: =SUM(K81:O81) -> 2.6907812e+08 | Q81: =D81*P81 -> 2.6907812e+08 | R81: =F81*P81 -> 2.6907812e+08
B82: Vỏ tủ form 3B | C82: Cái | D82: 1 | F82: 1
B83: Đầu vào:
B84: MCCB 4P 250AT 250AF 50kA, kèm Vigi Module bảo vệ dòng rò | C84: Cái | D84: 1 | F84: 1
B85: Tiếp điểm báo trạng thái cho MCCB 4P 250A 50kA | C85: Cái | D85: 2 | F85: 2
B86: Cuộn cắt 220VAC cho MCCB 4P 250A 50kA | C86: Cái | D86: 2 | F86: 2
B87: ATS 4P 250A | C87: Cái | D87: 1 | F87: 1
B88: Bộ điều khiển ATS | C88: Cái | D88: 1 | F88: 1
B89: Biến dòng hạ thế 250/5A | C89: Quả | D89: 6 | F89: 6
B90: Đồng hồ Volt 0-450VAC | C90: Cái | D90: 2 | F90: 2
B91: Chuyển mạch Volt 7 vị trí | C91: Cái | D91: 2 | F91: 2
B92: Đồng hồ KTS đa chức năng (đo lường I, U, F, P, Q, S, PF, THD, Accuracy 0.5%, kết nối BMS), truyền thông Modbus | C92: Cái | D92: 2 | F92: 2
B93: Đèn báo pha | C93: Cái | D93: 6 | F93: 6
B94: Cầu chi 2A | C94: Cái | D94: 6 | F94: 6
B95: Đầu ra:
B96: MCCB 3P 125AT 160AF 50kA | C96: Cái | D96: 1 | F96: 1
B97: MCCB 3P 80AT 100AF 50kA | C97: Cái | D97: 1 | F97: 1
B98: MCCB 3P 63AT 100AF 50kA | C98: Cái | D98: 2 | F98: 2
B99: MCCB 3P 50AT 100AF 50kA | C99: Cái | D99: 3 | F99: 3
B100: MCCB 3P 40AT 100AF 50kA | C100: Cái | D100: 1 | F100: 1
B101: MCCB 3P 32AT 100AF 50kA | C101: Cái | D101: 2 | F101: 2
B102: Bộ nguồn 1P 220VAC/24VDC 100W | C102: Cái | D102: 1 | F102: 1
...

Sheet 2. HT điện nhẹ
A1: Dự án: TOÀ NHÀ HỖN HỢP HACOM MALL
A2: Gói thầu: CUNG CẤP VTTB VÀ THI CÔNG LẮP ĐẶT HỆ THỐNG CƠ ĐIỆN
A3: Hạng mục: HỆ THỐNG ĐIỆN NHẸ
A5: KHỐI LƯỢNG MỜI THẦU | F5: CÔNG TY TNHH XÂY LẮP VÀ THƯƠNG MẠI LINH ANH
A6: Stt | B6: Diễn giải | C6: Đơn vị | D6: KL Mời thầu Lần 2 | E6: Ghi chú | F6: KL Nhà thầu chào | G6: THÔNG TIN VỀ VẬT LIỆU CHÍNH | K6: ĐƠN GIÁ (chưa bao gồm VAT) | Q6: Thành tiền BOQ | S6: Ghi chú
G7: Mô tả/ Quy cách | H7: Mã hiệu | I7: Thương hiệu | J7: Xuất xứ | K7: VL chính | L7: VL phụ | M7: NC&M | N7: CF quản lý | O7: Lợi nhuận | P7: ĐG tổng hợp | Q7: Thành tiền KLMT | R7: Thành tiền Nhà thầu chào
A8: 1 | B8: 2 | C8: 3 | D8: 4 | E8: 5 | F8: 6 | G8: 7 | H8: 8 | I8: 9 | J8: 10 | K8: 11 | L8: 12 | M8: 13 | N8: 14 | O8: 15 | P8: 16=11+12+13+14+15 | Q8: 17=4*16 | R8: 18=6*16 | S8: 19
A9: A | B9: ĐẦU MỤC CÔNG VIỆC THEO KLMT | Q9: =SUBTOTAL(9,Q10:Q49) -> 2.4590214e+09 | R9: =SUBTOTAL(9,R10:R49) -> 2.4590214e+09
A10: I | B10: Vật tư thiết bị đầu tư cho BQL tòa nhà
A11: 1 | B11: Ổ cắm mạng đơn 1xRJ45, bao gồm mặt và hạt | C11: Cái | D11: 10 | E11: NT chỉ cung cấp và lắp đặt đế âm | F11: 10 | G11: Đế âm KT: 77x77x51mm | H11: PAV5 | I11: Sam Phú | J11: Việt Nam | K11: 4730.18 | L11: 0 | M11: 24391.728 | N11: 2577.16 | O11: 1804.012 | P11: =SUM(K11:O11) -> 33503.08 | Q11: =D11*P11 -> 335030.8 | R11: =F11*P11 -> 335030.8 | S11: NT chỉ cung cấp và lắp đặt đế âm
A12: 2 | B12: Ống PVC D20 | C12: m | D12: 100 | F12: 100 | G12: Lực nén 750N | H12: MD20 | I12: Sam Phú | J12: Việt Nam | K12: 5976.6164 | L12: 0 | M12: 21887.874 | N12: 2465.8841 | O12: 1726.1189 | P12: =SUM(K12:O12) -> 32056.493 | Q12: =D12*P12 -> 3205649.3 | R12: =F12*P12 -> 3205649.3 | S12: Bao gồm cả ống nổi + âm
A13: II | B13: PHẦN VẬT TƯ THIẾT BỊ ĐẦU TƯ CHO CĂN HỘ | D13: 0 | F13: 0
A14: 1 | B14: Ổ cắm mạng đơn 1xRJ45, bao gồm cả mặt và hạt | C14: Cái | D14: 1109 | E14: NT chỉ cung cấp và lắp đặt đế âm | F14: 1109 | G14: Đế âm KT: 77x77x51mm | H14: PAV5 | I14: Sam Phú | J14: Việt Nam | K14: 4730.18 | L14: 0 | M14: 24391.728 | N14: 2577.16 | O14: 1804.012 | P14: =SUM(K14:O14) -> 33503.08 | Q14: =D14*P14 -> 37154916 | R14: =F14*P14 -> 37154916 | S14: NT chỉ cung cấp và lắp đặt đế âm
A15: 2 | B15: Ổ cắm truyền hình, bao gồm mặt cả hạt | C15: Cái | D15: 1109 | E15: NT chỉ cung cấp và lắp đặt đế âm | F15: 1109 | G15: Đế âm KT: 77x77x51mm | H15: PAV5 | I15: Sam Phú | J15: Việt Nam | K15: 4730.18 | L15: 0 | M15: 24391.728 | N15: 2577.16 | O15: 1804.012 | P15: =SUM(K15:O15) -> 33503.08 | Q15: =D15*P15 -> 37154916 | R15: =F15*P15 -> 37154916 | S15: NT chỉ cung cấp và lắp đặt đế âm
A16: 3 | B16: Ống PVC D20 | C16: m | D16: 15826 | F16: 15826 | G16: Lực nén 750N | H16: MD20 | I16: Sam Phú | J16: Việt Nam | K16: 5976.6164 | L16: 0 | M16: 21887.874 | N16: 2465.8841 | O16: 1726.1189 | P16: =SUM(K16:O16) -> 32056.493 | Q16: =D16*P16 -> 5.0732606e+08 | R16: =F16*P16 -> 5.0732606e+08 | S16: Bao gồm cả ống nổi + âm
A17: 4 | B17: Vật tư phụ hoàn thiện toàn bộ hệ thống | C17: Lô | D17: 1 | F17: 1 | I17: Sam Phú | J17: Việt Nam | K17: 39758103 | L17: 0 | M17: 36401045 | N17: 6454165.1 | O17: 4517915.6 | P17: =SUM(K17:O17) -> 87131229 | Q17: =D17*P17 -> 87131229 | R17: =F17*P17 -> 87131229
A18: III | B18: Thang máng cáp
A19: 1 | B19: Thang cáp kim loại WxH-500x100mm | C19: m | D19: 209.3 | F19: 209.3 | G19: Thang cáp 500x100mm, dày 2.0mm, mạ kẽm nhúng nóng không bao gồm nắp | I19: Eusduct | J19: Việt Nam | K19: 365109.19 | L19: 0 | M19: 66302.142 | N19: 38760.166 | O19: 27132.116 | P19: =SUM(K19:O19) -> 497303.62 | Q19: =D19*P19 -> 1.0408565e+08 | R19: =F19*P19 -> 1.0408565e+08
B20: Tê nối thang cáp WxH=(500x100)mm | C20: Cái | D20: 2 | F20: 2 | G20: Tê nối thang cáp 500x100mm, dày 2.0mm, mạ kẽm nhúng nóng không bao gồm nắp | I20: Eusduct | J20: Việt Nam | K20: 598768.63 | L20: 0 | M20: 92349.411 | N20: 62115.634 | O20: 43480.944 | P20: =SUM(K20:O20) -> 796714.62 | Q20: =D20*P20 -> 1593429.2 | R20: =F20*P20 -> 1593429.2
B21: Chuyển hướng ngang 90 độ thang cáp WxH=(500x100)mm | C21: Cái | D21: 8 | F21: 8 | G21: Chuyển hướng ngang 90 độ thang cáp 500x100mm, dày 2.0mm, mạ kẽm nhúng nóng không bao gồm nắp | I21: Eusduct | J21: Việt Nam | K21: 581276.81 | L21: 0 | M21: 61566.274 | N21: 57815.623 | O21: 40470.936 | P21: =SUM(K21:O21) -> 741129.64 | Q21: =D21*P21 -> 5929037.1 | R21: =F21*P21 -> 5929037.1
B22: Chuyển hướng dọc 90 độ thang cáp WxH=(500x100)mm | C22: Cái | D22: 4 | F22: 4 | G22: Chuyển hướng dọc 90 độ thang cáp 500x100mm, dày 2.0mm, mạ kẽm nhúng nóng không bao gồm nắp | I22: Eusduct | J22: Việt Nam | K22: 581276.81 | L22: 0 | M22: 61566.274 | N22: 57815.623 | O22: 40470.936 | P22: =SUM(K22:O22) -> 741129.64 | Q22: =D22*P22 -> 2964518.6 | R22: =F22*P22 -> 2964518.6
A23: 2 | B23: Thang cáp kim loại WxH-400x100mm | C23: m | D23: 48.8 | F23: 48.8 | G23: Thang cáp 400x100mm, dày 2.0mm, mạ kẽm nhúng nóng không bao gồm nắp | I23: Eusduct | J23: Việt Nam | K23: 346834.15 | L23: 0 | M23: 59240.25 | N23: 36488.82 | O23: 25542.174 | P23: =SUM(K23:O23) -> 468105.4 | Q23: =D23*P23 -> 22843543 | R23: =F23*P23 -> 22843543
B24: Tê nối máng cáp WxH=(400x100)mm | C24: Cái | D24: 0 | F24: 0
B25: Chuyển hướng ngang 90 độ máng cáp WxH=(400x100)mm | C25: Cái | D25: 0 | F25: 0
B26: Chữ thập nối thang cáp WxH=(400x100)mm | C26: Cái | D26: 1 | F26: 1 | G26: Chuyển hướng 4 ngả thang cáp 400x100mm, dày 2.0mm, mạ kẽm nhúng nóng không bao gồm nắp | I26: Eusduct | J26: Việt Nam | K26: 651113.57 | L26: 0 | M26: 123132.55 | N26: 69555.566 | O26: 48688.896 | P26: =SUM(K26:O26) -> 892490.58 | Q26: =D26*P26 -> 892490.58 | R26: =F26*P26 -> 892490.58
B27: Chuyển hướng ngang 90 độ thang cáp WxH=(400x100)mm | C27: Cái | D27: 5 | F27: 5 | G27: Chuyển hướng ngang 90 độ thang cáp 400x100mm, dày 2.0mm, mạ kẽm nhúng nóng không bao gồm nắp | I27: Eusduct | J27: Việt Nam | K27: 488204.64 | L27: 0 | M27: 55008.804 | N27: 48850.436 | O27: 34195.305 | P27: =SUM(K27:O27) -> 626259.18 | Q27: =D27*P27 -> 3131295.9 | R27: =F27*P27 -> 3131295.9
B28: Chuyển hướng dọc 90 độ thang cáp WxH=(400x100)mm | C28: Cái | D28: 1 | F28: 1 | G28: Chuyển hướng dọc 90 độ thang cáp 400x100mm, dày 2.0mm, mạ kẽm nhúng nóng không bao gồm nắp | I28: Eusduct | J28: Việt Nam | K28: 488204.64 | L28: 0 | M28: 55008.804 | N28: 48850.436 | O28: 34195.305 | P28: =SUM(K28:O28) -> 626259.18 | Q28: =D28*P28 -> 626259.18 | R28: =F28*P28 -> 626259.18
A29: 3 | B29: Máng cáp kim loại WxH-200x100mm | C29: m | D29: 0 | F29: 0
B30: Chuyển hướng ngang 90 độ máng cáp WxH=(200x100)mm | C30: Cái | D30: 0 | F30: 0
B31: Tê nối máng cáp WxH=(200x100)mm | C31: Cái | D31: 0 | F31: 0
A32: 4 | B32: Máng cáp kim loại WxH-200x50mm | C32: m | D32: 871.99 | F32: 871.99 | G32: Máng cáp 200x50mm, dày 1.5mm, mạ kẽm nhúng nóng bao gồm nắp | I32: Eusduct | J32: Việt Nam | K32: 378162.79 | L32: 0 | M32: 62346.012 | N32: 39586.066 | O32: 27710.246 | P32: =SUM(K32:O32) -> 507805.12 | Q32: =D32*P32 -> 4.4280098e+08 | R32: =F32*P32 -> 4.4280098e+08
B33: Chuyển hướng ngang 90 độ máng cáp WxH=(200x50)mm | C33: Cái | D33: 40 | F33: 40 | G33: Chuyển hướng ngang 90 độ máng cáp 200x50mm, dày 1.5mm, mạ kẽm nhúng nóng bao gồm nắp | I33: Eusduct | J33: Việt Nam | K33: 378162.79 | L33: 0 | M33: 57892.725 | N33: 39191.97 | O33: 27434.379 | P33: =SUM(K33:O33) -> 502681.87 | Q33: =D33*P33 -> 20107275 | R33: =F33*P33 -> 20107275
B34: Chuyển hướng dọc 90 độ máng cáp WxH=(200x50)mm | C34: Cái | D34: 5 | F34: 5 | G34: Chuyển hướng dọc 90 độ máng cáp 200x50mm, dày 1.5mm, mạ kẽm nhúng nóng bao gồm nắp | I34: Eusduct | J34: Việt Nam | K34: 378162.79 | L34: 0 | M34: 57892.725 | N34: 39191.97 | O34: 27434.379 | P34: =SUM(K34:O34) -> 502681.87 | Q34: =D34*P34 -> 2513409.3 | R34: =F34*P34 -> 2513409.3
B35: Tê nối máng cáp WxH=(200x50)mm | C35: Cái | D35: 26 | F35: 26 | G35: Tê nối máng cáp 200x50mm, dày 1.5mm, mạ kẽm nhúng nóng bao gồm nắp | I35: Eusduct | J35: Việt Nam | K35: 449043.84 | L35: 0 | M35: 86839.088 | N35: 48139.275 | O35: 33697.493 | P35: =SUM(K35:O35) -> 617719.7 | Q35: =D35*P35 -> 16060712 | R35: =F35*P35 -> 16060712
A36: 5 | B36: Máng cáp kim loại WxH-150x50mm | C36: m | D36: 1724.49 | F36: 1724.49 | G36: Máng cáp 150x50mm, dày 1.5mm, mạ kẽm nhúng nóng bao gồm nắp | I36: Eusduct | J36: Việt Nam | K36: 307281.74 | L36: 0 | M36: 55645.763 | N36: 32607.444 | O36: 22825.211 | P36: =SUM(K36:O36) -> 418360.16 | Q36: =D36*P36 -> 7.2145792e+08 | R36: =F36*P36 -> 7.2145792e+08
B37: Tê nối máng cáp WxH=(150x50)mm | C37: Cái | D37: 20 | F37: 20 | G37: Tê nối máng cáp 150x50mm, dày 1.5mm, mạ kẽm nhúng nóng bao gồm nắp | I37: Eusduct | J37: Việt Nam | K37: 336913.42 | L37: 0 | M37: 77506.599 | N37: 37211.551 | O37: 26048.086 | P37: =SUM(K37:O37) -> 477679.65 | Q37: =D37*P37 -> 9553593 | R37: =F37*P37 -> 9553593
B38: Chuyển hướng ngang 90 độ máng cáp WxH=(150x50)mm | C38: Cái | D38: 89 | F38: 89 | G38: Chuyển hướng ngang 90 độ máng cáp 150x50mm, dày 1.5mm, mạ kẽm nhúng nóng bao gồm nắp | I38: Eusduct | J38: Việt Nam | K38: 277780.61 | L38: 0 | M38: 51671.066 | N38: 29597.941 | O38: 20718.559 | P38: =SUM(K38:O38) -> 379768.17 | Q38: =D38*P38 -> 33799367 | R38: =F38*P38 -> 33799367
B39: Chuyển hướng dọc 90 độ máng cáp WxH=(150x50)mm | C39: Cái | D39: 19 | F39: 19 | G39: Chuyển hướng dọc 90 độ máng cáp 150x50mm, dày 1.5mm, mạ kẽm nhúng nóng bao gồm nắp | I39: Eusduct | J39: Việt Nam | K39: 277780.61 | L39: 0 | M39: 51671.066 | N39: 29597.941 | O39: 20718.559 | P39: =SUM(K39:O39) -> 379768.17 | Q39: =D39*P39 -> 7215595.3 | R39: =F39*P39 -> 7215595.3
B40: Thang cáp WxH=(400x50)mm | C40: m | D40: 66 | F40: 66 | G40: Thang cáp 400x50mm, dày 2.0mm, mạ kẽm nhúng nóng không bao gồm nắp | I40: Eusduct | J40: Việt Nam | K40: 245407.68 | L40: 0 | M40: 59240.25 | N40: 27351.3 | O40: 19145.91 | P40: =SUM(K40:O40) -> 351145.14 | Q40: =D40*P40 -> 23175579 | R40: =F40*P40 -> 23175579
B41: Chuyển hướng ngang 90 độ thang cáp WxH=(400x50)mm | C41: Cái | D41: 4 | F41: 4 | G41: Chuyển hướng ngang 90 độ thang cáp 400x50mm, dày 2.0mm, mạ kẽm nhúng nóng không bao gồm nắp | I41: Eusduct | J41: Việt Nam | K41: 418628.95 | L41: 0 | M41: 55008.804 | N41: 42582.356 | O41: 29807.649 | P41: =SUM(K41:O41) -> 546027.76 | Q41: =D41*P41 -> 2184111 | R41: =F41*P41 -> 2184111
B42: Chuyển hướng dọc 90 độ thang cáp WxH=(400x50)mm | C42: Cái | D42: 1 | F42: 1 | G42: Chuyển hướng dọc 90 độ thang cáp 400x50mm, dày 2.0mm, mạ kẽm nhúng nóng không bao gồm nắp | I42: Eusduct | J42: Việt Nam | K42: 418628.95 | L42: 0 | M42: 55008.804 | N42: 42582.356 | O42: 29807.649 | P42: =SUM(K42:O42) -> 546027.76 | Q42: =D42*P42 -> 546027.76 | R42: =F42*P42 -> 546027.76
B43: Tê nối thang cáp WxH=(400x50)mm | C43: Cái | D43: 3 | F43: 3 | G43: Tê nối thang cáp 400x50mm, dày 2.0mm, mạ kẽm nhúng nóng không bao gồm nắp | I43: Eusduct | J43: Việt Nam | K43: 430116.12 | L43: 0 | M43: 82513.205 | N43: 46051.254 | O43: 32235.878 | P43: =SUM(K43:O43) -> 590916.46 | Q43: =D43*P43 -> 1772749.4 | R43: =F43*P43 -> 1772749.4
A44: 6 | B44: Thanh đỡ thép L50x50x5 | C44: m | D44: 578.64625 | F44: 578.64625 | G44: Mạ kẽm nhúng nóng | J44: Việt Nam | K44: 142308 | L44: 0 | M44: 34644.8 | N44: 14996 | O44: 10497.2 | P44: =SUM(K44:O44) -> 202446 | Q44: =D44*P44 -> 1.1714462e+08 | R44: =F44*P44 -> 1.1714462e+08
A45: 7 | B45: Ti treo thép M12 | C45: m | D45: 2614 | F45: 2614 | G45: Mạ kẽm điện phân | J45: Việt Nam | K45: 17700 | L45: 0 | M45: 6419.2 | N45: 2044 | O45: 1430.8 | P45: =SUM(K45:O45) -> 27594 | Q45: =D45*P45 -> 72130716 | R45: =F45*P45 -> 72130716
A46: 8 | B46: Vật tư phụ hoàn thiện toàn bộ hệ thống | C46: Lô | D46: 1 | F46: 1 | J46: Asia | K46: 62229061 | L46: 0 | M46: 22990447 | N46: 7221992.1 | O46: 5055394.5 | P46: =SUM(K46:O46) -> 97496894 | Q46: =D46*P46 -> 97496894 | R46: =F46*P46 -> 97496894
A47: IV | B47: Hệ thống nối đất thông tin
A48: 1 | B48: Tấm nối đất (150x50x5)mm | C48: cái | D48: 19 | F48: 19 | G48: Thanh bar tiếp địa KT: 350x100x6mm | H48: GBPGSS-6D | I48: Kumwell | J48: Thailand | K48: 2531200 | L48: 0 | M48: 50850 | N48: 228500 | O48: 159950 | P48: =SUM(K48:O48) -> 2970500 | Q48: =D48*P48 -> 56439500 | R48: =F48*P48 -> 56439500
A49: 2 | B49: Dây nối đất Cu/PVC (1x16)mm2 | C49: m | D49: 284 | F49: 284 | G49: Cu/PVC 1x16mm2, 0.6/1kV | I49: Taisin | J49: Việt Nam | K49: 54275.983 | L49: 0 | M49: 7437.1385 | N49: 5637.6018 | O49: 3946.3213 | P49: =SUM(K49:O49) -> 71297.045 | Q49: =D49*P49 -> 20248361 | R49: =F49*P49 -> 20248361
A50: B | B50: Phát sinh ngoài KLMT Nhà thầu bổ sung | Q50: =SUBTOTAL(9,Q51:Q54) -> 0 | R50: =SUBTOTAL(9,R51:R54) -> 0
B51: Nhà thầu bổ sung công việc 1
B52: Nhà thầu bổ sung công việc 2
B53: Nhà thầu bổ sung công việc 3
B54: ….......................
A55: C | B55: TỔNG CỘNG TRƯỚC VAT: C = A + B | Q55: =Q9+Q50 -> 2.4590214e+09 | R55: =R9+R50 -> 2.4590214e+09

Sheet 3. HT CTN
A1: Dự án: TOÀ NHÀ HỖN HỢP HACOM MALL
A2: Gói thầu: CUNG CẤP VTTB VÀ THI CÔNG LẮP ĐẶT HỆ THỐNG CƠ ĐIỆN
A3: Hạng mục: HỆ THỐNG CẤP THOÁT NƯỚC
A5: KHỐI LƯỢNG MỜI THẦU | F5: CÔNG TY TNHH XÂY LẮP VÀ THƯƠNG MẠI LINH ANH
A6: STT | B6: Diễn giải | C6: Đơn vị | D6: KL Mời thầu Lần 2 | E6: Ghi chú | F6: KL Nhà thầu chào | G6: THÔNG TIN VỀ VẬT LIỆU CHÍNH | K6: ĐƠN GIÁ (chưa bao gồm VAT) | Q6: Thành tiền BOQ | S6: Ghi chú
G7: Mô tả/ Quy cách | H7: Mã hiệu | I7: Thương hiệu | J7: Xuất xứ | K7: VL chính | L7: VL phụ | M7: NC&M | N7: CF quản lý | O7: Lợi nhuận | P7: ĐG tổng hợp | Q7: Thành tiền KLMT | R7: Thành tiền Nhà thầu chào
A8: 1 | B8: 2 | C8: 3 | D8: 4 | F8: 6 | G8: 7 | H8: 8 | I8: 9 | J8: 10 | K8: 11 | L8: 12 | M8: 13 | N8: 14 | O8: 15 | P8: 16=11+12+13+14+15 | Q8: 17=4*16 | R8: 18=6*16 | S8: 19
A9: A | B9: ĐẦU MỤC CÔNG VIỆC THEO KLMT | Q9: =SUBTOTAL(9,Q10:Q813) -> 2.8952308e+10 | R9: =SUBTOTAL(9,R10:R813) -> 2.8952308e+10
A10: I | B10: Phần thiết bị + phụ kiện chính
A11: 1 | B11: Bơm thoát nước sàn hầm ( thông số 1 bơm Q=12m3/h. H=15m, N=2,5KW), ( bao gồm phụ kiện : khớp nối nhanh, xích kéo, thanh dẫn hướng…) | C11: Cụm | D11: 3 | E11: Bơm thả chìm, nguyên cụm (bao gồm 02 bơm) | F11: 3 | G11: Bơm chìm nước thải Q=12m3/h, H=15m, 1.5kW, 380V/3P/50Hz, 2Pole, Thân và cánh gang, trục thép không gỉ Bao gồm khớp nối nhanh chính hãng, xích kéo và thanh dẫn hướng Việt Nam, van phao điện Mac3 Italia… | H11: FAG 50C 20.30/15 | I11: Wilo | J11: China | K11: 48249320 | L11: 3604500 | M11: 2825000 | N11: 4934400 | O11: 3454080 | P11: =SUM(K11:O11) -> 63067300 | Q11: =D11*P11 -> 189201900 | R11: =F11*P11 -> 189201900
A12: 2 | B12: Bơm hố pít thang máy ( thông số 1 bơm Q=10m3/h. H=15m, N=1,5KW), ( bao gồm phụ kiện : khớp nối nhanh, xích kéo, thanh dẫn hướng…) | C12: Cụm | D12: 2 | E12: Bơm thả chìm, nguyên cụm (bao gồm 02 bơm) | F12: 2 | G12: Bơm chìm nước thải Q=10m3/h, H=15m, 1.5kW, 380V/3P/50Hz, 2Pole, Thân và cánh gang, trục thép không gỉ Bao gồm khớp nối nhanh chính hãng, xích kéo và thanh dẫn hướng Việt Nam, van phao điện Mac3 Italia… | H12: FAG 50C 20.30/15 | I12: Wilo | J12: China | K12: 48249320 | L12: 3604500 | M12: 2825000 | N12: 4934400 | O12: 3454080 | P12: =SUM(K12:O12) -> 63067300 | Q12: =D12*P12 -> 126134600 | R12: =F12*P12 -> 126134600
A13: 3 | B13: Bơm bể bơm trung chuyển ( thông số bơm Q=6m3/h. H=6m), ( bao gồm phụ kiện : khớp nối nhanh, xích kéo, thanh dẫn hướng…) | C13: Cụm | D13: 2 | E13: Bơm thả chìm, nguyên cụm (bao gồm 02 bơm) | F13: 2 | G13: Bơm chìm nước thải Q=6m3/h, H=6m, 0.45kW, 380V/3P/50Hz, 2Pole, Thân gang, cánh gang, trục thép không gỉ Bao gồm xích kéo và thanh dẫn hướng Việt Nam, van phao điện Mac3 Italia… | H13: FAG 50Z 11.14/4.5 | I13: Wilo | J13: China | K13: 31493280 | L13: 3604500 | M13: 2260000 | N13: 3257600 | O13: 2280320 | P13: =SUM(K13:O13) -> 42895700 | Q13: =D13*P13 -> 85791400 | R13: =F13*P13 -> 85791400
A14: 4 | B14: Bơm cấp nước lên mái khối A ( thông số 1 bơm Q=40m3/h. H=130m, N=22KW), ( bao gồm phụ kiện ) | C14: Cụm | D14: 1 | E14: Bơm trục đứng, đa tầng cánh, nguyên cụm (bao gồm 02 bơm) | F14: 1 | G14: Bơm cấp nước ly tâm, trục đứng, đa tầng cánh, Q=40m3/h, H=130m, 22kW, 380V/3P/50Hz, 2Pole, Thân gang, cánh và trục thép không gỉ | H14: Helix FIRST V 3608-5/25/E/KS/400-50 | I14: Wilo | J14: China | K14: 282632000 | L14: 0 | M14: 9887500 | N14: 28315000 | O14: 19820500 | P14: =SUM(K14:O14) -> 340655000 | Q14: =D14*P14 -> 340655000 | R14: =F14*P14 -> 340655000
A15: 5 | B15: Bơm cấp nước lên mái khối B ( thông số 1 bơm Q=40m3/h. H=120m, N=22KW), ( bao gồm phụ kiện ) | C15: Cụm | D15: 1 | E15: Bơm trục đứng, đa tầng cánh, nguyên cụm (bao gồm 02 bơm) | F15: 1 | G15: Bơm cấp nước ly tâm, trục đứng, đa tầng cánh, Q=40m3/h, H=120m, 22kW, 380V/3P/50Hz, 2Pole, Thân gang, cánh và trục thép không gỉ | H15: Helix FIRST V 3607-5/25/E/KS/400-50 | I15: Wilo | J15: China | K15: 264462800 | L15: 0 | M15: 9887500 | N15: 26551000 | O15: 18585700 | P15: =SUM(K15:O15) -> 319487000 | Q15: =D15*P15 -> 319487000 | R15: =F15*P15 -> 319487000
A16: 6 | B16: Bơm biến tần tăng áp khối đế (thông số 1 bơm Q=40m3/h. H=56m,N=11KW), ( bao gồm phụ kiện ) | C16: Cụm | D16: 1 | E16: Bơm trục đứng, đa tầng cánh, nguyên cụm (bao gồm 02 bơm) | F16: 1 | G16: Bơm tăng áp ly tâm, trục ngang, Q=2x40m3/h, H=56m, 11kW, 380V/3P/50Hz, 2Pole, Thân, cánh và trục thép không gỉ Tủ điện điều khiển bơm bằng biến tần, TBĐC: Schneider, phụ kiện cấu thành nguyên cụm được sản xuất và lắp ráp nguyên cụm tại Việt Nam | H16: SIBOOST-B-2-HELIX V3604/2-VRS-N | I16: Wilo | J16: China | K16: 328055000 | L16: 0 | M16: 6780000 | N16: 32450000 | O16: 22715000 | P16: =SUM(K16:O16) -> 390000000 | Q16: =D16*P16 -> 390000000 | R16: =F16*P16 -> 390000000
A17: 7 | B17: Bơm biến tần tăng áp mái khối A (thông số 1 bơm Q=27m3/h. H=25m,N=3.7KW), ( bao gồm phụ kiện ) | C17: Cụm | D17: 1 | E17: Bơm trục đứng, đa tầng cánh, nguyên cụm (bao gồm 02 bơm) | F17: 1 | G17: Bơm tăng áp ly tâm, trục ngang, Q=2x27m3/h, H=25m, 4kW, 380V/3P/50Hz, 2Pole, Thân, cánh và trục thép không gỉ Tủ điện điều khiển bơm bằng biến tần, TBĐC: Schneider, phụ kiện cấu thành nguyên cụm được sản xuất và lắp ráp nguyên cụm tại Việt Nam | H17: SIBOOST-B-2-HELIX V2203-VRS-N | I17: Wilo | J17: China | K17: 272538000 | L17: 0 | M17: 5650000 | N17: 26960000 | O17: 18872000 | P17: =SUM(K17:O17) -> 324020000 | Q17: =D17*P17 -> 324020000 | R17: =F17*P17 -> 324020000
A18: 8 | B18: Bơm biến tần tăng áp mái khối B (thông số 1 bơm Q=30m3/h. H=25m,N=3.7KW), ( bao gồm phụ kiện ) | C18: Cụm | D18: 1 | E18: Bơm trục đứng, đa tầng cánh, nguyên cụm (bao gồm 02 bơm) | F18: 1 | G18: Bơm tăng áp ly tâm, trục ngang, Q=2x30m3/h, H=25m, 4kW, 380V/3P/50Hz, 2Pole, Thân, cánh và trục thép không gỉ Tủ điện điều khiển bơm bằng biến tần, TBĐC: Schneider, phụ kiện cấu thành nguyên cụm được sản xuất và lắp ráp nguyên cụm tại Việt Nam | H18: SIBOOST-B-2-HELIX V2203-VRS-N | I18: Wilo | J18: China | K18: 272538000 | L18: 0 | M18: 5650000 | N18: 26960000 | O18: 18872000 | P18: =SUM(K18:O18) -> 324020000 | Q18: =D18*P18 -> 324020000 | R18: =F18*P18 -> 324020000
A19: 9 | B19: Bình tích áp 500L (bao gồm đồng hồ đo áp, công tắc áp lực liên động bơm tăng áp), ( bao gồm phụ kiện) | C19: Cụm | D19: 3 | F19: 3 | K19: 0 | L19: 0 | M19: 0 | N19: 0 | O19: 0 | P19: =SUM(K19:O19) -> 0 | Q19: =D19*P19 -> 0 | R19: =F19*P19 -> 0 | S19: Đã bao gồm trong cụm bơm tăng áp
A20: 10 | B20: Cụm đồng hồ nước DN100 (gồm 01 đồng hồ, 02 van bướm, 01 mối nối mềm) | C20: Cụm | D20: 1 | F20: 1 | G20: Đồng hồ đo nước thân gang, nối bích + Van bướm tay gạt, nối kẹp + Khớp nối mềm inox, nối bích | H20: OMF.100 + FSB.16 + FSSEF.16 | I20: Omega + Flowsure + Flowsure | J20: China | K20: 9741740 | L20: 0 | M20: 1016322 | N20: 1035740 | O20: 725018 | P20: =SUM(K20:O20) -> 12518820 | Q20: =D20*P20 -> 12518820 | R20: =F20*P20 -> 12518820 | S20: PN16
A21: 11 | B21: Cụm đồng hồ nước DN80 (gồm 01 đồng hồ, 02 van khóa, kèm phụ kiện) | C21: Cụm | D21: 1 | F21: 1 | G21: Đồng hồ đo nước thân gang, nối bích + Van cổng ty chìm, nối bích + Khớp nối mềm inox, nối bích | H21: OMF.80 + FSB.16 + FSSEF.16 | I21: Omega + Flowsure + Flowsure | J21: China | K21: 9367850 | L21: 0 | M21: 965472 | N21: 994940 | O21: 696458 | P21: =SUM(K21:O21) -> 12024720 | Q21: =D21*P21 -> 12024720 | R21: =F21*P21 -> 12024720 | S21: PN16
A22: 12 | B22: Cụm đồng hồ nước DN50 (gồm 01 đồng hồ, 02 van khóa, kèm phụ kiện) | C22: Cụm | D22: 2 | F22: 2 | G22: Đồng hồ đo nước thân đồng, nối ren + Van cổng đồng thau, nối ren | H22: OM.T01 + FSGT.16 | I22: Omega + Flowsure | J22: China | K22: 5085110 | L22: 0 | M22: 316219.2 | N22: 521684 | O22: 365178.8 | P22: =SUM(K22:O22) -> 6288192 | Q22: =D22*P22 -> 12576384 | R22: =F22*P22 -> 12576384 | S22: PN16
A23: 13 | B23: Cụm đồng hồ nước DN40 (gồm 01 đồng hồ, 02 van khóa, kèm phụ kiện) | C23: Cụm | D23: 5 | F23: 5 | G23: Đồng hồ đo nước thân đồng, nối ren + Van cổng đồng thau, nối ren | H23: OM.T01 + FSGT.16 | I23: Omega + Flowsure | J23: China | K23: 2787180 | L23: 0 | M23: 256012.8 | N23: 293256 | O23: 205279.2 | P23: =SUM(K23:O23) -> 3541728 | Q23: =D23*P23 -> 17708640 | R23: =F23*P23 -> 17708640 | S23: PN16
A24: 14 | B24: Cụm đồng hồ nước DN32 (gồm 01 đồng hồ, 02 van khóa, kèm phụ kiện) | C24: Cụm | D24: 2 | F24: 2 | G24: Đồng hồ đo nước thân đồng, nối ren + Van cổng đồng thau, nối ren | H24: OM.T01 + FSGT.16 | I24: Omega + Flowsure | J24: China | K24: 1776750 | L24: 0 | M24: 210993.6 | N24: 191172 | O24: 133820.4 | P24: =SUM(K24:O24) -> 2312736 | Q24: =D24*P24 -> 4625472 | R24: =F24*P24 -> 4625472 | S24: PN16
A25: 15 | B25: Cụm đồng hồ nước DN25 (gồm 01 đồng hồ, 02 van khóa, kèm phụ kiện) | C25: Cụm | D25: 6 | F25: 6 | G25: Đồng hồ đo nước thân đồng, nối ren + Van cổng đồng thau, nối ren | H25: OM.T01 + FSGT.16 | I25: Omega + Flowsure | J25: China | K25: 1562510 | L25: 0 | M25: 150787.2 | N25: 165044 | O25: 115530.8 | P25: =SUM(K25:O25) -> 1993872 | Q25: =D25*P25 -> 11963232 | R25: =F25*P25 -> 11963232 | S25: PN16
A26: 16 | B26: Cụm đồng hồ nước DN20 (gồm 01 đồng hồ, 02 van khóa, kèm phụ kiện) | C26: Cụm | D26: 432 | F26: 432 | G26: Đồng hồ đo nước thân đồng, nối ren + Van cổng đồng thau, nối ren | H26: OM.T01 + FSGT.16 | I26: Omega + Flowsure | J26: China | K26: 1294710 | L26: 0 | M26: 135600 | N26: 137700 | O26: 96390 | P26: =SUM(K26:O26) -> 1664400 | Q26: =D26*P26 -> 719020800 | R26: =F26*P26 -> 719020800 | S26: PN16
A27: 17 | B27: Cụm đồng hồ nước DN15 (gồm 01 đồng hồ, 02 van khóa, kèm phụ kiện) | C27: Cụm | D27: 84 | F27: 84 | G27: Đồng hồ đo nước thân đồng, nối ren + Van cổng đồng thau, nối ren | H27: OM.T01 + FSGT.16 | I27: Omega + Flowsure | J27: China | K27: 1063990 | L27: 0 | M27: 120412.8 | N27: 113956 | O27: 79769.2 | P27: =SUM(K27:O27) -> 1378128 | Q27: =D27*P27 -> 115762752 | R27: =F27*P27 -> 115762752 | S27: PN16
A28: 18 | B28: Cảm biến mực nước | C28: Cái | D28: 6 | F28: 6 | G28: Công tắc mực nước 3 cực | H28: 61F-GAP | I28: Omron | J28: Japan + China | K28: 6553890 | L28: 0 | M28: 164528 | N28: 650860 | O28: 455602 | P28: =SUM(K28:O28) -> 7824880 | Q28: =D28*P28 -> 46949280 | R28: =F28*P28 -> 46949280
A29: 19 | B29: Van búa nước DN80 | C29: Cái | D29: 2 | E29: PN25 | F29: 2 | G29: Van búa nước, nối bích | H29: FSWH.20 | I29: Flowsure | J29: China | K29: 9487330 | L29: 0 | M29: 289641.6 | N29: 946732 | O29: 662712.4 | P29: =SUM(K29:O29) -> 11386416 | Q29: =D29*P29 -> 22772832 | R29: =F29*P29 -> 22772832 | S29: PN20
A30: 20 | B30: Van chống va xả áp lực dư DN80 | C30: Cái | D30: 2 | E30: PN25 | F30: 2 | G30: Van xả áp, nối bích | H30: FSQR.25 | I30: Flowsure | J30: China | K30: 21508460 | L30: 0 | M30: 289641.6 | N30: 2113832 | O30: 1479682.4 | P30: =SUM(K30:O30) -> 25391616 | Q30: =D30*P30 -> 50783232 | R30: =F30*P30 -> 50783232 | S30: PN25
A31: 21 | B31: Van phao cơ DN100 | C31: Cái | D31: 2 | E31: PN16 | F31: 2 | G31: Van phao, nối bích | H31: FSFL.16 | I31: Flowsure | J31: China | K31: 10708910 | L31: 0 | M31: 203264.4 | N31: 1057688 | O31: 740381.6 | P31: =SUM(K31:O31) -> 12710244 | Q31: =D31*P31 -> 25420488 | R31: =F31*P31 -> 25420488 | S31: PN16
A32: 22 | B32: Van xả khí tự động DN25 | C32: Cái | D32: 9 | F32: 9 | G32: Van xả khí đồng thau, nối ren | H32: F.725.16 | I32: Flowsure | J32: China | K32: 438780 | L32: 0 | M32: 56545.2 | N32: 47604 | O32: 33322.8 | P32: =SUM(K32:O32) -> 576252 | Q32: =D32*P32 -> 5186268 | R32: =F32*P32 -> 5186268 | S32: PN16
A33: 23 | B33: Cụm van giảm áp DN100 (gồm 4 van khóa, 02 van giảm áp) | C33: Cụm | D33: 1 | E33: PN16 | F33: 1 | G33: Van cổng ty chìm, nối bích + Khớp nối mềm inox, nối bích + Van giảm áp, nối bích | H33: FSNG.16 + FSSEF.16 + FSPR.16 | I33: Flowsure | J33: China | K33: 32889960 | L33: 0 | M33: 1829379.6 | N33: 3355092 | O33: 2348564.4 | P33: =SUM(K33:O33) -> 40422996 | Q33: =D33*P33 -> 40422996 | R33: =F33*P33 -> 40422996 | S33: PN16
A34: 24 | B34: Cụm van giảm áp DN80 (gồm 4 van khóa, 02 van giảm áp) | C34: Cụm | D34: 5 | E34: PN16 | F34: 5 | G34: Van cổng ty chìm, nối bích + Khớp nối mềm inox, nối bích + Van giảm áp, nối bích | H34: FSNG.16 + FSSEF.16 + FSPR.16 | I34: Flowsure | J34: China | K34: 28912100 | L34: 0 | M34: 1737849.6 | N34: 2960792 | O34: 2072554.4 | P34: =SUM(K34:O34) -> 35683296 | Q34: =D34*P34 -> 178416480 | R34: =F34*P34 -> 178416480 | S34: PN16
A35: 25 | B35: Cảm biến áp suất | C35: Cái | D35: 2 | F35: 2 | G35: Công tắc áp suất kèm van bi tay gạt Việt Nam, áp lực làm việc PN2-PN14 | H35: KP36 | I35: Danfoss | J35: India | K35: 2656370 | L35: 0 | M35: 164528 | N35: 272460 | O35: 190722 | P35: =SUM(K35:O35) -> 3284080 | Q35: =D35*P35 -> 6568160 | R35: =F35*P35 -> 6568160
A36: 26 | B36: Cửa thăm | C36: Cái | D36: 1 | F36: 1 | S36: Thuộc phạm vi Nhà thầu xây dựng
A37: 27 | B37: Cửa thăm vuông có bản lề hapulico hoặc tương đương | C37: Cái | D37: 6 | F37: 6 | S37: Thuộc phạm vi Nhà thầu xây dựng
A38: 28 | B38: Tấm ghi đậy rãnh B300, KN12,5 | C38: m | D38: 16 | F38: 16 | S38: Thuộc phạm vi Nhà thầu xây dựng
A39: 29 | B39: Bể Inox lắp ghép mái tháp B 32m3 (AxBxH=4x4x2.5) | C39: Cái | D39: 1 | F39: 1 | G39: Bể Inox 304 lắp ghép - Kích thước: D4.0(2.0+2.0) x R4.0 x C2.5 (m); - Dung tích bể: 32m3; - Chia ngăn: Không chia ngăn; - Trọng lượng: Khoảng 1.8 tấn; - Vật liệu: Inox SUS 304; Tấm panel đáy bể dày 3.0mm dập chỏm cầu tăng cứng tại nhà máy, quy cách giống tấm thành và nóc, tấm panel thành 1 (1000x500) dày 2.5mm; Tấm panel thành 2 dày 2.0mm; thành 3 dày 1.5mm; Tấm móc bể dày 1.2mm; Sản xuất theo tiêu chuẩn JIS G4305:2012/ASTM-A240; Hệ giằng, chống trong bể V30x2.0-2.5mm; Hệ U100x45x4.0 chấn mạ kẽm nhúng nóng, lắp đặt bằng bulong mạ kẽm; - Sản xuất theo tiêu chuẩn hệ thống ISO 9001:2015; - Phương pháp lắp đặt: Hàn TIG tại hiện trường. | I39: Sơn Hà | J39: Việt Nam | K39: 304880000 | L39: 0 | M39: 12430000 | N39: 30700000 | O39: 21490000 | P39: =SUM(K39:O39) -> 369500000 | Q39: =D39*P39 -> 369500000 | R39: =F39*P39 -> 369500000
A40: 30 | B40: Bể Inox lắp ghép mái tháp A 36m3 (AxBxH=6x3x2.5) | C40: Cái | D40: 1 | F40: 1 | G40: Bể Inox 304 lắp ghép - Kích thước: D6.0(3.0+3.0) x R3.0 x C2.5 (m); - Dung tích bể: 36m3; - Chia ngăn: Không chia ngăn; - Trọng lượng: Khoảng 2.2 tấn; - Vật liệu: Inox SUS 304; Tấm panel đáy bể dày 3.0mm dập chỏm cầu tăng cứng tại nhà máy, quy cách giống tấm thành và nóc, tấm panel thành 1 (1000x500) dày 2.5mm; Tấm panel thành 2 dày 2.0mm; thành 3 dày 1.5mm; Tấm móc bể dày 1.2mm; Sản xuất theo tiêu chuẩn JIS G4305:2012/ASTM-A240; Hệ giằng, chống trong bể V30x2.0-2.5mm; Hệ U100x45x4.0 chấn mạ kẽm nhúng nóng, lắp đặt bằng bulong mạ kẽm; - Sản xuất theo tiêu chuẩn hệ thống ISO 9001:2015; - Phương pháp lắp đặt: Hàn TIG tại hiện trường. | I40: Sơn Hà | J40: Việt Nam | K40: 323832000 | L40: 0 | M40: 13560000 | N40: 32640000 | O40: 22848000 | P40: =SUM(K40:O40) -> 392880000 | Q40: =D40*P40 -> 392880000 | R40: =F40*P40 -> 392880000
A41: 31 | B41: Nắp ghi gang ga thu sàn 400x600 | C41: Cái | D41: 10 | F41: 10 | S41: Thuộc phạm vi Nhà thầu xây dựng
A42: 32 | B42: Hộp đồng hồ tổng | C42: Cái | D42: 1 | F42: 1 | S42: Thuộc phạm vi Nhà thầu xây dựng
A43: II | B43: Phần cấp nước mặt bằng + trục đứng
A44: I | B44: Cấp Nước/Supply Water
A45: 1 | B45: Ống thép mạ kẽm nhúng nóng (SCH10)
B46: DN200 | C46: m | D46: 3 | F46: 3 | G46: Ống inox CN tròn 304 D219.08 dày 3.5mm, SCH10s theo tiêu chuẩn ASTM A312 | I46: Sơn Hà | J46: Việt Nam | K46: 1789694 | L46: 0 | M46: 234106.62 | N46: 179097.4 | O46: 125368.18 | P46: =SUM(K46:O46) -> 2328266.2 | Q46: =D46*P46 -> 6984798.6 | R46: =F46*P46 -> 6984798.6
B47: DN150 | C47: m | D47: 20 | E47: inox 304 | F47: 20 | G47: Ống inox CN tròn 304 D168.28 dày 3.4mm, SCH10s theo tiêu chuẩn ASTM A312 | I47: Sơn Hà | J47: Việt Nam | K47: 1286053 | L47: 0 | M47: 185427.35 | N47: 130219.5 | O47: 91153.65 | P47: =SUM(K47:O47) -> 1692853.5 | Q47: =D47*P47 -> 33857070 | R47: =F47*P47 -> 33857070
B48: DN125 | C48: m | D48: 8 | E48: inox 304 | F48: 8 | G48: Ống inox CN tròn 304 D141.3 dày 3.4mm, SCH10s theo tiêu chuẩn ASTM A312 | I48: Sơn Hà | J48: Việt Nam | K48: 1077003 | L48: 0 | M48: 153383.94 | N48: 108883.8 | O48: 76218.66 | P48: =SUM(K48:O48) -> 1415489.4 | Q48: =D48*P48 -> 11323915 | R48: =F48*P48 -> 11323915
B49: DN100 | C49: m | D49: 27 | E49: inox 304 | F49: 27 | G49: Ống inox CN tròn 304 D114.3 dày 3.0mm, SCH10s theo tiêu chuẩn ASTM A312 | I49: Sơn Hà | J49: Việt Nam | K49: 767609 | L49: 0 | M49: 131211.08 | N49: 79541.6 | O49: 55679.12 | P49: =SUM(K49:O49) -> 1034040.8 | Q49: =D49*P49 -> 27919102 | R49: =F49*P49 -> 27919102
B50: DN80 | C50: m | D50: 510 | E50: inox 304 | F50: 510 | G50: Ống inox CN tròn 304 D88.9 dày 3.0mm, SCH10s theo tiêu chuẩn ASTM A312 | I50: Sơn Hà | J50: Việt Nam | K50: 631557 | L50: 0 | M50: 115980.94 | N50: 66153.8 | O50: 46307.66 | P50: =SUM(K50:O50) -> 859999.4 | Q50: =D50*P50 -> 4.3859969e+08 | R50: =F50*P50 -> 4.3859969e+08
A51: 2 | B51: Ống PPR PN10 / Pipe PPR PN10
B52: D110 | C52: m | D52: 81.316 | E52: PPR PN10 | F52: 81.316 | G52: Ống PPR D110 x 10mm, PN10 | I52: Đệ Nhất | J52: Việt Nam | K52: 191715.8 | L52: 0 | M52: 59325 | N52: 22216 | O52: 15551.2 | P52: =SUM(K52:O52) -> 288808 | Q52: =D52*P52 -> 23484711 | R52: =F52*P52 -> 23484711
B53: D90 | C53: m | D53: 36 | E53: PPR PN10 | F53: 36 | G53: Ống PPR D90 x 8.2mm, PN10 | I53: Đệ Nhất | J53: Việt Nam | K53: 119793.56 | L53: 0 | M53: 49073.64 | N53: 14944 | O53: 10460.8 | P53: =SUM(K53:O53) -> 194272 | Q53: =D53*P53 -> 6993792 | R53: =F53*P53 -> 6993792
B54: D63 | C54: m | D54: 238 | E54: PPR PN10 | F54: 238 | G54: Ống PPR D63 x 5.8mm, PN10 | I54: Đệ Nhất | J54: Việt Nam | K54: 59013.12 | L54: 0 | M54: 39907.08 | N54: 8754 | O54: 6127.8 | P54: =SUM(K54:O54) -> 113802 | Q54: =D54*P54 -> 27084876 | R54: =F54*P54 -> 27084876
B55: D50 | C55: m | D55: 161 | E55: PPR PN10 | F55: 161 | G55: Ống PPR D50 x 4.6mm, PN10 | I55: Đệ Nhất | J55: Việt Nam | K55: 37113.72 | L55: 0 | M55: 34876.32 | N55: 6370.8 | O55: 4459.56 | P55: =SUM(K55:O55) -> 82820.4 | Q55: =D55*P55 -> 13334084 | R55: =F55*P55 -> 13334084
B56: D40 | C56: m | D56: 228.828 | E56: PPR PN10 | F56: 228.828 | G56: Ống PPR D40 x 3.7mm, PN10 | I56: Đệ Nhất | J56: Việt Nam | K56: 25318.78 | L56: 0 | M56: 32991.48 | N56: 5160.2 | O56: 3612.14 | P56: =SUM(K56:O56) -> 67082.6 | Q56: =D56*P56 -> 15350377 | R56: =F56*P56 -> 15350377
B57: D32 | C57: m | D57: 10702 | E57: PPR PN10 | F57: 10702 | G57: Ống PPR D32 x 2.9mm, PN10 | I57: Đệ Nhất | J57: Việt Nam | K57: 18864.22 | L57: 0 | M57: 29520.12 | N57: 4281.8 | O57: 2997.26 | P57: =SUM(K57:O57) -> 55663.4 | Q57: =D57*P57 -> 5.9570971e+08 | R57: =F57*P57 -> 5.9570971e+08
B58: D25 | C58: m | D58: 3003 | E58: PPR PN10 | F58: 3003 | G58: Ống PPR D25 x 2.8mm, PN10 | I58: Đệ Nhất | J58: Việt Nam | K58: 14561.18 | L58: 0 | M58: 28109.88 | N58: 3776.2 | O58: 2643.34 | P58: =SUM(K58:O58) -> 49090.6 | Q58: =D58*P58 -> 1.4741907e+08 | R58: =F58*P58 -> 1.4741907e+08
B59: D20 | C59: m | D59: 1139.889 | E59: PPR PN10 | F59: 1139.889 | G59: Ống PPR D20 x 2.3mm, PN10 | I59: Đệ Nhất | J59: Việt Nam | K59: 8145.04 | L59: 0 | M59: 25831.8 | N59: 3006.8 | O59: 2104.76 | P59: =SUM(K59:O59) -> 39088.4 | Q59: =D59*P59 -> 44556437 | R59: =F59*P59 -> 44556437
A60: 3 | B60: Ống PPR PN16 / Pipe PPR PN16
B61: D140 | C61: m | D61: 32.84 | E61: PPR PN16 | F61: 32.84 | G61: Ống PPR D140 x 19.2mm, PN16 | I61: Đệ Nhất | J61: Việt Nam | K61: 352734.02 | L61: 0 | M61: 70261.14 | N61: 37433.2 | O61: 26203.24 | P61: =SUM(K61:O61) -> 486631.6 | Q61: =D61*P61 -> 15980982 | R61: =F61*P61 -> 15980982
B62: D110 | C62: m | D62: 189.391 | E62: PPR PN16 | F62: 189.391 | G62: Ống PPR D110 x 15.1mm, PN16 | I62: Đệ Nhất | J62: Việt Nam | K62: 223527.56 | L62: 0 | M62: 59325 | N62: 25031.2 | O62: 17521.84 | P62: =SUM(K62:O62) -> 325405.6 | Q62: =D62*P62 -> 61628892 | R62: =F62*P62 -> 61628892
B63: D90 | C63: m | D63: 173.157 | E63: PPR PN16 | F63: 173.157 | G63: Ống PPR D90 x 12.3mm, PN16 | I63: Đệ Nhất | J63: Việt Nam | K63: 146687.56 | L63: 0 | M63: 49073.64 | N63: 17324 | O63: 12126.8 | P63: =SUM(K63:O63) -> 225212 | Q63: =D63*P63 -> 38997034 | R63: =F63*P63 -> 38997034
B64: D25 | C64: m | D64: 28 | E64: PPR PN16 | F64: 28 | G64: Ống PPR D25 x 3.5mm, PN16 | I64: Đệ Nhất | J64: Việt Nam | K64: 16751.12 | L64: 0 | M64: 28109.88 | N64: 3970 | O64: 2779 | P64: =SUM(K64:O64) -> 51610 | Q64: =D64*P64 -> 1445080 | R64: =F64*P64 -> 1445080
A65: 4 | B65: Ống HDPE PN10
B66: D110 | C66: m | D66: 69.522 | E66: HDPE PN10 | F66: 69.522 | G66: Ống HDPE D110 x 6.6mm, PN10 | I66: Đệ Nhất | J66: Việt Nam | K66: 100145.12 | L66: 0 | M66: 52233.12 | N66: 13484.8 | O66: 9439.36 | P66: =SUM(K66:O66) -> 175302.4 | Q66: =D66*P66 -> 12187373 | R66: =F66*P66 -> 12187373
A67: 5 | B67: Tê PPR / Tee PPR
B68: D140/90 | C68: Cái | D68: 1 | F68: 1 | G68: Tê giảm PPR D140/110 + Nối giảm PPR D110/90 | I68: Đệ Nhất | J68: Việt Nam | K68: 366680.48 | L68: 0 | M68: 69467.88 | N68: 38597.2 | O68: 27018.04 | P68: =SUM(K68:O68) -> 501763.6 | Q68: =D68*P68 -> 501763.6 | R68: =F68*P68 -> 501763.6
B69: D110 | C69: Cái | D69: 6 | F69: 6 | G69: Tê PPR D110 | I69: Đệ Nhất | J69: Việt Nam | K69: 167626.46 | L69: 0 | M69: 63623.52 | N69: 20464.6 | O69: 14325.22 | P69: =SUM(K69:O69) -> 266039.8 | Q69: =D69*P69 -> 1596238.8 | R69: =F69*P69 -> 1596238.8
B70: D110/90 | C70: Cái | D70: 2 | F70: 2 | G70: Tê giảm PPR D110/90 | I70: Đệ Nhất | J70: Việt Nam | K70: 160634.02 | L70: 0 | M70: 63623.52 | N70: 19845.8 | O70: 13892.06 | P70: =SUM(K70:O70) -> 257995.4 | Q70: =D70*P70 -> 515990.8 | R70: =F70*P70 -> 515990.8
B71: D110/63 | C71: Cái | D71: 6 | F71: 6 | G71: Tê giảm PPR D110/63 | I71: Đệ Nhất | J71: Việt Nam | K71: 160634.02 | L71: 0 | M71: 63623.52 | N71: 19845.8 | O71: 13892.06 | P71: =SUM(K71:O71) -> 257995.4 | Q71: =D71*P71 -> 1547972.4 | R71: =F71*P71 -> 1547972.4
B72: D110-50 | C72: Cái | D72: 1 | F72: 1 | G72: Tê giảm PPR D110/63 + nối giảm PPR D63/50 | I72: Đệ Nhất | J72: Việt Nam | K72: 173389.46 | L72: 0 | M72: 63623.52 | N72: 20974.6 | O72: 14682.22 | P72: =SUM(K72:O72) -> 272669.8 | Q72: =D72*P72 -> 272669.8 | R72: =F72*P72 -> 272669.8
B73: D110-40 | C73: Cái | D73: 1 | F73: 1 | G73: Tê giảm PPR D110/63 + nối giảm PPR D63/40 | I73: Đệ Nhất | J73: Việt Nam | K73: 173389.46 | L73: 0 | M73: 63623.52 | N73: 20974.6 | O73: 14682.22 | P73: =SUM(K73:O73) -> 272669.8 | Q73: =D73*P73 -> 272669.8 | R73: =F73*P73 -> 272669.8
B74: D90 | C74: Cái | D74: 12 | F74: 12 | G74: Tê PPR D90 | I74: Đệ Nhất | J74: Việt Nam | K74: 108267.56 | L74: 0 | M74: 42849.6 | N74: 13373.2 | O74: 9361.24 | P74: =SUM(K74:O74) -> 173851.6 | Q74: =D74*P74 -> 2086219.2 | R74: =F74*P74 -> 2086219.2
B75: D90/63 | C75: Cái | D75: 37 | F75: 37 | G75: Tê giảm PPR D90/63 | I75: Đệ Nhất | J75: Việt Nam | K75: 101275.12 | L75: 0 | M75: 42849.6 | N75: 12754.4 | O75: 8928.08 | P75: =SUM(K75:O75) -> 165807.2 | Q75: =D75*P75 -> 6134866.4 | R75: =F75*P75 -> 6134866.4
B76: D63 | C76: Cái | D76: 3 | F76: 3 | G76: Tê PPR D63 | I76: Đệ Nhất | J76: Việt Nam | K76: 46449.78 | L76: 0 | M76: 33832.2 | N76: 7104.6 | O76: 4973.22 | P76: =SUM(K76:O76) -> 92359.8 | Q76: =D76*P76 -> 277079.4 | R76: =F76*P76 -> 277079.4
B77: D63/50 | C77: Cái | D77: 5 | F77: 5 | G77: Tê giảm PPR D63/50 | I77: Đệ Nhất | J77: Việt Nam | K77: 43875.64 | L77: 0 | M77: 33832.2 | N77: 6876.8 | O77: 4813.76 | P77: =SUM(K77:O77) -> 89398.4 | Q77: =D77*P77 -> 446992 | R77: =F77*P77 -> 446992
B78: D63/40 | C78: Cái | D78: 9 | F78: 9 | G78: Tê giảm PPR D63/40 | I78: Đệ Nhất | J78: Việt Nam | K78: 43875.64 | L78: 0 | M78: 33832.2 | N78: 6876.8 | O78: 4813.76 | P78: =SUM(K78:O78) -> 89398.4 | Q78: =D78*P78 -> 804585.6 | R78: =F78*P78 -> 804585.6
B79: D63/32 | C79: Cái | D79: 414 | F79: 414 | G79: Tê giảm PPR D63/32 | I79: Đệ Nhất | J79: Việt Nam | K79: 43875.64 | L79: 0 | M79: 33832.2 | N79: 6876.8 | O79: 4813.76 | P79: =SUM(K79:O79) -> 89398.4 | Q79: =D79*P79 -> 37010938 | R79: =F79*P79 -> 37010938
... B95: D25/20 | C95: Cái | D95: 11 | F95: 11 | G95: Tê giảm PPR D25/20 | I95: Đệ Nhất | J95: Việt Nam | K95: 3649.9 | L95: 0 | M95: 18183.96 | N95: 1932.2 | O95: 1352.54 | P95: =SUM(K95:O95) -> 25118.6 | Q95: =D95*P95 -> 276304.6 | R95: =F95*P95 -> 276304.6
A96: 6 | B96: Cút PPR / Elbow PPR
B97: D140 | C97: Cái | D97: 2 | F97: 2 | G97: Co90 PPR D140 | I97: Đệ Nhất | J97: Việt Nam | K97: 308128.4 | L97: 0 | M97: 46311.92 | N97: 31366.4 | O97: 21956.48 | P97: =SUM(K97:O97) -> 407763.2 | Q97: =D97*P97 -> 815526.4 | R97: =F97*P97 -> 815526.4
B98: D110 | C98: Cái | D98: 29 | F98: 29 | G98: Co90 PPR D110 | I98: Đệ Nhất | J98: Việt Nam | K98: 169393.78 | L98: 0 | M98: 42415.68 | N98: 18744.2 | O98: 13120.94 | P98: =SUM(K98:O98) -> 243674.6 | Q98: =D98*P98 -> 7066563.4 | R98: =F98*P98 -> 7066563.4
B99: D90 | C99: Cái | D99: 15 | F99: 15 | G99: Co90 PPR D90 | I99: Đệ Nhất | J99: Việt Nam | K99: 83102.46 | L99: 0 | M99: 28566.4 | N99: 9882.2 | O99: 6917.54 | P99: =SUM(K99:O99) -> 128468.6 | Q99: =D99*P99 -> 1927029 | R99: =F99*P99 -> 1927029
B100: D63 | C100: Cái | D100: 148 | F100: 148 | G100: Co90 PPR D63 | I100: Đệ Nhất | J100: Việt Nam | K100: 41263.08 | L100: 0 | M100: 22554.8 | N100: 5647.6 | O100: 3953.32 | P100: =SUM(K100:O100) -> 73418.8 | Q100: =D100*P100 -> 10865982 | R100: =F100*P100 -> 10865982
B101: D50 | C101: Cái | D101: 26 | F101: 26 | G101: Co90 PPR D50 | I101: Đệ Nhất | J101: Việt Nam | K101: 13447 | L101: 0 | M101: 20204.4 | N101: 2978 | O101: 2084.6 | P101: =SUM(K101:O101) -> 38714 | Q101: =D101*P101 -> 1006564 | R101: =F101*P101 -> 1006564
B102: D40 | C102: Cái | D102: 42 | F102: 42 | G102: Co90 PPR D40 | I102: Đệ Nhất | J102: Việt Nam | K102: 7684 | L102: 0 | M102: 16606.48 | N102: 2149.6 | O102: 1504.72 | P102: =SUM(K102:O102) -> 27944.8 | Q102: =D102*P102 -> 1173681.6 | R102: =F102*P102 -> 1173681.6
B103: D32 | C103: Cái | D103: 2533 | F103: 2533 | G103: Co90 PPR D32 | I103: Đệ Nhất | J103: Việt Nam | K103: 4687.24 | L103: 0 | M103: 14690 | N103: 1714.8 | O103: 1200.36 | P103: =SUM(K103:O103) -> 22292.4 | Q103: =D103*P103 -> 56466649 | R103: =F103*P103 -> 56466649
B104: D25 | C104: Cái | D104: 732 | F104: 732 | G104: Co90 PPR D25 | I104: Đệ Nhất | J104: Việt Nam | K104: 2689.4 | L104: 0 | M104: 12122.64 | N104: 1310.8 | O104: 917.56 | P104: =SUM(K104:O104) -> 17040.4 | Q104: =D104*P104 -> 12473573 | R104: =F104*P104 -> 12473573
B105: D20 | C105: Cái | D105: 294 | F105: 294 | G105: Co90 PPR D20 | I105: Đệ Nhất | J105: Việt Nam | K105: 1997.84 | L105: 0 | M105: 10432.16 | N105: 1100 | O105: 770 | P105: =SUM(K105:O105) -> 14300 | Q105: =D105*P105 -> 4204200 | R105: =F105*P105 -> 4204200
A106: 7 | B106: Côn thu PPR
B107: D140/90 | C107: Cái | D107: 1 | F107: 1 | G107: Nối giảm PPR D140/110 + Nối giảm PPR D110/90 | I107: Đệ Nhất | J107: Việt Nam | K107: 210118.98 | L107: 0 | M107: 46311.92 | N107: 22693 | O107: 15885.1 | P107: =SUM(K107:O107) -> 295009 | Q107: =D107*P107 -> 295009 | R107: =F107*P107 -> 295009
B108: D110/90 | C108: Cái | D108: 2 | F108: 2 | G108: Nối giảm PPR D110/90 | I108: Đệ Nhất | J108: Việt Nam | K108: 64122.98 | L108: 0 | M108: 42415.68 | N108: 9428.2 | O108: 6599.74 | P108: =SUM(K108:O108) -> 122566.6 | Q108: =D108*P108 -> 245133.2 | R108: =F108*P108 -> 245133.2
B109: D110/75 | C109: Cái | D109: 1 | F109: 1 | G109: Nối giảm PPR D110/75 | I109: Đệ Nhất | J109: Việt Nam | K109: 64122.98 | L109: 0 | M109: 42415.68 | N109: 9428.2 | O109: 6599.74 | P109: =SUM(K109:O109) -> 122566.6 | Q109: =D109*P109 -> 122566.6 | R109: =F109*P109 -> 122566.6
B110: D90/50 | C110: Cái | D110: 12 | F110: 12 | G110: Nối giảm PPR D60/50 | I110: Đệ Nhất | J110: Việt Nam | K110: 36191.64 | L110: 0 | M110: 28566.4 | N110: 5730.8 | O110: 4011.56 | P110: =SUM(K110:O110) -> 74500.4 | Q110: =D110*P110 -> 894004.8 | R110: =F110*P110 -> 894004.8
B111: D90/40 | C111: Cái | D111: 9 | F111: 9 | G111: Nối giảm PPR D90/40 | I111: Đệ Nhất | J111: Việt Nam | K111: 36191.64 | L111: 0 | M111: 28566.4 | N111: 5730.8 | O111: 4011.56 | P111: =SUM(K111:O111) -> 74500.4 | Q111: =D111*P111 -> 670503.6 | R111: =F111*P111 -> 670503.6
B112: D75/40 | C112: Cái | D112: 1 | F112: 1 | G112: Nối giảm PPR D75/40 | I112: Đệ Nhất | J112: Việt Nam | K112: 22283.6 | L112: 0 | M112: 25999.04 | N112: 4272.8 | O112: 2990.96 | P112: =SUM(K112:O112) -> 55546.4 | Q112: =D112*P112 -> 55546.4 | R112: =F112*P112 -> 55546.4
B113: D63/50 | C113: Cái | D113: 2 | F113: 2 | G113: Nối giảm PPR D63/50 | I113: Đệ Nhất | J113: Việt Nam | K113: 12755.44 | L113: 0 | M113: 22554.8 | N113: 3124.8 | O113: 2187.36 | P113: =SUM(K113:O113) -> 40622.4 | Q113: =D113*P113 -> 81244.8 | R113: =F113*P113 -> 81244.8
B114: D63/40 | C114: Cái | D114: 1 | F114: 1 | G114: Nối giảm PPR D63/40 | I114: Đệ Nhất | J114: Việt Nam | K114: 12755.44 | L114: 0 | M114: 22554.8 | N114: 3124.8 | O114: 2187.36 | P114: =SUM(K114:O114) -> 40622.4 | Q114: =D114*P114 -> 40622.4 | R114: =F114*P114 -> 40622.4
B115: D63/32 | C115: Cái | D115: 1 | F115: 1 | G115: Nối giảm PPR D63/32 | I115: Đệ Nhất | J115: Việt Nam | K115: 12755.44 | L115: 0 | M115: 22554.8 | N115: 3124.8 | O115: 2187.36 | P115: =SUM(K115:O115) -> 40622.4 | Q115: =D115*P115 -> 40622.4 | R115: =F115*P115 -> 40622.4
B116: D63/25 | C116: Cái | D116: 41 | F116: 41 | G116: Nối giảm PPR D63/25 | I116: Đệ Nhất | J116: Việt Nam | K116: 12755.44 | L116: 0 | M116: 22554.8 | N116: 3124.8 | O116: 2187.36 | P116: =SUM(K116:O116) -> 40622.4 | Q116: =D116*P116 -> 1665518.4 | R116: =F116*P116 -> 1665518.4
...

Sheet 4.1 ĐH VRV
A1: Dự án: TOÀ NHÀ HỖN HỢP HACOM MALL
A2: Gói thầu: CUNG CẤP VTTB VÀ THI CÔNG LẮP ĐẶT HỆ THỐNG CƠ ĐIỆN
A3: Hạng mục: HỆ THỐNG HVAC
A5: KHỐI LƯỢNG MỜI THẦU | U5: CÔNG TY TNHH XÂY LẮP VÀ THƯƠNG MẠI LINH ANH
A6: STT | B6: Diễn giải | C6: TẦNGH2 | D6: TẦNGH1 | E6: TẦNG1 | F6: TẦNG2 | G6: TẦNG3 | H6: TẦNG4 | I6: TẦNG5 | J6: TẦNG23 | K6: Đơn vị | L6: KL Mời thầu Lần 2 | M6: Công suất lạnh Kw | N6: Lưu lượng gió (m3/min) | O6: Cột áp (Pa) | P6: Công suất điện (W) | Q6: Điên áp (P/V/Hz) | R6: Môi chất lạnh | S6: Quy cách | T6: Ghi chú | U6: KL Nhà thầu chào | V6: THÔNG TIN VỀ VẬT LIỆU CHÍNH | Z6: ĐƠN GIÁ (chưa bao gồm VAT) | AF6: Thành tiền BOQ | AH6: Ghi chú
V7: Mô tả/ Quy cách | W7: Mã hiệu | X7: Thương hiệu | Y7: Xuất xứ | Z7: VL chính | AA7: VL phụ | AB7: NC&M | AC7: CF quản lý | AD7: Lợi nhuận | AE7: ĐG tổng hợp | AF7: Thành tiền KLMT | AG7: Thành tiền Nhà thầu chào
A8: 1 | B8: 2 | K8: 3 | L8: 4 | T8: 5 | U8: 6 | V8: 7 | W8: 8 | X8: 9 | Y8: 10 | Z8: 11 | AA8: 12 | AB8: 13 | AC8: 14 | AD8: 15 | AE8: 16=11+12+13+14+15 | AF8: 17=4*16 | AG8: 18=6*16 | AH8: 19
A9: A | B9: ĐẦU MỤC CÔNG VIỆC THEO KLMT | AF9: =SUBTOTAL(9,AF10:AF48) -> 7.3670039e+08 | AG9: =SUBTOTAL(9,AG10:AG48) -> 7.3670039e+08
B10: THIẾT BỊ ĐIỀU HOÀ KHÔNG KHÍ
A11: I. THIẾT BỊ ĐIỀU HÒA VRV (VRF)
A12: 1. DÀN LẠNH ĐIỀU HÒA VRV, VRF
A13: 1 | B13: Dàn lạnh 1 chiều lạnh loại âm trần nối ống gió | I13: 1 | K13: cái | L13: 1 | M13: 4.5 | N13: 16/13/11 | O13: 50-200 | P13: 151 | Q13: 1P/220/50 | R13: R410A | S13: Đồng bộ với dàn nóng kèm điều khiển từ xa loại có dây | T13: Nhà thầu lắp đặt, CĐT cấp thiết bị | U13: 1 | Y13: CĐT cấp, nhà thầu lắp đặt | Z13: 0 | AA13: 259848 | AB13: 405891.25 | AC13: 365302.12 | AD13: 243534.75 | AE13: =SUM(Z13:AD13) -> 1274576.1 | AF13: =L13*AE13 -> 1274576.1 | AG13: =U13*AE13 -> 1274576.1
A14: 2 | B14: Dàn lạnh 1 chiều lạnh loại âm trần nối ống gió | E14: 1 | F14: 4 | G14: 2 | H14: 8 | I14: 3 | K14: cái | L14: 18 | M14: 5.6 | N14: 18/16,5/15 | O14: 50-200 | P14: 128 | Q14: 1P/220/50 | R14: R410A | S14: Đồng bộ với dàn nóng kèm điều khiển từ xa loại có dây | U14: 18 | Y14: CĐT cấp, nhà thầu lắp đặt | Z14: 0 | AA14: 259848 | AB14: 405891.25 | AC14: 365302.12 | AD14: 243534.75 | AE14: =SUM(Z14:AD14) -> 1274576.1 | AF14: =L14*AE14 -> 22942370 | AG14: =U14*AE14 -> 22942370
A15: 3 | B15: Dàn lạnh 1 chiều lạnh loại âm trần nối ống gió | E15: 6 | F15: 7 | G15: 2 | I15: 6 | K15: cái | L15: 20 | M15: 7.1 | N15: 19.5/17.5/16 | O15: 50-200 | P15: 138 | Q15: 1P/220/50 | R15: R410A | S15: Đồng bộ với dàn nóng kèm điều khiển từ xa loại có dây | U15: 20 | Y15: CĐT cấp, nhà thầu lắp đặt | Z15: 0 | AA15: 259848 | AB15: 415644.38 | AC15: 374079.94 | AD15: 249386.62 | AE15: =SUM(Z15:AD15) -> 1298958.9 | AF15: =L15*AE15 -> 25979179 | AG15: =U15*AE15 -> 25979179
A16: 4 | B16: Dàn lạnh 1 chiều lạnh loại âm trần nối ống gió | E16: 2 | F16: 11 | G16: 7 | H16: 8 | I16: 8 | K16: cái | L16: 34 | M16: 9 | N16: 25/22,2/20 | O16: 50-200 | P16: 185 | Q16: 1P/220/50 | R16: R410A | S16: Đồng bộ với dàn nóng kèm điều khiển từ xa loại có dây | U16: 34 | Y16: CĐT cấp, nhà thầu lắp đặt | Z16: 0 | AA16: 259848 | AB16: 425397.5 | AC16: 382857.75 | AD16: 255238.5 | AE16: =SUM(Z16:AD16) -> 1323341.8 | AF16: =L16*AE16 -> 44993620 | AG16: =U16*AE16 -> 44993620
A17: 5 | B17: Dàn lạnh 1 chiều lạnh loại âm trần nối ống gió | E17: 8 | F17: 10 | G17: 16 | H17: 13 | I17: 3 | K17: cái | L17: 51 | M17: 11.2 | N17: 32/27/23 | O17: 50-200 | P17: 215 | Q17: 1P/220/50 | R17: R410A | S17: Đồng bộ với dàn nóng kèm điều khiển từ xa loại có dây | U17: 51 | Y17: CĐT cấp, nhà thầu lắp đặt | Z17: 0 | AA17: 259848 | AB17: 535970 | AC17: 482373 | AD17: 321582 | AE17: =SUM(Z17:AD17) -> 1599773 | AF17: =L17*AE17 -> 81588423 | AG17: =U17*AE17 -> 81588423
A18: 6 | B18: Dàn lạnh 1 chiều lạnh loại âm trần nối ống gió | E18: 1 | F18: 4 | G18: 4 | H18: 4 | I18: 2 | K18: cái | L18: 16 | M18: 14 | N18: 39/33/28 | O18: 50-200 | P18: 284 | Q18: 1P/220/50 | R18: R410A | S18: Đồng bộ với dàn nóng kèm điều khiển từ xa loại có dây | U18: 16 | Y18: CĐT cấp, nhà thầu lắp đặt | Z18: 0 | AA18: 259848 | AB18: 619171.88 | AC18: 557254.69 | AD18: 371503.12 | AE18: =SUM(Z18:AD18) -> 1807777.7 | AF18: =L18*AE18 -> 28924443 | AG18: =U18*AE18 -> 28924443
A19: 7 | B19: Dàn lạnh 1 chiều lạnh loại âm trần nối ống gió | E19: 1 | F19: 21 | G19: 28 | H19: 19 | I19: 17 | K19: cái | L19: 85 | M19: 16 | N19: 16/39/32 | O19: 50-200 | P19: 405 | Q19: 1P/220/50 | R19: R410A | S19: Đồng bộ với dàn nóng kèm điều khiển từ xa loại có dây | U19: 85 | Y19: CĐT cấp, nhà thầu lắp đặt | Z19: 0 | AA19: 259848 | AB19: 702373.75 | AC19: 632136.38 | AD19: 421424.25 | AE19: =SUM(Z19:AD19) -> 2015782.4 | AF19: =L19*AE19 -> 1.713415e+08 | AG19: =U19*AE19 -> 1.713415e+08
A20: 8 | B20: Dàn lạnh 1 chiều lạnh loại âm trần nối ống gió | E20: 8 | I20: 6 | K20: cái | L20: 14 | M20: 22.4 | N20: 16/39/32 | O20: 50-200 | P20: 405 | Q20: 1P/220/50 | R20: R410A | S20: Đồng bộ với dàn nóng kèm điều khiển từ xa loại có dây | U20: 14 | Y20: CĐT cấp, nhà thầu lắp đặt | Z20: 0 | AA20: 259848 | AB20: 880343.75 | AC20: 792309.38 | AD20: 528206.25 | AE20: =SUM(Z20:AD20) -> 2460707.4 | AF20: =L20*AE20 -> 34449903 | AG20: =U20*AE20 -> 34449903
A21: 9 | B21: Dàn lạnh 1 chiều lạnh loại treo tường | I21: 1 | K21: cái | L21: 1 | M21: 2.2 | N21: 16/39/32 | O21: 50-200 | P21: 405 | Q21: 1P/220/50 | R21: R410A | S21: Đồng bộ với dàn nóng kèm điều khiển từ xa loại có dây | U21: 1 | Y21: CĐT cấp, nhà thầu lắp đặt | Z21: 0 | AA21: 0 | AB21: 262431.25 | AC21: 236188.12 | AD21: 157458.75 | AE21: =SUM(Z21:AD21) -> 656078.12 | AF21: =L21*AE21 -> 656078.12 | AG21: =U21*AE21 -> 656078.12
A22: 10 | B22: Dàn lạnh 1 chiều lạnh loại cassette âm trần | I22: 1 | K22: cái | L22: 1 | M22: 2.2 | N22: 9,5/8/7 | O22: 50-200 | P22: 60 | Q22: 1P/220/50 | R22: R410A | S22: Đồng bộ với dàn nóng kèm điều khiển từ xa loại có dây | U22: 1 | Y22: CĐT cấp, nhà thầu lắp đặt | Z22: 0 | AA22: 259848 | AB22: 405891.25 | AC22: 365302.12 | AD22: 243534.75 | AE22: =SUM(Z22:AD22) -> 1274576.1 | AF22: =L22*AE22 -> 1274576.1 | AG22: =U22*AE22 -> 1274576.1
A23: 11 | B23: Dàn lạnh 1 chiều lạnh loại cassette âm trần | I23: 1 | K23: cái | L23: 1 | M23: 7.1 | N23: 16/39/32 | O23: 50-200 | P23: 405 | Q23: 1P/220/50 | R23: R410A | S23: Đồng bộ với dàn nóng kèm điều khiển từ xa loại có dây | U23: 1 | Y23: CĐT cấp, nhà thầu lắp đặt | Z23: 0 | AA23: 259848 | AB23: 415644.38 | AC23: 374079.94 | AD23: 249386.62 | AE23: =SUM(Z23:AD23) -> 1298958.9 | AF23: =L23*AE23 -> 1298958.9 | AG23: =U23*AE23 -> 1298958.9
A24: 12 | B24: Dàn lạnh 1 chiều lạnh loại cassette âm trần | I24: 2 | K24: cái | L24: 2 | M24: 14 | N24: 16/39/32 | O24: 50-200 | P24: 405 | Q24: 1P/220/50 | R24: R410A | S24: Đồng bộ với dàn nóng kèm điều khiển từ xa loại có dây | U24: 2 | Y24: CĐT cấp, nhà thầu lắp đặt | Z24: 0 | AA24: 259848 | AB24: 619171.88 | AC24: 557254.69 | AD24: 371503.12 | AE24: =SUM(Z24:AD24) -> 1807777.7 | AF24: =L24*AE24 -> 3615555.4 | AG24: =U24*AE24 -> 3615555.4
A25: 2. DÀN NÓNG ĐIỀU HÒA VRV, VRF
A26: 1 | B26: Dàn nóng 1 chiều lạnh (22HP). | E26: 1 | K26: cái | L26: 1 | M26: 61.5 | N26: -- | O26: -- | P26: 16100 | Q26: 3P/380/50 | R26: R410A | S26: Trọn bộ | T26: Nhà thầu lắp đặt, CĐT cấp thiết bị | U26: 1 | Y26: CĐT cấp, nhà thầu lắp đặt | Z26: 0 | AA26: 2154600 | AB26: 1972731.7 | AC26: 1775458.5 | AD26: 1183639 | AE26: =SUM(Z26:AD26) -> 7086429.2 | AF26: =L26*AE26 -> 7086429.2 | AG26: =U26*AE26 -> 7086429.2
A27: 2 | B27: Dàn nóng 1 chiều lạnh (24HP). | E27: 1 | K27: cái | L27: 1 | M27: 67 | N27: -- | O27: -- | P27: 17800 | Q27: 3P/380/50 | R27: R410A | S27: Trọn bộ | U27: 1 | Y27: CĐT cấp, nhà thầu lắp đặt | Z27: 0 | AA27: 2154600 | AB27: 2465914.4 | AC27: 2219323 | AD27: 1479548.7 | AE27: =SUM(Z27:AD27) -> 8319386.1 | AF27: =L27*AE27 -> 8319386.1 | AG27: =U27*AE27 -> 8319386.1
A28: 3 | B28: Dàn nóng 1 chiều lạnh (26HP). | E28: 1 | K28: cái | L28: 1 | M28: 73.5 | N28: -- | O28: -- | P28: 19900 | Q28: 3P/380/50 | R28: R410A | S28: Trọn bộ | U28: 1 | Y28: CĐT cấp, nhà thầu lắp đặt | Z28: 0 | AA28: 2154600 | AB28: 2465914.4 | AC28: 2219323 | AD28: 1479548.7 | AE28: =SUM(Z28:AD28) -> 8319386.1 | AF28: =L28*AE28 -> 8319386.1 | AG28: =U28*AE28 -> 8319386.1
A29: 4 | B29: Dàn nóng 1 chiều lạnh (32HP). | H29: 1 | K29: cái | L29: 1 | M29: 90 | N29: -- | O29: -- | P29: 25800 | Q29: 3P/380/50 | R29: R410A | S29: Trọn bộ | U29: 1 | Y29: CĐT cấp, nhà thầu lắp đặt | Z29: 0 | AA29: 2154600 | AB29: 2860461.1 | AC29: 2574415 | AD29: 1716276.7 | AE29: =SUM(Z29:AD29) -> 9305752.8 | AF29: =L29*AE29 -> 9305752.8 | AG29: =U29*AE29 -> 9305752.8
A30: 5 | B30: Dàn nóng 1 chiều lạnh (34HP). | I30: 1 | K30: cái | L30: 1 | M30: 95 | N30: -- | O30: -- | P30: 28200 | Q30: 3P/380/50 | R30: R410A | S30: Trọn bộ | U30: 1 | Y30: CĐT cấp, nhà thầu lắp đặt | Z30: 0 | AA30: 2154600 | AB30: 3255007.8 | AC30: 2929507 | AD30: 1953004.7 | AE30: =SUM(Z30:AD30) -> 10292119 | AF30: =L30*AE30 -> 10292119 | AG30: =U30*AE30 -> 10292119
A31: 6 | B31: Dàn nóng 1 chiều lạnh (36HP). | H31: 2 | K31: cái | L31: 2 | M31: 101 | N31: -- | O31: -- | P31: 30600 | Q31: 3P/380/50 | R31: R410A | S31: Trọn bộ | U31: 2 | Y31: CĐT cấp, nhà thầu lắp đặt | Z31: 0 | AA31: 2154600 | AB31: 3255007.8 | AC31: 2929507 | AD31: 1953004.7 | AE31: =SUM(Z31:AD31) -> 10292119 | AF31: =L31*AE31 -> 20584239 | AG31: =U31*AE31 -> 20584239
A32: 7 | B32: Dàn nóng 1 chiều lạnh (38HP). | H32: 1 | I32: 1 | K32: cái | L32: 2 | M32: 106 | N32: -- | O32: -- | P32: 33000 | Q32: 3P/380/50 | R32: R410A | S32: Trọn bộ | U32: 2 | Y32: CĐT cấp, nhà thầu lắp đặt | Z32: 0 | AA32: 2154600 | AB32: 3255007.8 | AC32: 2929507 | AD32: 1953004.7 | AE32: =SUM(Z32:AD32) -> 10292119 | AF32: =L32*AE32 -> 20584239 | AG32: =U32*AE32 -> 20584239
A33: 8 | B33: Dàn nóng 1 chiều lạnh (40HP). | F33: 1 | G33: 1 | K33: cái | L33: 2 | M33: 112 | N33: -- | O33: -- | P33: 35400 | Q33: 3P/380/50 | R33: R410A | S33: Trọn bộ | U33: 2 | Y33: CĐT cấp, nhà thầu lắp đặt | Z33: 0 | AA33: 2154600 | AB33: 3255007.8 | AC33: 2929507 | AD33: 1953004.7 | AE33: =SUM(Z33:AD33) -> 10292119 | AF33: =L33*AE33 -> 20584239 | AG33: =U33*AE33 -> 20584239
A34: 9 | B34: Dàn nóng 1 chiều lạnh (42HP). | F34: 1 | H34: 1 | K34: cái | L34: 2 | M34: 117 | N34: -- | O34: -- | P34: 32700 | Q34: 3P/380/50 | R34: R410A | S34: Trọn bộ | U34: 2 | Y34: CĐT cấp, nhà thầu lắp đặt | Z34: 0 | AA34: 2154600 | AB34: 3476940 | AC34: 3129246 | AD34: 2086164 | AE34: =SUM(Z34:AD34) -> 10846950 | AF34: =L34*AE34 -> 21693900 | AG34: =U34*AE34 -> 21693900
A35: 10 | B35: Dàn nóng 1 chiều lạnh (44HP). | F35: 1 | K35: cái | L35: 1 | M35: 123 | N35: -- | O35: -- | P35: 35100 | Q35: 3P/380/50 | R35: R410A | S35: Trọn bộ | U35: 1 | Y35: CĐT cấp, nhà thầu lắp đặt | Z35: 0 | AA35: 2154600 | AB35: 3476940 | AC35: 3129246 | AD35: 2086164 | AE35: =SUM(Z35:AD35) -> 10846950 | AF35: =L35*AE35 -> 10846950 | AG35: =U35*AE35 -> 10846950
A36: 11 | B36: Dàn nóng 1 chiều lạnh (46HP). | H36: 1 | K36: cái | L36: 1 | M36: 145 | N36: -- | O36: -- | P36: 36500 | Q36: 3P/380/50 | R36: R410A | S36: Trọn bộ | U36: 1 | Y36: CĐT cấp, nhà thầu lắp đặt | Z36: 0 | AA36: 2154600 | AB36: 4438646.7 | AC36: 3994782 | AD36: 2663188 | AE36: =SUM(Z36:AD36) -> 13251217 | AF36: =L36*AE36 -> 13251217 | AG36: =U36*AE36 -> 13251217
A37: 12 | B37: Dàn nóng 1 chiều lạnh (50HP). | I37: 2 | K37: cái | L37: 2 | M37: 140 | N37: -- | O37: -- | P37: 41100 | Q37: 3P/380/50 | R37: R410A | S37: Trọn bộ | U37: 2 | Y37: CĐT cấp, nhà thầu lắp đặt | Z37: 0 | AA37: 2154600 | AB37: 3698872.2 | AC37: 3328985 | AD37: 2219323.3 | AE37: =SUM(Z37:AD37) -> 11401781 | AF37: =L37*AE37 -> 22803561 | AG37: =U37*AE37 -> 22803561
A38: 13 | B38: Dàn nóng 1 chiều lạnh (58HP). | E38: 1 | K38: cái | L38: 1 | M38: 162 | N38: -- | O38: -- | P38: 50700 | Q38: 3P/380/50 | R38: R410A | S38: Trọn bộ | U38: 1 | Y38: CĐT cấp, nhà thầu lắp đặt | Z38: 0 | AA38: 2154600 | AB38: 5178421.1 | AC38: 4660579 | AD38: 3107052.7 | AE38: =SUM(Z38:AD38) -> 15100653 | AF38: =L38*AE38 -> 15100653 | AG38: =U38*AE38 -> 15100653
A39: 14 | B39: Dàn nóng 1 chiều lạnh (60HP). | F39: 2 | G39: 4 | I39: 1 | K39: cái | L39: 7 | M39: 158 | N39: -- | O39: -- | P39: 53100 | Q39: 3P/380/50 | R39: R410A | S39: Trọn bộ | U39: 7 | Y39: CĐT cấp, nhà thầu lắp đặt | Z39: 0 | AA39: 2154600 | AB39: 5178421.1 | AC39: 4660579 | AD39: 3107052.7 | AE39: =SUM(Z39:AD39) -> 15100653 | AF39: =L39*AE39 -> 1.0570457e+08 | AG39: =U39*AE39 -> 1.0570457e+08
A40: II. THIẾT BỊ ĐIỀU HÒA CỤC BỘ
A41: 1. HỆ THỐNG ĐIỀU HÒA CỤC BỘ
A42: 1 | B42: Điều hòa cục bộ loai treo tường | D42: 4 | E42: 1 | K42: cái | L42: 5 | M42: 18000 BTU/H | N42: 16 | O42: -- | P42: 1330 | Q42: 1P/220/50 | R42: R410A/ R32 | S42: Đồng bộ với dàn nóng kèm điều khiển từ xa loại có dây | T42: Nhà thầu lắp đặt, CĐT cấp thiết bị | U42: 5 | Y42: CĐT cấp, nhà thầu lắp đặt | Z42: 0 | AA42: 363106.8 | AB42: 513322.5 | AC42: 461990.25 | AD42: 307993.5 | AE42: =SUM(Z42:AD42) -> 1646413.1 | AF42: =L42*AE42 -> 8232065.2 | AG42: =U42*AE42 -> 8232065.2
A43: =A42+1 -> 2 | B43: Điều hòa cục bộ 1 chiều lạnh loai trần nối ống gió | C43: 1 | D43: 1 | K43: cái | L43: 2 | M43: 18000 BTU/H | N43: 18/15/12,5 | O43: -- | P43: 1430 | Q43: 1P/220/51 | R43: R410A/ R32 | S43: Đồng bộ với dàn nóng kèm điều khiển từ xa loại có dây | U43: 2 | Y43: CĐT cấp, nhà thầu lắp đặt | Z43: 0 | AA43: 474238.8 | AB43: 585657.5 | AC43: 527091.75 | AD43: 351394.5 | AE43: =SUM(Z43:AD43) -> 1938382.6 | AF43: =L43*AE43 -> 3876765.1 | AG43: =U43*AE43 -> 3876765.1
A44: =A43+1 -> 3 | B44: Điều hòa cục bộ 1 chiều lạnh loai trần nối ống gió | J44: 2 | K44: cái | L44: 2 | M44: 48000 BTU/H | N44: 23/19,5/16 | O44: -- | P44: 4800 | Q44: 1P/220/50 | R44: R410A/ R32 | S44: Đồng bộ với dàn nóng kèm điều khiển từ xa loại có dây | U44: 2 | Y44: CĐT cấp, nhà thầu lắp đặt | Z44: 0 | AA44: 474238.8 | AB44: 828715 | AC44: 745843.5 | AD44: 497229 | AE44: =SUM(Z44:AD44) -> 2546026.3 | AF44: =L44*AE44 -> 5092052.6 | AG44: =U44*AE44 -> 5092052.6
A45: =A44+1 -> 4 | B45: Điều hòa cục bộ 1 chiều lạnh loai trần nối ống gió | E45: 1 | K45: cái | L45: 1 | M45: 24000 BTU/H | N45: 19.5/17.5/16 | O45: -- | P45: 2100 | Q45: 1P/220/50 | R45: R410A/ R32 | S45: Đồng bộ với dàn nóng kèm điều khiển từ xa loại có dây | U45: 1 | Y45: CĐT cấp, nhà thầu lắp đặt | Z45: 0 | AA45: 474238.8 | AB45: 733776.25 | AC45: 660398.62 | AD45: 440265.75 | AE45: =SUM(Z45:AD45) -> 2308679.4 | AF45: =L45*AE45 -> 2308679.4 | AG45: =U45*AE45 -> 2308679.4
A46: III. THIẾT BỊ ĐIỀU KHIỂN
A47: 1 | B47: Bộ điều khiển Trung tâm VRV/VRF | K47: cái | L47: 1 | N47: -- | O47: -- | P47: -- | Q47: -- | R47: -- | S47: Trọn bộ | T47: Nhà thầu lắp đặt, CĐT cấp thiết bị | U47: 1 | Y47: CĐT cấp, nhà thầu lắp đặt | Z47: 0 | AA47: 0 | AB47: 1750000 | AC47: 1575000 | AD47: 1050000 | AE47: =SUM(Z47:AD47) -> 4375000 | AF47: =L47*AE47 -> 4375000 | AG47: =U47*AE47 -> 4375000
A49: B | B49: Phát sinh ngoài KLMT Nhà thầu bổ sung | AF49: =SUBTOTAL(9,AF50:AF53) -> 0 | AG49: =SUBTOTAL(9,AG50:AG53) -> 0
B50: Nhà thầu bổ sung công việc 1
B51: Nhà thầu bổ sung công việc 2
B52: Nhà thầu bổ sung công việc 3
B53: ….......................
A54: C | B54: TỔNG CỘNG TRƯỚC VAT: C = A + B | AF54: =AF9+AF49 -> 7.3670039e+08 | AG54: =AG9+AG49 -> 7.3670039e+08

Sheet 4.2 Quạt
A1: Dự án: TOÀ NHÀ HỖN HỢP HACOM MALL
A2: Gói thầu: CUNG CẤP VTTB VÀ THI CÔNG LẮP ĐẶT HỆ THỐNG CƠ ĐIỆN
A3: Hạng mục: HỆ THỐNG HVAC
A5: KHỐI LƯỢNG MỜI THẦU | R5: CÔNG TY TNHH XÂY LẮP VÀ THƯƠNG MẠI LINH ANH
A6: STT | B6: DANH MỤC QUẠT THÔNG GIÓ | C6: Đơn vị | D6: KL Mời thầu Lần 1 | E6: KL BIM | F6: KL Mời thầu Lần 2 | G6: KÍ HIỆU | H6: LƯU LƯỢNG | I6: CỘP ÁP | J6: QUY CÁCH | K6: NHIỆT ĐỘ LÀM VIỆC | L6: CÔNG SUẤT ĐIỆN | M6: NGUỒN ĐIỆN | N6: ĐỘ ỒN | O6: HIỆU SUẤT | P6: Tốc độ vòng quay | Q6: GHI CHÚ | R6: KL Nhà thầu chào | S6: THÔNG TIN VỀ VẬT LIỆU CHÍNH | W6: ĐƠN GIÁ (chưa bao gồm VAT) | AC6: Thành tiền BOQ | AE6: Ghi chú
I7: Pa | K7: oC | L7: kW | M7: V/Ph/Hz | N7: dBA @ 3M | S7: Mô tả/ Quy cách | T7: Mã hiệu | U7: Thương hiệu | V7: Xuất xứ | W7: VL chính | X7: VL phụ | Y7: NC&M | Z7: CF quản lý | AA7: Lợi nhuận | AB7: ĐG tổng hợp | AC7: Thành tiền KLMT | AD7: Thành tiền Nhà thầu chào
A8: 1 | B8: 2 | C8: 3 | F8: 4 | Q8: 5 | R8: 6 | S8: 7 | T8: 8 | U8: 9 | V8: 10 | W8: 11 | X8: 12 | Y8: 13 | Z8: 14 | AA8: 15 | AB8: 16=11+12+13+14+15 | AC8: 17=4*16 | AD8: 18=6*16 | AE8: 19
A9: A | B9: ĐẦU MỤC CÔNG VIỆC THEO KLMT | AC9: =SUBTOTAL(9,AC10:AC144) -> 3.2077763e+09 | AD9: =SUBTOTAL(9,AD10:AD144) -> 3.2077763e+09
A10: I | B10: QUẠT THÔNG GIÓ CẤP, HÚT
B11: QUẠT THÔNG GIÓ CẤP, HÚT TẦNG HẦM - TUM
B12: Tầng hầm 2
A13: 1 | B13: QUẠT HÚT PHÒNG QUẠT HÚT 1 | C13: Cái | D13: 1 | E13: 1 | F13: =E13 -> 1 | G13: TH2/EF-03 | H13: 650 | I13: 25 | J13: Fan wall mounted | K13: 55 | L13: 0.37 | M13: 220/1/50 | N13: ≤ 65 dBA | O13: ≥ 50 % | P13: ≤ 2900 rpm | R13: 1 | S13: Quạt hút gắn tường TH2/EF-03, Q=650m3/h, 25Pa, CSĐ: 0.034kW, Điện áp 1P/220V/50Hz, Độ ồn 48 dBA (dBA @ 1m), Tốc độ vòng quay 4P, IP44, Nhựa PP | T13: VNS-AV6-25 | U13: TH VINASUN | V13: Việt Nam | W13: 422712 | X13: 0 | Y13: 164231.12 | Z13: 55573.727 | AA13: 38901.609 | AB13: =SUM(W13:AA13) -> 681418.45 | AC13: =F13*AB13 -> 681418.45 | AD13: =R13*AB13 -> 681418.45
A14: 2 | B14: QUẠT HÚT PHÒNG QUẠT HÚT 2 | C14: Cái | D14: 1 | E14: 1 | F14: =E14 -> 1 | G14: TH2/EF-04 | H14: 650 | I14: 25 | J14: Fan wall mounted | K14: 55 | L14: 0.37 | M14: 220/1/50 | N14: ≤ 65 dBA | O14: ≥ 50 % | P14: ≤ 2900 rpm | R14: 1 | S14: Quạt hút gắn tường TH2/EF-04, Q=650m3/h, 25Pa, CSĐ: 0.034kW, Điện áp 1P/220V/50Hz, Độ ồn 48 dBA (dBA @ 1m), Tốc độ vòng quay 4P, IP44, Nhựa PP | T14: VNS-AV6-25 | U14: TH VINASUN | V14: Việt Nam | W14: 422712 | X14: 0 | Y14: 164231.12 | Z14: 55573.727 | AA14: 38901.609 | AB14: =SUM(W14:AA14) -> 681418.45 | AC14: =F14*AB14 -> 681418.45 | AD14: =R14*AB14 -> 681418.45
A15: 3 | B15: QUẠT HÚT PHÒNG QUẠT HÚT 3 | C15: Cái | D15: 1 | E15: 1 | F15: =E15 -> 1 | G15: TH2/EF-05 | H15: 1000 | I15: 50 | J15: Fan wall mounted | K15: 55 | L15: 0.37 | M15: 220/1/50 | N15: ≤ 65 dBA | O15: ≥ 50 % | P15: ≤ 2900 rpm | R15: 1 | S15: Quạt hút gắn tường TH2/EF-05, Q=1000m3/h, 50Pa, CSĐ: 0.034kW, Điện áp 1P/220V/50Hz, Độ ồn 48 dBA (dBA @ 1m), Tốc độ vòng quay 4P, IP44, Nhựa PP | T15: VNS-AV6-25 | U15: TH VINASUN | V15: Việt Nam | W15: 422712 | X15: 0 | Y15: 164231.12 | Z15: 55573.727 | AA15: 38901.609 | AB15: =SUM(W15:AA15) -> 681418.45 | AC15: =F15*AB15 -> 681418.45 | AD15: =R15*AB15 -> 681418.45
A16: 4 | B16: QUẠT HÚT PHÒNG QUẠT CẤP | C16: Cái | D16: 1 | E16: 1 | F16: =E16 -> 1 | G16: TH2/EF-06 | H16: 650 | I16: 25 | J16: Fan wall mounted | K16: 55 | L16: 0.37 | M16: 220/1/50 | N16: ≤ 65 dBA | O16: ≥ 50 % | P16: ≤ 2900 rpm | R16: 1 | S16: Quạt hút gắn tường TH2/EF-06, Q=650m3/h, 25Pa, CSĐ: 0.034kW, Điện áp 1P/220V/50Hz, Độ ồn 48 dBA (dBA @ 1m), Tốc độ vòng quay 4P, IP44, Nhựa PP | T16: VNS-AV6-25 | U16: TH VINASUN | V16: Việt Nam | W16: 422712 | X16: 0 | Y16: 164231.12 | Z16: 55573.727 | AA16: 38901.609 | AB16: =SUM(W16:AA16) -> 681418.45 | AC16: =F16*AB16 -> 681418.45 | AD16: =R16*AB16 -> 681418.45
A17: 6 | B17: QUẠT HÚT KHO 1 | C17: Cái | D17: 1 | E17: 1 | F17: =E17 -> 1 | G17: TH2/EF-08 | H17: 650 | I17: 25 | J17: Fan wall mounted | K17: 55 | L17: 0.37 | M17: 220/1/50 | N17: ≤ 65 dBA | O17: ≥ 50 % | P17: ≤ 2900 rpm | R17: 1 | S17: Quạt hút gắn tường TH2/EF-08, Q=650m3/h, 25Pa, CSĐ: 0.034kW, Điện áp 1P/220V/50Hz, Độ ồn 48 dBA (dBA @ 1m), Tốc độ vòng quay 4P, IP44, Nhựa PP | T17: VNS-AV6-25 | U17: TH VINASUN | V17: Việt Nam | W17: 422712 | X17: 0 | Y17: 164231.12 | Z17: 55573.727 | AA17: 38901.609 | AB17: =SUM(W17:AA17) -> 681418.45 | AC17: =F17*AB17 -> 681418.45 | AD17: =R17*AB17 -> 681418.45
A18: 7 | B18: QUẠT HÚT KHO 2 | C18: Cái | D18: 1 | E18: 1 | F18: =E18 -> 1 | G18: TH2/EF-09 | H18: 250 | I18: 20 | J18: Fan wall mounted | K18: 55 | L18: 0.37 | M18: 220/1/50 | N18: ≤ 65 dBA | O18: ≥ 50 % | P18: ≤ 1450 rpm | R18: 1 | S18: Quạt hút gắn tường TH2/EF-09, Q=250m3/h, 20Pa, CSĐ: 0.029kW, Điện áp 1P/220V/50Hz, Độ ồn 45 dBA (dBA @ 1m), Tốc độ vòng quay 4P, IP44, Nhựa PP | T18: VNS-AV6-15 | U18: TH VINASUN | V18: Việt Nam | W18: 344844 | X18: 0 | Y18: 136854.3 | Z18: 45591 | AA18: 31913.7 | AB18: =SUM(W18:AA18) -> 559203 | AC18: =F18*AB18 -> 559203 | AD18: =R18*AB18 -> 559203
A19: 8 | B19: QUẠT HÚT KHO 3 | C19: Cái | D19: 1 | E19: 1 | F19: =E19 -> 1 | G19: TH2/EF-10 | H19: 350 | I19: 25 | J19: Fan wall mounted | K19: 55 | L19: 0.37 | M19: 220/1/50 | N19: ≤ 65 dBA | O19: ≥ 50 % | P19: ≤ 1450 rpm | R19: 1 | S19: Quạt hút gắn tường TH2/EF-10, Q=350m3/h, 25Pa, CSĐ: 0.031kW, Điện áp 1P/220V/50Hz, Độ ồn 47 dBA (dBA @ 1m), Tốc độ vòng quay 4P, IP44, Nhựa PP | T19: VNS-AV6-20 | U19: TH VINASUN | V19: Việt Nam | W19: 389340 | X19: 0 | Y19: 136854.3 | Z19: 49911 | AA19: 34937.7 | AB19: =SUM(W19:AA19) -> 611043 | AC19: =F19*AB19 -> 611043 | AD19: =R19*AB19 -> 611043
A20: 9 | B20: QUẠT HÚT KHO 4 | C20: Cái | D20: 1 | E20: 1 | F20: =E20 -> 1 | G20: TH2/EF-11 | H20: 150 | I20: 20 | J20: Fan wall mounted | K20: 55 | L20: 0.37 | M20: 220/1/50 | N20: ≤ 65 dBA | O20: ≥ 50 % | R20: 1 | S20: Quạt hút gắn tường TH2/EF-11, Q=150m3/h, 20Pa, CSĐ: 0.029kW, Điện áp 1P/220V/50Hz, Độ ồn 45 dBA (dBA @ 1m), Tốc độ vòng quay 4P, IP44, Nhựa PP | T20: VNS-AV6-15 | U20: TH VINASUN | V20: Việt Nam | W20: 344844 | X20: 0 | Y20: 136854.3 | Z20: 45591 | AA20: 31913.7 | AB20: =SUM(W20:AA20) -> 559203 | AC20: =F20*AB20 -> 559203 | AD20: =R20*AB20 -> 559203
A21: 10 | B21: QUẠT CẤP GIÓ TẦNG HẦM ZONE 1 | C21: Cái | D21: 2 | E21: 2 | F21: =E21 -> 2 | G21: TH2/SF-01.1,2 | H21: 20500 | I21: 400 | J21: Axial Fan/In-Line Fan/ Cabinet Fan | K21: 55 | L21: 11 | M21: 380/3/50 | N21: ≤ 65 dBA | O21: ≥ 50 % | R21: 2 | S21: Quạt cấp gió ly tâm dạng hộp TH2/SF-01.1,2, Q=20500m3/h, 400Pa, CSĐ: 7.5W, Điện áp 3P/380V/50Hz, Độ ồn 61 dBA (dBA @ 3m), Tốc độ vòng quay 4P, IP55, Thép SS400 mạ kẽm nhúng nóng | T21: VNS-CF1S-7T Động cơ ATT IE1 | U21: TH VINASUN | V21: Việt Nam | W21: 31703400 | X21: 259848 | Y21: 1724120.1 | Z21: 3230577 | AA21: 2261403.9 | AB21: =SUM(W21:AA21) -> 39179349 | AC21: =F21*AB21 -> 78358698 | AD21: =R21*AB21 -> 78358698
A22: 11 | B22: QUẠT CẤP GIÓ TẦNG HẦM ZONE 2 | C22: Cái | D22: 1 | E22: 1 | F22: =E22 -> 1 | G22: TH2/SF-02 | H22: 39000 | I22: 400 | J22: Axial Fan/In-Line Fan/ Cabinet Fan | K22: 55 | L22: 15 | M22: 380/3/50 | N22: ≤ 65 dBA | O22: ≥ 50 % | R22: 1 | S22: Quạt cấp gió ly tâm dạng hộp TH2/SF-02, Q=39000m3/h, 400Pa, CSĐ: 11kW, Điện áp 3P/380V/50Hz, Độ ồn 64 dBA (dBA @ 3m), Tốc độ vòng quay 4P, IP55, Thép SS400 mạ kẽm nhúng nóng | T22: VNS-CF1S-8T Động cơ ATT IE1 | U22: TH VINASUN | V22: Việt Nam | W22: 46128447 | X22: 259848 | Y22: 2229872.1 | Z22: 4675823.8 | AA22: 3273076.7 | AB22: =SUM(W22:AA22) -> 56567068 | AC22: =F22*AB22 -> 56567068 | AD22: =R22*AB22 -> 56567068
B23: Tầng hầm 1
A24: 12 | B24: QUẠT HÚT PHÒNG QUẠT HÚT 1 | C24: Cái | D24: 1 | E24: 1 | F24: =E24 -> 1 | G24: TH1/EF-03 | H24: 1000 | I24: 50 | J24: Fan wall mounted | K24: 55 | L24: 0.37 | M24: 220/1/50 | N24: ≤ 65 dBA | O24: ≥ 50 % | R24: 1 | S24: Quạt hút gắn tường TH1/EF-03, Q=1000m3/h, 50Pa, CSĐ: 0.034kW, Điện áp 1P/220V/50Hz, Độ ồn 48 dBA (dBA @ 1m), Tốc độ vòng quay 4P, IP44, Nhựa PP | T24: VNS-AV6-25 | U24: TH VINASUN | V24: Việt Nam | W24: 422712 | X24: 0 | Y24: 164231.12 | Z24: 55573.727 | AA24: 38901.609 | AB24: =SUM(W24:AA24) -> 681418.45 | AC24: =F24*AB24 -> 681418.45 | AD24: =R24*AB24 -> 681418.45
A25: =A24+1 -> 13 | B25: QUẠT HÚT PHÒNG QUẠT HÚT 2 | C25: Cái | D25: 1 | E25: 1 | F25: =E25 -> 1 | G25: TH1/EF-04 | H25: 650 | I25: 25 | J25: Fan wall mounted | K25: 55 | L25: 0.37 | M25: 220/1/50 | N25: ≤ 65 dBA | O25: ≥ 50 % | R25: 1 | S25: Quạt hút gắn tường TH1/EF-04, Q=650m3/h, 25Pa, CSĐ: 0.034kW, Điện áp 1P/220V/50Hz, Độ ồn 48 dBA (dBA @ 1m), Tốc độ vòng quay 4P, IP44, Nhựa PP | T25: VNS-AV6-25 | U25: TH VINASUN | V25: Việt Nam | W25: 422712 | X25: 0 | Y25: 164231.12 | Z25: 55573.727 | AA25: 38901.609 | AB25: =SUM(W25:AA25) -> 681418.45 | AC25: =F25*AB25 -> 681418.45 | AD25: =R25*AB25 -> 681418.45
A26: =A25+1 -> 14 | B26: QUẠT HÚT PHÒNG QUẠT HÚT 3 | C26: Cái | D26: 1 | E26: 1 | F26: =E26 -> 1 | G26: TH1/EF-05 | H26: 1000 | I26: 50 | J26: Fan wall mounted | K26: 55 | L26: 0.37 | M26: 220/1/50 | N26: ≤ 65 dBA | O26: ≥ 50 % | R26: 1 | S26: Quạt hút gắn tường TH1/EF-05, Q=1000m3/h, 50Pa, CSĐ: 0.034kW, Điện áp 1P/220V/50Hz, Độ ồn 48 dBA (dBA @ 1m), Tốc độ vòng quay 4P, IP44, Nhựa PP | T26: VNS-AV6-25 | U26: TH VINASUN | V26: Việt Nam | W26: 422712 | X26: 0 | Y26: 164231.12 | Z26: 55573.727 | AA26: 38901.609 | AB26: =SUM(W26:AA26) -> 681418.45 | AC26: =F26*AB26 -> 681418.45 | AD26: =R26*AB26 -> 681418.45
A27: =A26+1 -> 15 | B27: QUẠT HÚT PHÒNG QUẠT CẤP | C27: Cái | D27: 1 | E27: 1 | F27: =E27 -> 1 | G27: TH1/EF-06 | H27: 650 | I27: 25 | J27: Fan wall mounted | K27: 55 | L27: 0.37 | M27: 220/1/50 | N27: ≤ 65 dBA | O27: ≥ 50 % | R27: 1 | S27: Quạt hút gắn tường TH1/EF-06, Q=650m3/h, 25Pa, CSĐ: 0.034kW, Điện áp 1P/220V/50Hz, Độ ồn 48 dBA (dBA @ 1m), Tốc độ vòng quay 4P, IP44, Nhựa PP | T27: VNS-AV6-25 | U27: TH VINASUN | V27: Việt Nam | W27: 422712 | X27: 0 | Y27: 164231.12 | Z27: 55573.727 | AA27: 38901.609 | AB27: =SUM(W27:AA27) -> 681418.45 | AC27: =F27*AB27 -> 681418.45 | AD27: =R27*AB27 -> 681418.45
A28: =A27+1 -> 16 | B28: QUẠT HÚT PHÒNG BƠM PCCC | C28: Cái | D28: 1 | E28: 1 | F28: =E28 -> 1 | G28: TH1/EF-07 | H28: 1000 | I28: 50 | J28: Fan wall mounted | K28: 55 | L28: 0.37 | M28: 220/1/50 | N28: ≤ 65 dBA | O28: ≥ 50 % | R28: 1 | S28: Quạt hút gắn tường TH1/EF-07, Q=1000m3/h, 50Pa, CSĐ: 0.034kW, Điện áp 1P/220V/50Hz, Độ ồn 48 dBA (dBA @ 1m), Tốc độ vòng quay 4P, IP44, Nhựa PP | T28: VNS-AV6-25 | U28: TH VINASUN | V28: Việt Nam | W28: 422712 | X28: 0 | Y28: 164231.12 | Z28: 55573.727 | AA28: 38901.609 | AB28: =SUM(W28:AA28) -> 681418.45 | AC28: =F28*AB28 -> 681418.45 | AD28: =R28*AB28 -> 681418.45
A29: =A28+1 -> 17 | B29: QUẠT HÚT PHÒNG HẠ THẾ | C29: Cái | D29: 1 | E29: 1 | F29: =E29 -> 1 | G29: TH1/EF-08 | H29: 3500 | I29: 50 | J29: Fan wall mounted | K29: 55 | L29: 0.55 | M29: 220/1/50 | N29: ≤ 65 dBA | O29: ≥ 50 % | R29: 1 | S29: Quạt hút hướng trục vuông TH1/EF-08, Q=3500m3/h, 50Pa, CSĐ: 0.16kW, Điện áp 1P/220V/50Hz, Độ ồn 65 dBA (dBA @ 1m), Tốc độ vòng quay 4P, IP54, Thép mạ kẽm | T29: VNS-AF9-4T | U29: TH VINASUN | V29: Việt Nam | W29: 4088070 | X29: 259848 | Y29: 390084.22 | Z29: 431420.73 | AA29: 301994.51 | AB29: =SUM(W29:AA29) -> 5471417.5 | AC29: =F29*AB29 -> 5471417.5 | AD29: =R29*AB29 -> 5471417.5
A30: =A29+1 -> 18 | B30: QUẠT HÚT PHÒNG KĨ THUẬT | C30: Cái | D30: 1 | E30: 1 | F30: =E30 -> 1 | G30: TH1/EF-09 | H30: 450 | I30: 25 | J30: Fan wall mounted | K30: 55 | L30: 0.37 | M30: 220/1/50 | N30: ≤ 65 dBA | O30: ≥ 50 % | R30: 1 | S30: Quạt hút gắn tường TH1/EF-09, Q=450m3/h, 25Pa, CSĐ: 0.031kW, Điện áp 1P/220V/50Hz, Độ ồn 47 dBA (dBA @ 1m), Tốc độ vòng quay 4P, IP44, Nhựa PP | T30: VNS-AV6-20 | U30: TH VINASUN | V30: Việt Nam | W30: 389340 | X30: 0 | Y30: 164231.12 | Z30: 52333.727 | AA30: 36633.609 | AB30: =SUM(W30:AA30) -> 642538.45 | AC30: =F30*AB30 -> 642538.45 | AD30: =R30*AB30 -> 642538.45
A31: =A30+1 -> 19 | B31: QUẠT HÚT NHÀ ĐIỀU HÀNH XLNT | C31: Cái | D31: 1 | E31: 1 | F31: =E31 -> 1 | G31: TH1/EF-10 | H31: 450 | I31: 25 | J31: Fan wall mounted | K31: 55 | L31: 0.37 | M31: 220/1/50 | N31: ≤ 65 dBA | O31: ≥ 50 % | R31: 1 | S31: Quạt hút gắn tường TH1/EF-10, Q=450m3/h, 25Pa, CSĐ: 0.031kW, Điện áp 1P/220V/50Hz, Độ ồn 47 dBA (dBA @ 1m), Tốc độ vòng quay 4P, IP44, Nhựa PP | T31: VNS-AV6-20 | U31: TH VINASUN | V31: Việt Nam | W31: 389340 | X31: 0 | Y31: 164231.12 | Z31: 52333.727 | AA31: 36633.609 | AB31: =SUM(W31:AA31) -> 642538.45 | AC31: =F31*AB31 -> 642538.45 | AD31: =R31*AB31 -> 642538.45
A32: =A31+1 -> 20 | B32: QUẠT HÚT PHÒNG BƠM SINH HOẠT | C32: Cái | D32: 1 | E32: 1 | F32: =E32 -> 1 | G32: TH1/EF-11 | H32: 1000 | I32: 50 | J32: Fan wall mounted | K32: 55 | L32: 3.7 | M32: 220/1/50 | N32: ≤ 65 dBA | O32: ≥ 50 % | R32: 1 | S32: Quạt hút gắn tường TH1/EF-11, Q=1000m3/h, 50Pa, CSĐ: 0.034kW, Điện áp 1P/220V/50Hz, Độ ồn 48 dBA (dBA @ 1m), Tốc độ vòng quay 4P, IP44, Nhựa PP | T32: VNS-AV6-25 | U32: TH VINASUN | V32: Việt Nam | W32: 422712 | X32: 0 | Y32: 164231.12 | Z32: 55573.727 | AA32: 38901.609 | AB32: =SUM(W32:AA32) -> 681418.45 | AC32: =F32*AB32 -> 681418.45 | AD32: =R32*AB32 -> 681418.45
A33: =A32+1 -> 21 | B33: QUẠT HÚT PHÒNG RÁC THÁP A | C33: Cái | D33: 1 | E33: 1 | F33: =E33 -> 1 | G33: TH1/EF-12 | H33: 6500 | I33: 400 | J33: Axial Fan/In-Line Fan/ Cabinet Fan | K33: 55 | L33: 3.7 | M33: 380/3/50 | N33: ≤ 65 dBA | O33: ≥ 50 % | R33: 1 | S33: Quạt hút ly tâm dạng hộp TH1/EF-12, Q=6500m3/h, 400Pa, CSĐ: 1.5W, Điện áp 3P/380V/50Hz, Độ ồn 65 dBA (dBA @ 3m), Tốc độ vòng quay 6P, IP55, Thép SS400 mạ kẽm | T33: VNS-VF-400S Động cơ ATT IE1 | U33: TH VINASUN | V33: Việt Nam | W33: 15462360 | X33: 259848 | Y33: 635069.25 | Z33: 1557400.8 | AA33: 1090180.6 | AB33: =SUM(W33:AA33) -> 19004859 | AC33: =F33*AB33 -> 19004859 | AD33: =R33*AB33 -> 19004859
A34: =A33+1 -> 22 | B34: QUẠT CẤP GIÓ TẦNG HẦM ZONE 1 | C34: Cái | D34: 2 | E34: 2 | F34: =E34 -> 2 | G34: TH1/SF-01.1,2 | H34: 20500 | I34: 400 | J34: Axial Fan/In-Line Fan/ Cabinet Fan | K34: 55 | L34: 11 | M34: 380/3/50 | N34: ≤ 65 dBA | O34: ≥ 50 % | R34: 2 | S34: Quạt cấp gió hướng trục TH1/SF-01.1,2, Q=20500m3/h, 400Pa, CSĐ: 7.5kW, Điện áp 3P/380V/50Hz, Độ ồn 61 dBA (dBA @ 3m), Tốc độ vòng quay 4P, IP55, Thép SS400 mạ kẽm nhúng nóng | T34: VNS-CF1S-7T Động cơ ATT IE1 | U34: TH VINASUN | V34: Việt Nam | W34: 31703400 | X34: 259848 | Y34: 1724120.1 | Z34: 3230577 | AA34: 2261403.9 | AB34: =SUM(W34:AA34) -> 39179349 | AC34: =F34*AB34 -> 78358698 | AD34: =R34*AB34 -> 78358698
A35: =A34+1 -> 23 | B35: QUẠT CẤP GIÓ TẦNG HẦM ZONE 2 | C35: Cái | D35: 1 | E35: 1 | F35: =E35 -> 1 | G35: TH1/SF-02 | H35: 41000 | I35: 450 | J35: Axial Fan/In-Line Fan/ Cabinet Fan | K35: 55 | L35: 15 | M35: 380/3/50 | N35: ≤ 65 dBA | O35: ≥ 50 % | R35: 1 | S35: Quạt cấp gió hướng trục TH1/SF-02, Q=41000m3/h, 450Pa, CSĐ: 11kW, Điện áp 3P/380V/50Hz, Độ ồn 64 dBA (dBA @ 3m), Tốc độ vòng quay 4P, IP55, Thép SS400 mạ kẽm nhúng nóng | T35: VNS-CF1S-8T Động cơ ATT IE1 | U35: TH VINASUN | V35: Việt Nam | W35: 46128447 | X35: 259848 | Y35: 3135815.7 | Z35: 4755995.8 | AA35: 3329197.1 | AB35: =SUM(W35:AA35) -> 57609304 | AC35: =F35*AB35 -> 57609304 | AD35: =R35*AB35 -> 57609304
B36: Tầng 1
A37: 24 | B37: QUẠT HÚT KHO HÀNG | C37: Cái | D37: 1 | E37: 1 | F37: =E37 -> 1 | G37: T1/EF-01 | H37: 1000 | I37: 50 | J37: Fan wall mounted | K37: 55 | L37: 0.37 | M37: 220/1/50 | N37: ≤ 65 dBA | O37: ≥ 50 % | P37: ≤ 1450 rpm | R37: 1 | S37: Quạt hút gắn tường T1/EF-01, Q=1000m3/h, 50Pa, CSĐ: 0.034kW, Điện áp 1P/220V/50Hz, Độ ồn 48 dBA (dBA @ 1m), Tốc độ vòng quay 4P, IP44, Nhựa PP | T37: VNS-AV6-25 | U37: TH VINASUN | V37: Việt Nam | W37: 422712 | X37: 0 | Y37: 164231.12 | Z37: 55573.727 | AA37: 38901.609 | AB37: =SUM(W37:AA37) -> 681418.45 | AC37: =F37*AB37 -> 681418.45 | AD37: =R37*AB37 -> 681418.45
A38: =A37+1 -> 25 | B38: QUẠT HÚT MÙI WC | C38: Cái | D38: 2 | E38: 2 | F38: =E38 -> 2 | G38: T1/EF-02,03 | H38: 100 | I38: 50 | J38: Fan ceiling | K38: 55 | L38: 0.03 | M38: 220/1/50 | N38: ≤ 65 dBA | O38: ≥ 50 % | R38: 2 | S38: Quạt hút mùi gắn trần nối ống gió kèm van 1 chiều T1/EF-02,03, Q=105m3/h, 50Pa, CSĐ: 0.016kW, Điện áp 1P/220V/50Hz, Độ ồn 34 dBA (dBA @ 1m), Tốc độ vòng quay 670 rpm, IP21, Nhựa ABS | T38: CPM 1515 | U38: Wolter | V38: Thailand | W38: 1166560 | X38: 0 | Y38: 159031.49 | Z38: 127331.83 | AA38: 89132.283 | AB38: =SUM(W38:AA38) -> 1542055.6 | AC38: =F38*AB38 -> 3084111.2 | AD38: =R38*AB38 -> 3084111.2
A39: =A38+1 -> 26 | B39: QUẠT HÚT MÙI WC TM | C39: Cái | D39: 1 | E39: 1 | F39: =E39 -> 1 | G39: T1/EF-04 | H39: 1000 | I39: 200 | J39: Axial Fan/In-Line Fan/ Cabinet Fan | K39: 55 | L39: 1.1 | M39: 220/1/50 | N39: ≤ 65 dBA | O39: ≥ 50 % | R39: 1 | S39: Quạt hút mùi ly tâm dạng hộp T1/EF-04, Q=1000m3/h, 200Pa, CSĐ: 0.065kW, Điện áp 1P/220V/50Hz, Độ ồn 51 dBA (dBA @ 3m), Tốc độ vòng quay 6P, IP54, Thép S400 mạ kẽm | T39: VNS-VF-315SI | U39: TH VINASUN | V39: Việt Nam | W39: 6062580 | X39: 259848 | Y39: 241929.92 | Z39: 610009.73 | AA39: 427006.81 | AB39: =SUM(W39:AA39) -> 7601374.5 | AC39: =F39*AB39 -> 7601374.5 | AD39: =R39*AB39 -> 7601374.5
A40: =A39+1 -> 27 | B40: QUẠT CẤP GIÓ TƯƠI TẦNG 1 | C40: Cái | D40: 1 | E40: 1 | F40: =E40 -> 1 | G40: T1/SF-01 | H40: 1800 | I40: 250 | J40: Axial Fan/In-Line Fan/ Cabinet Fan | K40: 55 | L40: 0.75 | M40: 220/1/50 | N40: ≤ 65 dBA | O40: ≥ 50 % | R40: 1 | S40: Quạt cấp gió tươi ly tâm dạng hộp T1/SF-01, Q=1800m3/h, 250Pa, CSĐ: 0.115kW, Điện áp 1P/220V/50Hz, Độ ồn 63 dBA (dBA @ 3m), Tốc độ vòng quay 4P, IP54, Thép SS400 mạ kẽm | T40: VNS-VF-315SI | U40: TH VINASUN | V40: Việt Nam | W40: 6841260 | X40: 259848 | Y40: 275051.25 | Z40: 688540.82 | AA40: 481978.57 | AB40: =SUM(W40:AA40) -> 8546678.6 | AC40: =F40*AB40 -> 8546678.6 | AD40: =R40*AB40 -> 8546678.6
A41: =A40+1 -> 28 | B41: QUẠT CẤP GIÓ TƯƠI TẦNG 1 | C41: Cái | D41: 1 | E41: 1 | F41: =E41 -> 1 | G41: T1/SF-02 | H41: 2000 | I41: 250 | J41: Axial Fan/In-Line Fan/ Cabinet Fan | K41: 55 | L41: 0.75 | M41: 220/1/50 | N41: ≤ 65 dBA | O41: ≥ 50 % | R41: 1 | S41: Quạt cấp gió tươi ly tâm dạng hộp T1/SF-02, Q=2000m3/h, 250Pa, CSĐ: 0.165kW, Điện áp 1P/220V/50Hz, Độ ồn 63 dBA (dBA @ 3m), Tốc độ vòng quay 4P, IP54, Thép SS400 mạ kẽm | T41: VNS-VF-355SI | U41: TH VINASUN | V41: Việt Nam | W41: 7397460 | X41: 259848 | Y41: 332554.89 | Z41: 747629.64 | AA41: 523340.75 | AB41: =SUM(W41:AA41) -> 9260833.3 | AC41: =F41*AB41 -> 9260833.3 | AD41: =R41*AB41 -> 9260833.3
A42: =A41+1 -> 29 | B42: QUẠT CẤP GIÓ TƯƠI TẦNG 1 | C42: Cái | D42: 1 | E42: 1 | F42: =E42 -> 1 | G42: T1/SF-03 | H42: 2200 | I42: 300 | J42: Axial Fan/In-Line Fan/ Cabinet Fan | K42: 55 | L42: 1.1 | M42: 380/3/50 | N42: ≤ 65 dBA | O42: ≥ 50 % | R42: 1 | S42: Quạt cấp gió tươi ly tâm dạng hộp T1/SF-03, Q=2200m3/h, 300Pa, CSĐ: 0.165kW, Điện áp 3P/380V/50Hz, Độ ồn 63 dBA (dBA @ 3m), Tốc độ vòng quay 4P, IP54, Thép SS400 mạ kẽm | T42: VNS-VF-355SI | U42: TH VINASUN | V42: Việt Nam | W42: 7397460 | X42: 259848 | Y42: 332554.89 | Z42: 747629.64 | AA42: 523340.75 | AB42: =SUM(W42:AA42) -> 9260833.3 | AC42: =F42*AB42 -> 9260833.3 | AD42: =R42*AB42 -> 9260833.3
A43: =A42+1 -> 30 | B43: QUẠT CẤP GIÓ TƯƠI TẦNG 1 | C43: Cái | D43: 1 | E43: 1 | F43: =E43 -> 1 | G43: T1/SF-04 | H43: 5000 | I43: 300 | J43: Axial Fan/In-Line Fan/ Cabinet Fan | K43: 55 | L43: 1.5 | M43: 380/3/50 | N43: ≤ 65 dBA | O43: ≥ 50 % | R43: 1 | S43: Quạt cấp gió tươi ly tâm dạng hộp T1/SF-04, Q=5000m3/h, 300Pa, CSĐ: 1.5kW, Điện áp 3P/380V/50Hz, Độ ồn 63 dBA (dBA @ 3m), Tốc độ vòng quay 6P, IP55, Thép SS400 mạ kẽm | T43: VNS-VF-380S Động cơ ATT IE1 | U43: TH VINASUN | V43: Việt Nam | W43: 14628060 | X43: 259848 | Y43: 568682.77 | Z43: 1470525.9 | AA43: 1029368.1 | AB43: =SUM(W43:AA43) -> 17956485 | AC43: =F43*AB43 -> 17956485 | AD43: =R43*AB43 -> 17956485
B44: Tầng 2
A45: 29 | B45: QUẠT HÚT MÙI WC | C45: Cái | D45: 1 | E45: 1 | F45: =E45 -> 1 | G45: T2/EF-01 | H45: 1300 | I45: 150 | J45: Axial Fan/In-Line Fan/ Cabinet Fan | K45: 55 | L45: 0.75 | M45: 220/1/50 | N45: ≤ 65 dBA | O45: ≥ 50 % | R45: 1 | S45: Quạt hút mùi ly tâm dạng hộp T2/EF-01, Q=1300m3/h, 150Pa, CSĐ: 0.085kW, Điện áp 1P/220V/50Hz, Độ ồn 57 dBA (dBA @ 3m), Tốc độ vòng quay 4P, IP54, Thép SS400 mạ kẽm | T45: VNS-VF-315SI | U45: TH VINASUN | V45: Việt Nam | W45: 6173820 | X45: 259848 | Y45: 241929.92 | Z45: 620809.73 | AA45: 434566.81 | AB45: =SUM(W45:AA45) -> 7730974.5 | AC45: =F45*AB45 -> 7730974.5 | AD45: =R45*AB45 -> 7730974.5
A46: =A45+1 -> 30 | B46: QUẠT HÚT MÙI KHO+QUẦY CHẾ BIẾN | C46: Cái | D46: 1 | E46: 1 | F46: =E46 -> 1 | G46: T2/EF-02 | H46: 3000 | I46: 250 | J46: Axial Fan/In-Line Fan/ Cabinet Fan | K46: 55 | L46: 0.75 | M46: 380/3/50 | N46: ≤ 65 dBA | O46: ≥ 50 % | P46: ≤ 1450 rpm | R46: 1 | S46: Quạt hút mùi ly tâm dạng hộp T2/EF-03, Q=3000m3/h, 250Pa, CSĐ: 0.75kW, Điện áp 3P/380V/50Hz, Độ ồn 62 dBA (dBA @ 3m), Tốc độ vòng quay 6P, IP55, Thép SS400 mạ kẽm | T46: VNS-VF-320S Động cơ ATT IE1 | U46: TH VINASUN | V46: Việt Nam | W46: 7731180 | X46: 259848 | Y46: 369521.3 | Z46: 783301 | AA46: 548310.7 | AB46: =SUM(W46:AA46) -> 9692161 | AC46: =F46*AB46 -> 9692161 | AD46: =R46*AB46 -> 9692161
A47: =A46+1 -> 31 | B47: QUẠT HÚT KHO | C47: Cái | D47: 1 | E47: 1 | F47: =E47 -> 1 | G47: T2/EF-03 | H47: 150 | I47: 20 | J47: Fan wall mounted | K47: 55 | L47: 0.37 | M47: 220/1/50 | N47: ≤ 65 dBA | O47: ≥ 50 % | P47: ≤ 1450 rpm | R47: 1 | S47: Quạt hút gắn tường T2/EF-03, Q=150m3/h, 20Pa, CSĐ: 0.029kW, Điện áp 1P/220V/50Hz, Độ ồn 45 dBA (dBA @ 1m), Tốc độ vòng quay 4P, IP44, Nhựa PP | T47: VNS-AV6-15 | U47: TH VINASUN | V47: Việt Nam | W47: 344844 | X47: 0 | Y47: 136854.3 | Z47: 45591 | AA47: 31913.7 | AB47: =SUM(W47:AA47) -> 559203 | AC47: =F47*AB47 -> 559203 | AD47: =R47*AB47 -> 559203
A48: =A47+1 -> 32 | B48: QUẠT CẤP GIÓ TƯƠI TẦNG 2 | C48: Cái | D48: 1 | E48: 1 | F48: =E48 -> 1 | G48: T2/SF-01 | H48: 5500 | I48: 300 | J48: Axial Fan/In-Line Fan/ Cabinet Fan | K48: 55 | L48: 1.5 | M48: 380/3/50 | N48: ≤ 65 dBA | O48: ≥ 50 % | R48: 1 | S48: Quạt cấp gió tươi ly tâm dạng hộp T2/SF-01, Q=5500m3/h, 300Pa, CSĐ: 1.5kW, Điện áp 3P/380V/50Hz, Độ ồn 65 dBA (dBA @ 3m), Tốc độ vòng quay 4P, IP55, Thép SS400 mạ kẽm | T48: VNS-VF-400S Động cơ ATT IE1 | U48: TH VINASUN | V48: Việt Nam | W48: 15462360 | X48: 259848 | Y48: 568682.77 | Z48: 1551525.9 | AA48: 1086068.1 | AB48: =SUM(W48:AA48) -> 18928485 | AC48: =F48*AB48 -> 18928485 | AD48: =R48*AB48 -> 18928485
A49: =A48+1 -> 33 | B49: QUẠT CẤP GIÓ TƯƠI TẦNG 2 | C49: Cái | D49: 1 | E49: 1 | F49: =E49 -> 1 | G49: T2/SF-02 | H49: 5500 | I49: 300 | J49: Axial Fan/In-Line Fan/ Cabinet Fan | K49: 55 | L49: 1.1 | M49: 380/3/50 | N49: ≤ 65 dBA | O49: ≥ 50 % | R49: 1 | S49: Quạt cấp gió tươi ly tâm dạng hộp T2/SF-02, Q=5500m3/h, 300Pa, CSĐ: 1.5kW, Điện áp 3P/380V/50Hz, Độ ồn 65 dBA (dBA @ 3m), Tốc độ vòng quay 4P, IP55, Thép SS400 mạ kẽm | T49: VNS-VF-400S Động cơ ATT IE1 | U49: TH VINASUN | V49: Việt Nam | W49: 15462360 | X49: 259848 | Y49: 568682.77 | Z49: 1551525.9 | AA49: 1086068.1 | AB49: =SUM(W49:AA49) -> 18928485 | AC49: =F49*AB49 -> 18928485 | AD49: =R49*AB49 -> 18928485
A50: =A49+1 -> 34 | B50: QUẠT CẤP GIÓ TƯƠI TẦNG 2 | C50: Cái | D50: 1 | E50: 1 | F50: =E50 -> 1 | G50: T2/SF-03 | H50: 4000 | I50: 300 | J50: Axial Fan/In-Line Fan/ Cabinet Fan | K50: 55 | L50: 1.5 | M50: 380/3/50 | N50: ≤ 65 dBA | O50: ≥ 50 % | R50: 1 | S50: Quạt cấp gió tươi ly tâm dạng hộp T2/SF-03, Q=4000m3/h, 300Pa, CSĐ: 1.5kW, Điện áp 3P/380V/50Hz, Độ ồn 63 dBA (dBA @ 3m), Tốc độ vòng quay 6P, IP55, Thép SS400 mạ kẽm | T50: VNS-VF-380S Động cơ ATT IE1 | U50: TH VINASUN | V50: Việt Nam | W50: 14628060 | X50: 259848 | Y50: 568682.77 | Z50: 1470525.9 | AA50: 1029368.1 | AB50: =SUM(W50:AA50) -> 17956485 | AC50: =F50*AB50 -> 17956485 | AD50: =R50*AB50 -> 17956485
A51: =A50+1 -> 35 | B51: QUẠT CẤP GIÓ TƯƠI TẦNG 2 | C51: Cái | D51: 1 | E51: 1 | F51: =E51 -> 1 | G51: T2/SF-04 | H51: 3500 | I51: 300 | J51: Axial Fan/In-Line Fan/ Cabinet Fan | K51: 55 | L51: 1.5 | M51: 380/3/50 | N51: ≤ 65 dBA | O51: ≥ 50 % | R51: 1 | S51: Quạt cấp gió tươi ly tâm dạng hộp T2/SF-04, Q=3500m3/h, 300Pa, CSĐ: 0.75kW, Điện áp 3P/380V/50Hz, Độ ồn 63 dBA (dBA @ 3m), Tốc độ vòng quay 6P, IP55, Thép SS400 mạ kẽm | T51: VNS-VF-380S Động cơ ATT IE1 | U51: TH VINASUN | V51: Việt Nam | W51: 13886460 | X51: 259848 | Y51: 369521.3 | Z51: 1380901 | AA51: 966630.7 | AB51: =SUM(W51:AA51) -> 16863361 | AC51: =F51*AB51 -> 16863361 | AD51: =R51*AB51 -> 16863361
A52: =A51+1 -> 36 | B52: QUẠT CẤP GIÓ TƯƠI TẦNG 2 | C52: Cái | D52: 1 | E52: 1 | F52: =E52 -> 1 | G52: T2/SF-05 | H52: 500 | I52: 150 | J52: Axial Fan/In-Line Fan/ Cabinet Fan | K52: 55 | L52: 0.55 | M52: 380/3/50 | N52: ≤ 65 dBA | O52: ≥ 50 % | R52: 1 | S52: Quạt cấp gió tươi ly tâm dạng hộp T2/SF-05, Q=500m3/h, 150Pa, CSĐ: 0.065kW, Điện áp 1P/220V/50Hz, Độ ồn 51 dBA (dBA @ 3m), Tốc độ vòng quay 6P, IP54, Thép SS400 mạ kẽm | T52: VNS-VF-315SI | U52: TH VINASUN | V52: Việt Nam | W52: 6062580 | X52: 259848 | Y52: 241929.92 | Z52: 610009.73 | AA52: 427006.81 | AB52: =SUM(W52:AA52) -> 7601374.5 | AC52: =F52*AB52 -> 7601374.5 | AD52: =R52*AB52 -> 7601374.5
B53: QUẠT CẤP GIÓ TƯƠI PHÒNG NHÂN VIÊN | C53: Cái | D53: 1 | F53: 1 | G53: T2/SF-** | H53: 600 | I53: 150 | J53: Axial Fan/In-Line Fan/ Cabinet Fan | K53: 55 | L53: 0.55 | M53: 380/3/50 | N53: ≤ 65 dBA | O53: ≥ 50 % | R53: 1 | S53: Quạt cấp gió tươi ly tâm dạng hộp T2/SF-05, Q=600m3/h, 150Pa, CSĐ: 0.065kW, Điện áp 1P/220V/50Hz, Độ ồn 51 dBA (dBA @ 3m), Tốc độ vòng quay 6P, IP54, Thép SS400 mạ kẽm | T53: VNS-VF-315SI | U53: TH VINASUN | V53: Việt Nam | W53: 6062580 | X53: 259848 | Y53: 241929.92 | Z53: 610009.73 | AA53: 427006.81 | AB53: =SUM(W53:AA53) -> 7601374.5 | AC53: =F53*AB53 -> 7601374.5 | AD53: =R53*AB53 -> 7601374.5
B54: Tầng 3
A55: =A52+1 -> 37 | B55: QUẠT HÚT MÙI WC | C55: Cái | D55: 1 | E55: 1 | F55: =E55 -> 1 | G55: T3/EF-01 | H55: 1300 | I55: 150 | J55: Axial Fan/In-Line Fan/ Cabinet Fan | K55: 55 | L55: 0.75 | M55: 220/1/50 | N55: ≤ 65 dBA | O55: ≥ 50 % | P55: ≤ 1450 rpm | R55: 1 | S55: Quạt hút mùi ly tâm dạng hộp T3/EF-01, Q=1300m3/h, 150Pa, CSĐ: 0.085kW, Điện áp 1P/220V/50Hz, Độ ồn 57 dBA (dBA @ 3m), Tốc độ vòng quay 4P, IP54, Thép SS400 mạ kẽm | T55: VNS-VF-315SI | U55: TH VINASUN | V55: Việt Nam | W55: 6173820 | X55: 259848 | Y55: 241929.92 | Z55: 620809.73 | AA55: 434566.81 | AB55: =SUM(W55:AA55) -> 7730974.5 | AC55: =F55*AB55 -> 7730974.5 | AD55: =R55*AB55 -> 7730974.5
A56: =A55+1 -> 38 | B56: QUẠT HÚT KHO | C56: Cái | D56: 1 | E56: 1 | F56: =E56 -> 1 | G56: T3/EF-02 | H56: 150 | I56: 20 | J56: Fan wall mounted | K56: 55 | L56: 0.37 | M56: 220/1/50 | N56: ≤ 65 dBA | O56: ≥ 50 % | R56: 1 | S56: Quạt hút gắn tường T3/EF-02, Q=150m3/h, 20Pa, CSĐ: 0.029kW, Điện áp 1P/220V/50Hz, Độ ồn 45 dBA (dBA @ 1m), Tốc độ vòng quay 4P, IP44, Nhựa PP | T56: VNS-AV6-15 | U56: TH VINASUN | V56: Việt Nam | W56: 344844 | X56: 0 | Y56: 136854.3 | Z56: 45591 | AA56: 31913.7 | AB56: =SUM(W56:AA56) -> 559203 | AC56: =F56*AB56 -> 559203 | AD56: =R56*AB56 -> 559203
A57: =A56+1 -> 39 | B57: QUẠT CẤP GIÓ TƯƠI TẦNG 3 | C57: Cái | D57: 2 | E57: 2 | F57: =E57 -> 2 | G57: T3/SF-01,02 | H57: 2500 | I57: 250 | J57: Axial Fan/In-Line Fan/ Cabinet Fan | K57: 55 | L57: 1.1 | M57: 380/3/50 | N57: ≤ 65 dBA | O57: ≥ 50 % | P57: ≤ 1450 rpm | R57: 2 | S57: Quạt cấp gió tươi ly tâm dạng trục T3/SF-01,02, Q=2500m3/h, 250Pa, CSĐ: 0.165kW, Điện áp 3P/380V/50Hz, Độ ồn 63 dBA (dBA @ 3m), Tốc độ vòng quay 4P, IP54, Thép SS400 mạ kẽm | T57: VNS-VF-355SI | U57: TH VINASUN | V57: Việt Nam | W57: 7397460 | X57: 259848 | Y57: 332554.89 | Z57: 747629.64 | AA57: 523340.75 | AB57: =SUM(W57:AA57) -> 9260833.3 | AC57: =F57*AB57 -> 18521667 | AD57: =R57*AB57 -> 18521667
A58: =A57+1 -> 40 | B58: QUẠT CẤP GIÓ TƯƠI TẦNG 3 | C58: Cái | D58: 1 | E58: 1 | F58: =E58 -> 1 | G58: T3/SF-03 | H58: 3800 | I58: 300 | J58: Axial Fan/In-Line Fan/ Cabinet Fan | K58: 55 | L58: 1.5 | M58: 380/3/50 | N58: ≤ 65 dBA | O58: ≥ 50 % | R58: 1 | S58: Quạt cấp gió tươi ly tâm dạng hộp T3/SF-03, Q=3800m3/h, 300Pa, CSĐ: 1.5kW, Điện áp 3P/380V/50Hz, Độ ồn 63 dBA (dBA @ 3m), Tốc độ vòng quay 6P, IP55, Thép SS400 mạ kẽm | T58: VNS-VF-380S Động cơ ATT IE1 | U58: TH VINASUN | V58: Việt Nam | W58: 14628060 | X58: 259848 | Y58: 369521.3 | Z58: 1452901 | AA58: 1017030.7 | AB58: =SUM(W58:AA58) -> 17727361 | AC58: =F58*AB58 -> 17727361 | AD58: =R58*AB58 -> 17727361
A59: =A58+1 -> 41 | B59: QUẠT CẤP GIÓ TƯƠI TẦNG 3 | C59: Cái | D59: 1 | E59: 1 | F59: =E59 -> 1 | G59: T3/SF-04 | H59: 2000 | I59: 200 | J59: Axial Fan/In-Line Fan/ Cabinet Fan | K59: 55 | L59: 0.75 | M59: 220/1/50 | N59: ≤ 65 dBA | O59: ≥ 50 % | R59: 1 | S59: Quạt cấp gió tươi ly tâm dạng hộp T3/SF-04, Q=2000m3/h, 200Pa, CSĐ: 0.165kW, Điện áp 3P/380V/50Hz, Độ ồn 63 dBA (dBA @ 3m), Tốc độ vòng quay 4P, IP54, Thép SS400 mạ kẽm | T59: VNS-VF-355SI | U59: TH VINASUN | V59: Việt Nam | W59: 7397460 | X59: 259848 | Y59: 332554.89 | Z59: 747629.64 | AA59: 523340.75 | AB59: =SUM(W59:AA59) -> 9260833.3 | AC59: =F59*AB59 -> 9260833.3 | AD59: =R59*AB59 -> 9260833.3
A60: =A59+1 -> 42 | B60: QUẠT CẤP GIÓ TƯƠI TẦNG 3 | C60: Cái | D60: 2 | E60: 2 | F60: =E60 -> 2 | G60: T3/SF-05,06 | H60: 4000 | I60: 300 | J60: Axial Fan/In-Line Fan/ Cabinet Fan | K60: 55 | L60: 0.75 | M60: 220/1/50 | N60: ≤ 65 dBA | O60: ≥ 50 % | R60: 2 | S60: Quạt cấp gió tươi ly tâm dạng hộp T3/SF-05,06, Q=4000m3/h, 300Pa, CSĐ: 1.5kW, Điện áp 3P/380V/50Hz, Độ ồn 63 dBA (dBA @ 3m), Tốc độ vòng quay 6P, IP55, Thép SS400 mạ kẽm | T60: VNS-VF-380S Động cơ ATT IE1 | U60: TH VINASUN | V60: Việt Nam | W60: 14628060 | X60: 259848 | Y60: 568682.77 | Z60: 1470525.9 | AA60: 1029368.1 | AB60: =SUM(W60:AA60) -> 17956485 | AC60: =F60*AB60 -> 35912970 | AD60: =R60*AB60 -> 35912970
A61: =A60+1 -> 43 | B61: QUẠT CẤP GIÓ TƯƠI TẦNG 3 | C61: Cái | D61: 1 | E61: 1 | F61: =E61 -> 1 | G61: T3/SF-07 | H61: 3500 | I61: 300 | J61: Axial Fan/In-Line Fan/ Cabinet Fan | K61: 55 | L61: 1.5 | M61: 380/3/50 | N61: ≤ 65 dBA | O61: ≥ 50 % | R61: 1 | S61: Quạt cấp gió tươi ly tâm dạng hộp T3/SF-03, Q=3500m3/h, 300Pa, CSĐ: 0.75kW, Điện áp 3P/380V/50Hz, Độ ồn 63 dBA (dBA @ 3m), Tốc độ vòng quay 6P, IP55, Thép SS400 mạ kẽm | T61: VNS-VF-380S Động cơ ATT IE1 | U61: TH VINASUN | V61: Việt Nam | W61: 13886460 | X61: 259848 | Y61: 369521.3 | Z61: 1380901 | AA61: 966630.7 | AB61: =SUM(W61:AA61) -> 16863361 | AC61: =F61*AB61 -> 16863361 | AD61: =R61*AB61 -> 16863361
A62: =A61+1 -> 44 | B62: QUẠT CẤP GIÓ TƯƠI TẦNG 3 | C62: Cái | D62: 1 | E62: 1 | F62: =E62 -> 1 | G62: T3/SF-08 | H62: 600 | I62: 150 | J62: Axial Fan/In-Line Fan/ Cabinet Fan | K62: 55 | L62: 1.5 | M62: 380/3/50 | N62: ≤ 65 dBA | O62: ≥ 50 % | R62: 1 | S62: Quạt cấp gió tươi ly tâm dạng hộp T3/SF-08, Q=600m3/h, 150Pa, CSĐ: 0.065kW, Điện áp 1P/220V/50Hz, Độ ồn 51 dBA (dBA @ 3m), Tốc độ vòng quay 6P, IP54, Thép SS400 mạ kẽm | T62: VNS-VF-315SI | U62: TH VINASUN | V62: Việt Nam | W62: 6062580 | X62: 259848 | Y62: 241929.92 | Z62: 610009.73 | AA62: 427006.81 | AB62: =SUM(W62:AA62) -> 7601374.5 | AC62: =F62*AB62 -> 7601374.5 | AD62: =R62*AB62 -> 7601374.5
B63: Tầng 4
A64: 45 | B64: QUẠT HÚT MÙI WC 1 | C64: Cái | D64: 1 | E64: 1 | F64: =E64 -> 1 | G64: T4/EF-01 | H64: 1300 | I64: 150 | J64: Axial Fan/In-Line Fan/ Cabinet Fan | K64: 55 | L64: 0.55 | M64: 220/1/50 | N64: ≤ 65 dBA | O64: ≥ 50 % | R64: 1 | S64: Quạt hút mùi ly tâm dạng hộp T4/EF-01, Q=1300m3/h, 150Pa, CSĐ: 0.085kW, Điện áp 1P/220V/50Hz, Độ ồn 57 dBA (dBA @ 3m), Tốc độ vòng quay 4P, IP54, Thép SS400 mạ kẽm | T64: VNS-VF-315SI | U64: TH VINASUN | V64: Việt Nam | W64: 6173820 | X64: 259848 | Y64: 241929.92 | Z64: 620809.73 | AA64: 434566.81 | AB64: =SUM(W64:AA64) -> 7730974.5 | AC64: =F64*AB64 -> 7730974.5 | AD64: =R64*AB64 -> 7730974.5
A65: =A64+1 -> 46 | B65: QUẠT HÚT MÙI WC 2 | C65: Cái | D65: 1 | E65: 1 | F65: =E65 -> 1 | G65: T4/EF-02 | H65: 600 | I65: 150 | J65: Axial Fan/In-Line Fan/ Cabinet Fan | K65: 55 | L65: 0.55 | M65: 220/1/50 | N65: ≤ 65 dBA | O65: ≥ 50 % | R65: 1 | S65: Quạt hút mùi hướng trục T4/EF-02, Q=600m3/h, 150Pa, CSĐ: 0.13kW, Điện áp 1P/220V/50Hz, Độ ồn 43 dBA (dBA @ 3m), Tốc độ vòng quay 2P, IP44, Nhựa ABS | T65: VNS-DP200 | U65: TH VINASUN | V65: Việt Nam | W65: 2002320 | X65: 259848 | Y65: 241929.92 | Z65: 215809.73 | AA65: 151066.81 | AB65: =SUM(W65:AA65) -> 2870974.5 | AC65: =F65*AB65 -> 2870974.5 | AD65: =R65*AB65 -> 2870974.5
A66: =A65+1 -> 47 | B66: QUẠT HÚT KHO | C66: Cái | D66: 1 | E66: 1 | F66: =E66 -> 1 | G66: T4/EF-03 | H66: 150 | I66: 20 | J66: Fan wall mounted | K66: 55 | L66: 0.37 | M66: 220/1/50 | N66: ≤ 65 dBA | O66: ≥ 50 % | R66: 1 | S66: Quạt hút gắn tường T4/EF-03, Q=150m3/h, 20Pa, CSĐ: 0.029kW, Điện áp 1P/220V/50Hz, Độ ồn 45 dBA (dBA @ 1m), Tốc độ vòng quay 4P, IP44, Nhựa PP | T66: VNS-AV6-15 | U66: TH VINASUN | V66: Việt Nam | W66: 344844 | X66: 0 | Y66: 136854.3 | Z66: 45591 | AA66: 31913.7 | AB66: =SUM(W66:AA66) -> 559203 | AC66: =F66*AB66 -> 559203 | AD66: =R66*AB66 -> 559203
A67: =A66+1 -> 48 | B67: QUẠT HÚT KHO | C67: Cái | D67: 3 | E67: 3 | F67: =E67 -> 3 | G67: T4/EF-04,05,06 | H67: 1000 | I67: 50 | J67: Fan wall mounted | K67: 55 | L67: 0.37 | M67: 220/1/50 | N67: ≤ 65 dBA | O67: ≥ 50 % | R67: 3 | S67: Quạt hút gắn tường T4/EF-04,05,06, Q=1000m3/h, 50Pa, CSĐ: 0.034kW, Điện áp 1P/220V/50Hz, Độ ồn 48 dBA (dBA @ 1m), Tốc độ vòng quay 4P, IP44, Nhựa PP | T67: VNS-AV6-25 | U67: TH VINASUN | V67: Việt Nam | W67: 422712 | X67: 0 | Y67: 164231.12 | Z67: 55573.727 | AA67: 38901.609 | AB67: =SUM(W67:AA67) -> 681418.45 | AC67: =F67*AB67 -> 2044255.4 | AD67: =R67*AB67 -> 2044255.4
A68: =A67+1 -> 49 | B68: QUẠT CẤP GIÓ TƯƠI TẦNG 4 | C68: Cái | D68: 1 | E68: 1 | F68: =E68 -> 1 | G68: T4/SF-01 | H68: 600 | I68: 150 | J68: Axial Fan/In-Line Fan/ Cabinet Fan | K68: 55 | L68: 0.37 | M68: 380/3/50 | N68: ≤ 65 dBA | O68: ≥ 50 % | R68: 1 | S68: Quạt cấp gió tươi hướng trục T4/SF-01, Q=600m3/h, 150Pa, CSĐ: 0.13kW, Điện áp 1P/220V/50Hz, Độ ồn 43 dBA (dBA @ 3m), Tốc độ vòng quay 2P, IP44, Nhựa ABS | T68: VNS-DP200 | U68: TH VINASUN | V68: Việt Nam | W68: 2002320 | X68: 259848 | Y68: 241929.92 | Z68: 215809.73 | AA68: 151066.81 | AB68: =SUM(W68:AA68) -> 2870974.5 | AC68: =F68*AB68 -> 2870974.5 | AD68: =R68*AB68 -> 2870974.5
A69: =A68+1 -> 50 | B69: QUẠT CẤP GIÓ TƯƠI TẦNG 4 | C69: Cái | D69: 1 | E69: 1 | F69: =E69 -> 1 | G69: T4/SF-02 | H69: 2200 | I69: 250 | J69: Axial Fan/In-Line Fan/ Cabinet Fan | K69: 55 | L69: 1.1 | M69: 380/3/50 | N69: ≤ 65 dBA | O69: ≥ 50 % | R69: 1 | S69: Quạt cấp gió tươi ly tâm dạng hộp T4/SF-02, Q=2200m3/h, 250Pa, CSĐ: 0.165kW, Điện áp 3P/380V/50Hz, Độ ồn 63 dBA (dBA @ 3m), Tốc độ vòng quay 4P, IP54, Thép SS400 mạ kẽm | T69: VNS-VF-355SI | U69: TH VINASUN | V69: Việt Nam | W69: 7397460 | X69: 259848 | Y69: 332554.89 | Z69: 747629.64 | AA69: 523340.75 | AB69: =SUM(W69:AA69) -> 9260833.3 | AC69: =F69*AB69 -> 9260833.3 | AD69: =R69*AB69 -> 9260833.3
A70: =A69+1 -> 51 | B70: QUẠT CẤP GIÓ TƯƠI TẦNG 4 | C70: Cái | D70: 1 | E70: 1 | F70: =E70 -> 1 | G70: T4/SF-03 | H70: 4500 | I70: 300 | J70: Axial Fan/In-Line Fan/ Cabinet Fan | K70: 55 | L70: 1.5 | M70: 380/3/50 | N70: ≤ 65 dBA | O70: ≥ 50 % | R70: 1 | S70: Quạt cấp gió tươi ly tâm dạng hộp T4/SF-03, Q=4500m3/h, 300Pa, CSĐ: 1.5kW, Điện áp 3P/380V/50Hz, Độ ồn 63 dBA (dBA @ 3m), Tốc độ vòng quay 6P, IP55, Thép SS400 mạ kẽm | T70: VNS-VF-380S Động cơ ATT IE1 | U70: TH VINASUN | V70: Việt Nam | W70: 14628060 | X70: 259848 | Y70: 568682.77 | Z70: 1470525.9 | AA70: 1029368.1 | AB70: =SUM(W70:AA70) -> 17956485 | AC70: =F70*AB70 -> 17956485 | AD70: =R70*AB70 -> 17956485
A71: =A70+1 -> 52 | B71: QUẠT CẤP GIÓ TƯƠI TẦNG 4 | C71: Cái | D71: 1 | E71: 1 | F71: =E71 -> 1 | G71: T4/SF-04 | H71: 6500 | I71: 300 | J71: Axial Fan/In-Line Fan/ Cabinet Fan | K71: 55 | L71: 1.5 | M71: 380/3/50 | N71: ≤ 65 dBA | O71: ≥ 50 % | R71: 1 | S71: Quạt cấp gió tươi ly tâm dạng hộp T4/SF-04, Q=6500m3/h, 300Pa, CSĐ: 1.5kW, Điện áp 3P/380V/50Hz, Độ ồn 65 dBA (dBA @ 3m), Tốc độ vòng quay 4P, IP55, Thép SS400 mạ kẽm | T71: VNS-VF-400S Động cơ ATT IE1 | U71: TH VINASUN | V71: Việt Nam | W71: 15462360 | X71: 259848 | Y71: 635069.25 | Z71: 1557400.8 | AA71: 1090180.6 | AB71: =SUM(W71:AA71) -> 19004859 | AC71: =F71*AB71 -> 19004859 | AD71: =R71*AB71 -> 19004859
A72: =A71+1 -> 53 | B72: QUẠT CẤP GIÓ TƯƠI TẦNG 4 | C72: Cái | D72: 1 | E72: 1 | F72: =E72 -> 1 | G72: T4/SF-05 | H72: 5000 | I72: 350 | J72: Axial Fan/In-Line Fan/ Cabinet Fan | K72: 55 | L72: 1.5 | M72: 380/3/50 | N72: ≤ 65 dBA | O72: ≥ 50 % | R72: 1 | S72: Quạt cấp gió tươi ly tâm dạng hộp T4/SF-05, Q=5000m3/h, 350Pa, CSĐ: 1.5W, Điện áp 3P/380V/50Hz, Độ ồn 63 dBA (dBA @ 3m), Tốc độ vòng quay 6P, IP55, Thép SS400 mạ kẽm | T72: VNS-VF-380S Động cơ ATT IE1 | U72: TH VINASUN | V72: Việt Nam | W72: 14628060 | X72: 259848 | Y72: 568682.77 | Z72: 1470525.9 | AA72: 1029368.1 | AB72: =SUM(W72:AA72) -> 17956485 | AC72: =F72*AB72 -> 17956485 | AD72: =R72*AB72 -> 17956485
B73: Tầng 5
A74: 50 | B74: QUẠT HÚT MÙI WC 1 | C74: Cái | D74: 1 | E74: 1 | F74: =E74 -> 1 | G74: T5/EF-01 | H74: 1300 | I74: 250 | J74: Axial Fan/In-Line Fan/ Cabinet Fan | K74: 55 | L74: 0.75 | M74: 220/1/50 | N74: ≤ 65 dBA | O74: ≥ 50 % | R74: 1 | S74: Quạt hút mùi ly tâm dạng hộp T5/EF-01, Q=1300m3/h, 250Pa, CSĐ: 0.085kW, Điện áp 1P/220V/50Hz, Độ ồn 57 dBA (dBA @ 3m), Tốc độ vòng quay 4P, IP4, Thép S400 mạ kẽm | T74: VNS-VF-315SI | U74: TH VINASUN | V74: Việt Nam | W74: 6173820 | X74: 259848 | Y74: 241929.92 | Z74: 620809.73 | AA74: 434566.81 | AB74: =SUM(W74:AA74) -> 7730974.5 | AC74: =F74*AB74 -> 7730974.5 | AD74: =R74*AB74 -> 7730974.5
A75: =A74+1 -> 51 | B75: QUẠT HÚT MÙI WC 2 | C75: Cái | D75: 1 | E75: 1 | F75: =E75 -> 1 | G75: T5/EF-02 | H75: 2000 | I75: 250 | J75: Axial Fan/In-Line Fan/ Cabinet Fan | K75: 55 | L75: 0.75 | M75: 220/1/50 | N75: ≤ 65 dBA | O75: ≥ 50 % | R75: 1 | S75: Quạt hút mùi ly tâm dạng hộp T5/EF-02, Q=2000m3/h, 250Pa, CSĐ: 0.165kW, Điện áp 1P/220V/50Hz, Độ ồn 63 dBA (dBA @ 3m), Tốc độ vòng quay 4P, IP54, Thép SS400 mạ kẽm | T75: VNS-VF-355SI | U75: TH VINASUN | V75: Việt Nam | W75: 7397460 | X75: 259848 | Y75: 332554.89 | Z75: 747629.64 | AA75: 523340.75 | AB75: =SUM(W75:AA75) -> 9260833.3 | AC75: =F75*AB75 -> 9260833.3 | AD75: =R75*AB75 -> 9260833.3
A76: =A75+1 -> 52 | B76: QUẠT HÚT MÙI WC 3 | C76: Cái | D76: 1 | E76: 1 | F76: =E76 -> 1 | G76: T5/EF-03 | H76: 750 | I76: 250 | J76: Axial Fan/In-Line Fan/ Cabinet Fan | K76: 55 | L76: 0.37 | M76: 220/1/50 | N76: ≤ 65 dBA | O76: ≥ 50 % | R76: 1 | S76: Quạt hút mùi hướng trục T5/EF-03, Q=750m3/h, 250Pa, CSĐ: 0.13kW, Điện áp 1P/220V/50Hz, Độ ồn 43 dBA (dBA @ 3m), Tốc độ vòng quay 2P, IP44, Nhựa ABS | T76: VNS-DP200 | U76: TH VINASUN | V76: Việt Nam | W76: 2002320 | X76: 259848 | Y76: 241929.92 | Z76: 215809.73 | AA76: 151066.81 | AB76: =SUM(W76:AA76) -> 2870974.5 | AC76: =F76*AB76 -> 2870974.5 | AD76: =R76*AB76 -> 2870974.5
A77: =A76+1 -> 53 | B77: QUẠT HÚT MÙI KHU SƠ CHẾ | C77: Cái | D77: 1 | E77: 1 | F77: =E77 -> 1 | G77: T5/EF-04 | H77: 1200 | I77: 250 | J77: Axial Fan/In-Line Fan/ Cabinet Fan | K77: 55 | L77: 0.75 | M77: 220/1/50 | N77: ≤ 65 dBA | O77: ≥ 50 % | R77: 1 | S77: Quạt hút mùi ly tâm dạng hộp T5/EF-04, Q=1300m3/h, 250Pa, CSĐ: 0.085kW, Điện áp 1P/220V/50Hz, Độ ồn 57 dBA (dBA @ 3m), Tốc độ vòng quay 4P, IP4, Thép S400 mạ kẽm | T77: VNS-VF-315SI | U77: TH VINASUN | V77: Việt Nam | W77: 6173820 | X77: 259848 | Y77: 241929.92 | Z77: 620809.73 | AA77: 434566.81 | AB77: =SUM(W77:AA77) -> 7730974.5 | AC77: =F77*AB77 -> 7730974.5 | AD77: =R77*AB77 -> 7730974.5
A78: =A77+1 -> 54 | B78: QUẠT HÚT MÙI WC 4 | C78: Cái | D78: 1 | E78: 1 | F78: =E78 -> 1 | G78: T5/EF-05 | H78: 700 | I78: 250 | J78: Axial Fan/In-Line Fan/ Cabinet Fan | K78: 55 | L78: 0.37 | M78: 220/1/50 | N78: ≤ 65 dBA | O78: ≥ 50 % | R78: 1 | S78: Quạt hút mùi hướng trục T5/È-05, Q=700m3/h, 250Pa, CSĐ: 0.13kW, Điện áp 1P/220V/50Hz, Độ ồn 43 dBA (dBA @ 3m), Tốc độ vòng quay 2P, IP44, Nhựa ABS | T78: VNS-DP200 | U78: TH VINASUN | V78: Việt Nam | W78: 2002320 | X78: 259848 | Y78: 241929.92 | Z78: 215809.73 | AA78: 151066.81 | AB78: =SUM(W78:AA78) -> 2870974.5 | AC78: =F78*AB78 -> 2870974.5 | AD78: =R78*AB78 -> 2870974.5
A79: =A78+1 -> 55 | B79: QUẠT HÚT MÙI KHU NHÀ HÀNG | C79: Cái | D79: 1 | E79: 1 | F79: =E79 -> 1 | G79: T5/EF-06 | H79: 9500 | I79: 300 | J79: Axial Fan/In-Line Fan/ Cabinet Fan | K79: 55 | L79: 4 | M79: 380/3/50 | N79: ≤ 65 dBA | O79: ≥ 50 % | R79: 1 | S79: Quạt hút mùi ly tâm dạng hộp T5/EF-06, Q=9500m3/h, 300Pa, CSĐ: 2.2kW, Điện áp 3P/380V/50Hz, Độ ồn 53 dBA (dBA @ 3m), Tốc độ vòng quay 4P, IP55, Thép SS400 mạ kẽm nhúng nóng | T79: VNS-CF1S-5T Động cơ ATT IE1 | U79: TH VINASUN | V79: Việt Nam | W79: 20034324 | X79: 259848 | Y79: 964523.83 | Z79: 2030436.1 | AA79: 1421305.3 | AB79: =SUM(W79:AA79) -> 24710437 | AC79: =F79*AB79 -> 24710437 | AD79: =R79*AB79 -> 24710437
A80: =A79+1 -> 56 | B80: QUẠT CẤP GIÓ TƯƠI TẦNG 5 | C80: Cái | D80: 1 | E80: 1 | F80: =E80 -> 1 | G80: T5/SF-01 | H80: 2200 | I80: 300 | J80: Axial Fan/In-Line Fan/ Cabinet Fan | K80: 55 | L80: 1.1 | M80: 380/3/50 | N80: ≤ 65 dBA | O80: ≥ 50 % | P80: ≤ 1450 rpm | R80: 1 | S80: Quạt cấp gió tươi ly tâm dạng hộp T5/SF-01, Q=2200m3/h, 300Pa, CSĐ: 0.165kW, Điện áp 3P/380V/50Hz, Độ ồn 63 dBA (dBA @ 3m), Tốc độ vòng quay 4P, IP54, Thép SS400 mạ kẽm | T80: VNS-VF-355SI | U80: TH VINASUN | V80: Việt Nam | W80: 7397460 | X80: 259848 | Y80: 332554.89 | Z80: 747629.64 | AA80: 523340.75 | AB80: =SUM(W80:AA80) -> 9260833.3 | AC80: =F80*AB80 -> 9260833.3 | AD80: =R80*AB80 -> 9260833.3
A81: =A80+1 -> 57 | B81: QUẠT CẤP GIÓ TƯƠI TẦNG 5 | C81: Cái | D81: 1 | E81: 1 | F81: =E81 -> 1 | G81: T5/SF-02 | H81: 4500 | I81: 300 | J81: Axial Fan/In-Line Fan/ Cabinet Fan | K81: 55 | L81: 1.5 | M81: 380/3/50 | N81: ≤ 65 dBA | O81: ≥ 50 % | R81: 1 | S81: Quạt cấp gió tươi ly tâm dạng hộp T5/SF-02, Q=4500m3/h, 300Pa, CSĐ: 1.5kW, Điện áp 3P/380V/50Hz, Độ ồn 63 dBA (dBA @ 3m), Tốc độ vòng quay 6P, IP55, Thép SS400 mạ kẽm | T81: VNS-VF-380S Động cơ ATT IE1 | U81: TH VINASUN | V81: Việt Nam | W81: 14628060 | X81: 259848 | Y81: 568682.77 | Z81: 1470525.9 | AA81: 1029368.1 | AB81: =SUM(W81:AA81) -> 17956485 | AC81: =F81*AB81 -> 17956485 | AD81: =R81*AB81 -> 17956485
A82: =A81+1 -> 58 | B82: QUẠT CẤP GIÓ TƯƠI TẦNG 5 | C82: Cái | D82: 1 | E82: 1 | F82: =E82 -> 1 | G82: T5/SF-03 | H82: 6500 | I82: 300 | J82: Axial Fan/In-Line Fan/ Cabinet Fan | K82: 55 | L82: 1.5 | M82: 380/3/50 | N82: ≤ 65 dBA | O82: ≥ 50 % | R82: 1 | S82: Quạt cấp gió tươi ly tâm dạng hộp T5/SF-03, Q=6500m3/h, 300Pa, CSĐ: 1.5kW, Điện áp 3P/380V/50Hz, Độ ồn 65 dBA (dBA @ 3m), Tốc độ vòng quay 4P, IP55, Thép SS400 mạ kẽm | T82: VNS-VF-400S Động cơ ATT IE1 | U82: TH VINASUN | V82: Việt Nam | W82: 15462360 | X82: 259848 | Y82: 635069.25 | Z82: 1557400.8 | AA82: 1090180.6 | AB82: =SUM(W82:AA82) -> 19004859 | AC82: =F82*AB82 -> 19004859 | AD82: =R82*AB82 -> 19004859
A83: =A82+1 -> 59 | B83: QUẠT CẤP GIÓ TƯƠI TẦNG 5 | C83: Cái | D83: 2 | E83: 2 | F83: =E83 -> 2 | G83: T5/SF-04,05 | H83: 4000 | I83: 300 | J83: Axial Fan/In-Line Fan/ Cabinet Fan | K83: 55 | L83: 1.5 | M83: 380/3/50 | N83: ≤ 65 dBA | O83: ≥ 50 % | R83: 2 | S83: Quạt cấp gió tươi ly tâm dạng hộp T5/SF-04,05, Q=4000m3/h, 300Pa, CSĐ: 1.5kW, Điện áp 3P/380V/50Hz, Độ ồn 63 dBA (dBA @ 3m), Tốc độ vòng quay 6P, IP55, Thép SS400 mạ kẽm | T83: VNS-VF-380S Động cơ ATT IE1 | U83: TH VINASUN | V83: Việt Nam | W83: 14628060 | X83: 259848 | Y83: 568682.77 | Z83: 1470525.9 | AA83: 1029368.1 | AB83: =SUM(W83:AA83) -> 17956485 | AC83: =F83*AB83 -> 35912970 | AD83: =R83*AB83 -> 35912970
A84: =A83+1 -> 60 | B84: QUẠT CẤP GIÓ TƯƠI BẾP TẦNG 5 | C84: Cái | D84: 1 | E84: 1 | F84: =E84 -> 1 | G84: T5/SF-06 | H84: 26000 | I84: 300 | J84: Axial Fan/In-Line Fan/ Cabinet Fan | K84: 55 | L84: 15 | M84: 380/3/50 | N84: ≤ 65 dBA | O84: ≥ 50 % | R84: 1 | S84: Quạt cấp gió tươi ly tâm dạng hộp T5/SF-06, Q=26000m3/h, 300Pa, CSĐ: 7.5W, Điện áp 3P/380V/50Hz, Độ ồn 61 dBA (dBA @ 3m), Tốc độ vòng quay 4P, IP55, Thép SS400 mạ kẽm nhúng nóng | T84: VNS-CF1S-7T Động cơ ATT IE1 | U84: TH VINASUN | V84: Việt Nam | W84: 31703400 | X84: 259848 | Y84: 1724120.1 | Z84: 3230577 | AA84: 2261403.9 | AB84: =SUM(W84:AA84) -> 39179349 | AC84: =F84*AB84 -> 39179349 | AD84: =R84*AB84 -> 39179349
B85: Tầng 23
A86: 61 | B86: QUẠT HÚT PHÒNG KT | C86: Cái | D86: 1 | E86: 1 | F86: =E86 -> 1 | G86: T23/EF-01 | H86: 650 | I86: 25 | J86: Fan wall mounted | K86: 55 | L86: 0.37 | M86: 220/1/50 | N86: ≤ 65 dBA | O86: ≥ 50 % | P86: ≤ 1450 rpm | R86: 1 | S86: Quạt hút gắn tường T23/EF-01, Q=650m3/h, 25Pa, CSĐ: 0.034kW, Điện áp 1P/220V/50Hz, Độ ồn 48 dBA (dBA @ 1m), Tốc độ vòng quay 4P, IP44, Nhựa PP | T86: VNS-AV6-25 | U86: TH VINASUN | V86: Việt Nam | W86: 422712 | X86: 0 | Y86: 164231.12 | Z86: 55573.727 | AA86: 38901.609 | AB86: =SUM(W86:AA86) -> 681418.45 | AC86: =F86*AB86 -> 681418.45 | AD86: =R86*AB86 -> 681418.45
A87: 62 | B87: QUẠT CẤP KHÍ TƯƠI CF | C87: Cái | D87: 1 | E87: 1 | F87: =E87 -> 1 | G87: T23/SF-01 | H87: 700 | I87: 150 | J87: Axial Fan/In-Line Fan/ Cabinet Fan | K87: 55 | L87: 0.37 | M87: 220/1/50 | N87: ≤ 65 dBA | O87: ≥ 50 % | R87: 1 | S87: Quạt cấp gió tươi hướng trục T23/SF-01, Q=710m3/h, 150Pa, CSĐ: 0.13kW, Điện áp 1P/220V/50Hz, Độ ồn 43 dBA (dBA @ 3m), Tốc độ vòng quay 2P, IP44, Nhựa ABS | T87: VNS-DP200 | U87: TH VINASUN | V87: Việt Nam | W87: 2002320 | X87: 259848 | Y87: 241929.92 | Z87: 215809.73 | AA87: 151066.81 | AB87: =SUM(W87:AA87) -> 2870974.5 | AC87: =F87*AB87 -> 2870974.5 | AD87: =R87*AB87 -> 2870974.5
A88: 63 | B88: QUẠT HÚT WC | C88: Cái | D88: 3 | E88: 3 | F88: =E88 -> 3 | G88: T23/EF-02,03,04 | H88: 100 | I88: 50 | J88: Fan ceiling | K88: 55 | L88: 0.03 | M88: 220/1/50 | N88: ≤ 65 dBA | O88: ≥ 50 % | R88: 3 | S88: Quạt hút mùi gắn trần nối ống gió kèm van 1 chiều T23/EF-02,03,04, Q=105m3/h, 50Pa, CSĐ: 0.016kW, Điện áp 1P/220V/50Hz, Độ ồn 34 dBA (dBA @ 1m), Tốc độ vòng quay 670 rpm, IP21, Nhựa ABS | T88: CPM 1515 | U88: Wolter | V88: Thailand | W88: 1166560 | X88: 0 | Y88: 159031.49 | Z88: 127331.83 | AA88: 89132.283 | AB88: =SUM(W88:AA88) -> 1542055.6 | AC88: =F88*AB88 -> 4626166.8 | AD88: =R88*AB88 -> 4626166.8
B89: Tầng 24
A90: 64 | B90: QUẠT HÚT PHÒNG KTTM | C90: Cái | D90: 1 | E90: 1 | F90: =E90 -> 1 | G90: T24/EF-01 | H90: 3500 | I90: 50 | J90: Fan wall mounted | K90: 55 | L90: 0.75 | M90: 220/1/50 | N90: ≤ 65 dBA | O90: ≥ 50 % | P90: ≤ 1450 rpm | R90: 1 | S90: Quạt hút hướng trục vuông T24/EF-01, Q=3500m3/h, 50Pa, CSĐ: 0.16kW, Điện áp 1P/220V/50Hz, Độ ồn 65 dBA (dBA @ 1m), Tốc độ vòng quay 4P, IP54, Thép mạ kẽm | T90: VNS-AF9-4T | U90: TH VINASUN | V90: Việt Nam | W90: 4088070 | X90: 259848 | Y90: 390084.22 | Z90: 431420.73 | AA90: 301994.51 | AB90: =SUM(W90:AA90) -> 5471417.5 | AC90: =F90*AB90 -> 5471417.5 | AD90: =R90*AB90 -> 5471417.5
B91: Tầng 25
A92: 65 | B92: QUẠT HÚT MÙI PHÒNG RÁC | C92: Cái | D92: 2 | E92: 2 | F92: =E92 -> 2 | G92: B-T24/EF-1.01,1.02 | H92: 7000 | I92: 450 | J92: Centrifugal Fan | K92: 55 | L92: 3.7 | M92: 220/1/50 | N92: ≤ 65 dBA | O92: ≥ 50 % | P92: ≤ 1450 rpm | R92: 2 | S92: Quạt hút mùi ly tâm dạng hộp B-T24/EF-1.01,1.02, Q=7000m3/h, 450Pa, CSĐ: 2.2kW, Điện áp 3P/380V/50Hz, Độ ồn 53 dBA (dBA @ 3m), Tốc độ vòng quay 4P, IP55, Thép SS400 mạ kẽm nhúng nóng | T92: VNS-CF1S-5T Động cơ ATT IE1 | U92: TH VINASUN | V92: Việt Nam | W92: 20034324 | X92: 259848 | Y92: 635069.25 | Z92: 2001280.8 | AA92: 1400896.6 | AB92: =SUM(W92:AA92) -> 24331419 | AC92: =F92*AB92 -> 48662837 | AD92: =R92*AB92 -> 48662837
B93: Tầng Tum | C93: Cái
A94: 66 | B94: QUẠT HÚT PHÒNG KT1 | C94: Cái | D94: 1 | E94: 1 | F94: =E94 -> 1 | G94: TT/EF-01 | H94: 1200 | I94: 50 | J94: Fan wall mounted | K94: 55 | L94: 0.37 | M94: 220/1/50 | N94: ≤ 65 dBA | O94: ≥ 50 % | P94: ≤ 1450 rpm | R94: 1 | S94: Quạt hút gắn tường TT/EF-01, Q=1200m3/h, 50Pa, CSĐ: 0.035kW, Điện áp 1P/220V/50Hz, Độ ồn 50 dBA (dBA @ 1m), Tốc độ vòng quay 4P, IP44, Nhựa PP | T94: VNS-AV6-30 | U94: TH VINASUN | V94: Việt Nam | W94: 540626.4 | X94: 0 | Y94: 239515.83 | Z94: 73684.091 | AA94: 51578.864 | AB94: =SUM(W94:AA94) -> 905405.18 | AC94: =F94*AB94 -> 905405.18 | AD94: =R94*AB94 -> 905405.18
A95: 67 | B95: QUẠT HÚT PHÒNG KT2 | C95: Cái | D95: 1 | E95: 1 | F95: =E95 -> 1 | G95: TT/EF-02 | H95: 2200 | I95: 50 | J95: Fan wall mounted | K95: 55 | L95: 0.37 | M95: 220/1/50 | N95: ≤ 65 dBA | O95: ≥ 50 % | R95: 1 | S95: Quạt hút hướng trục vuông TT/EF-02, Q=2200m3/h, 50Pa, CSĐ: 0.11kW, Điện áp 1P/220V/50Hz, Độ ồn 62 dBA (dBA @ 1m), Tốc độ vòng quay 4P, IP54, Thép mạ kẽm | T95: VNS-LS-35 | U95: TH VINASUN | V95: Việt Nam | W95: 3737664 | X95: 259848 | Y95: 345598.17 | Z95: 393463.91 | AA95: 275424.74 | AB95: =SUM(W95:AA95) -> 5011998.8 | AC95: =F95*AB95 -> 5011998.8 | AD95: =R95*AB95 -> 5011998.8
A96: 68 | B96: QUẠT HÚT PHÒNG KTTM | C96: Cái | D96: 2 | E96: 2 | F96: =E96 -> 2 | G96: TT/EF-03,04 | H96: 3500 | I96: 50 | J96: Fan wall mounted | K96: 55 | L96: 0.55 | M96: 220/1/50 | N96: ≤ 65 dBA | O96: ≥ 50 % | R96: 2 | S96: Quạt hút hướng trục vuông TT/EF-03,04, Q=3500m3/h, 50Pa, CSĐ: 0.16kW, Điện áp 1P/220V/50Hz, Độ ồn 65 dBA (dBA @ 1m), Tốc độ vòng quay 4P, IP54, Thép mạ kẽm | T96: VNS-LS-40 | U96: TH VINASUN | V96: Việt Nam | W96: 4088070 | X96: 259848 | Y96: 390084.22 | Z96: 431420.73 | AA96: 301994.51 | AB96: =SUM(W96:AA96) -> 5471417.5 | AC96: =F96*AB96 -> 10942835 | AD96: =R96*AB96 -> 10942835
A97: 69 | B97: QUẠT HÚT MÙI BẾP THƯƠNG MẠI T5 | C97: Cái | D97: 2 | E97: 2 | F97: =E97 -> 2 | G97: A-TT/KEF-01,01,1 | H97: 30000 | I97: 550 | J97: Centrifugal Fan | K97: 55 | L97: 15 | M97: 380/3/50 | N97: ≤ 65 dBA | O97: ≥ 50 % | R97: 2 | S97: Quạt hút mùi ly tâm A-TT/KEF-01,01.1, Q=30000m3/h, 550Pa, CSĐ: 11kW, Điện áp 3P/380V/50Hz, Độ ồn 74 dBA (dBA @ 3m), Tốc độ vòng quay 4P, IP55, Thép SS400 mạ kẽm nhúng nóng | T97: VNS-FPC-820T Động cơ ATT IE1 | U97: TH VINASUN | V97: Việt Nam | W97: 45274680 | X97: 259848 | Y97: 2229872.1 | Z97: 4592933.8 | AA97: 3215053.7 | AB97: =SUM(W97:AA97) -> 55572388 | AC97: =F97*AB97 -> 1.1114478e+08 | AD97: =R97*AB97 -> 1.1114478e+08
B98: Tầng Mái | C98: Cái
A99: 70 | B99: QUẠT HÚT MÙI BẾP ẨM THỰC T3 | C99: Cái | D99: 2 | E99: 2 | F99: =E99 -> 2 | G99: A-TM/KEF-01,01,1 | H99: 50000 | I99: 600 | J99: Centrifugal Fan | K99: 55 | L99: 22 | M99: 380/3/50 | N99: ≤ 65 dBA | O99: ≥ 50 % | R99: 2 | S99: Quạt hút mùi ly tâm A-TM/KEF-01,01.1, Q=50000m3/h, 600Pa, CSĐ: 15kW, Điện áp 3P/380V/50Hz, Độ ồn 79 dBA (dBA @ 3m), Tốc độ vòng quay 4P, IP55, Thép SS400 mạ kẽm nhúng nóng | T99: VNS-CF1-9T Động cơ ATT IE1 | U99: TH VINASUN | V99: Việt Nam | W99: 60069600 | X99: 259848 | Y99: 3646989.7 | Z99: 6154742.5 | AA99: 4308319.7 | AB99: =SUM(W99:AA99) -> 74439500 | AC99: =F99*AB99 -> 1.48879e+08 | AD99: =R99*AB99 -> 1.48879e+08
A100: 71 | B100: QUẠT HÚT MÙI PHÒNG RÁC | C100: Cái | D100: 2 | E100: 2 | F100: =E100 -> 2 | G100: A-TM/EF-01 | H100: 4500 | I100: 400 | J100: Centrifugal Fan | K100: 55 | L100: 4 | M100: 380/3/50 | N100: ≤ 65 dBA | O100: ≥ 50 % | R100: 2 | S100: Quạt hút mùi ly tâm A-TM/EF-01, Q=4500m3/h, 400Pa, CSĐ: 2.2kW, Điện áp 3P/380V/50Hz, Độ ồn 70 dBA (dBA @ 3m), Tốc độ vòng quay 4P, IP55, Thép SS400 mạ kẽm nhúng nóng | T100: VNS-FPC-450T Động cơ ATT IE1 | U100: TH VINASUN | V100: Việt Nam | W100: 14361084 | X100: 259848 | Y100: 568682.77 | Z100: 1444605.9 | AA100: 1011224.1 | AB100: =SUM(W100:AA100) -> 17645445 | AC100: =F100*AB100 -> 35290890 | AD100: =R100*AB100 -> 35290890
A101: II | B101: QUẠT TĂNG ÁP - HÚT KHÓI TẦNG HẦM - MÁI
...

Sheet 4.3 DHKK & TG
A1: Dự án: TOÀ NHÀ HỖN HỢP HACOM MALL
A2: Gói thầu: CUNG CẤP VTTB VÀ THI CÔNG LẮP ĐẶT HỆ THỐNG CƠ ĐIỆN
A3: Hạng mục: HỆ THỐNG HVAC
A5: KHỐI LƯỢNG MỜI THẦU | F5: CÔNG TY TNHH XÂY LẮP VÀ THƯƠNG MẠI LINH ANH
A6: STT | B6: Diễn giải | C6: Đơn vị | D6: KL Mời thầu Lần 2 | E6: GHI CHÚ | F6: KL Nhà thầu chào | G6: THÔNG TIN VỀ VẬT LIỆU CHÍNH | K6: ĐƠN GIÁ (chưa bao gồm VAT) | Q6: Thành tiền BOQ | S6: Ghi chú
G7: Mô tả/ Quy cách | H7: Mã hiệu | I7: Thương hiệu | J7: Xuất xứ | K7: VL chính | L7: VL phụ | M7: NC&M | N7: CF quản lý | O7: Lợi nhuận | P7: ĐG tổng hợp | Q7: Thành tiền KLMT | R7: Thành tiền Nhà thầu chào
A8: 1 | B8: 2 | C8: 3 | D8: 4 | E8: 5 | F8: 6 | G8: 7 | H8: 8 | I8: 9 | J8: 10 | K8: 11 | L8: 12 | M8: 13 | N8: 14 | O8: 15 | P8: 16=11+12+13+14+15 | Q8: 17=4*16 | R8: 18=6*16 | S8: 19
A9: A | B9: ĐẦU MỤC CÔNG VIỆC THEO KLMT | Q9: =SUBTOTAL(9,Q10:Q1109) -> 3.9162587e+10 | R9: =SUBTOTAL(9,R10:R1109) -> 3.9162587e+10
B10: THIẾT BỊ & VẬT TƯ LẮP ĐẶT ĐIỀU HÒA KHÔNG KHÍ & THÔNG GIÓ PHẦN CHUNG
A11: A1 | B11: PHÂN VẬT TƯ LẮP ĐẶT ỐNG GIÓ
A12: I | B12: HỆ THỐNG THÔNG GIÓ SỰ CỐ
A13: 1. | B13: HỆ THỐNG THÔNG GIÓ HÚT TẦNG HẦM
A14: 1.1 | B14: Ống gió gió tôn tráng kẽm có giới hạn chịu lửa EI 60
B15: KT 600x300 | C15: M | D15: 87 | F15: 87 | G15: Tôn mạ kẽm Z08 dày 0.75mm + lớp tấm chống cháy SMD60 dày 5.5mm | I15: Eusduct | J15: Việt Nam | K15: 634510.8 | L15: 0 | M15: 313575 | N15: 85962 | O15: 60173.4 | P15: =SUM(K15:O15) -> 1094221.2 | Q15: =D15*P15 -> 95197244 | R15: =F15*P15 -> 95197244
B16: KT 900x300 | C16: M | D16: 112 | F16: 112 | G16: Tôn mạ kẽm Z08 dày 0.75mm + lớp tấm chống cháy SMD60 dày 5.5mm | I16: Eusduct | J16: Việt Nam | K16: 846014.4 | L16: 0 | M16: 418100 | N16: 114616 | O16: 80231.2 | P16: =SUM(K16:O16) -> 1458961.6 | Q16: =D16*P16 -> 1.634037e+08 | R16: =F16*P16 -> 1.634037e+08
B17: KT 1200x300 | C17: M | D17: 93 | F17: 93 | G17: Tôn mạ kẽm Z08 dày 0.75mm + lớp tấm chống cháy SMD60 dày 5.5mm | I17: Eusduct | J17: Việt Nam | K17: 1073541 | L17: 0 | M17: 522625 | N17: 144740 | O17: 101318 | P17: =SUM(K17:O17) -> 1842224 | Q17: =D17*P17 -> 171326832 | R17: =F17*P17 -> 171326832
B18: KT 1200x350 | C18: M | D18: 23 | F18: 23 | G18: Tôn mạ kẽm Z08 dày 0.75mm + lớp tấm chống cháy SMD60 dày 5.5mm | I18: Eusduct | J18: Việt Nam | K18: 1108791.6 | L18: 0 | M18: 540045.83 | N18: 149515.67 | O18: 104660.97 | P18: =SUM(K18:O18) -> 1903014.1 | Q18: =D18*P18 -> 43769324 | R18: =F18*P18 -> 43769324
B19: KT 1400x300 | C19: M | D19: 125 | F19: 125 | G19: Tôn mạ kẽm Z08 dày 0.75mm + lớp tấm chống cháy SMD60 dày 5.5mm | I19: Eusduct | J19: Việt Nam | K19: 1214543.4 | L19: 0 | M19: 592308.33 | N19: 163842.67 | O19: 114689.87 | P19: =SUM(K19:O19) -> 2085384.3 | Q19: =D19*P19 -> 2.6067303e+08 | R19: =F19*P19 -> 2.6067303e+08
B20: KT 1400x350 | C20: M | D20: 46 | F20: 46 | G20: Tôn mạ kẽm Z08 dày 0.75mm + lớp tấm chống cháy SMD60 dày 5.5mm | I20: Eusduct | J20: Việt Nam | K20: 1249794 | L20: 0 | M20: 609729.17 | N20: 168618.33 | O20: 118032.83 | P20: =SUM(K20:O20) -> 2146174.3 | Q20: =D20*P20 -> 98724019 | R20: =F20*P20 -> 98724019
B21: KT 1600x300 | C21: M | D21: 32 | F21: 32 | G21: Tôn mạ kẽm Z08 dày 0.75mm + lớp tấm chống cháy SMD60 dày 5.5mm | I21: Eusduct | J21: Việt Nam | K21: 1371568.8 | L21: 0 | M21: 661991.67 | N21: 184415.33 | O21: 129090.73 | P21: =SUM(K21:O21) -> 2347066.5 | Q21: =D21*P21 -> 75106129 | R21: =F21*P21 -> 75106129
B22: KT 1600x350 | C22: M | D22: 16 | F22: 16 | G22: Tôn mạ kẽm Z08 dày 0.75mm + lớp tấm chống cháy SMD60 dày 5.5mm | I22: Eusduct | J22: Việt Nam | K22: 1406819.4 | L22: 0 | M22: 679412.5 | N22: 189191 | O22: 132433.7 | P22: =SUM(K22:O22) -> 2407856.6 | Q22: =D22*P22 -> 38525706 | R22: =F22*P22 -> 38525706
B23: KT 1700x3200 | C23: M | D23: 7 | F23: 7 | G23: Tôn mạ kẽm Z08 dày 0.75mm + lớp tấm chống cháy SMD60 dày 5.5mm | I23: Eusduct | J23: Việt Nam | K23: 3599834 | L23: 0 | M23: 1707241.7 | N23: 481343.33 | O23: 336940.33 | P23: =SUM(K23:O23) -> 6125359.3 | Q23: =D23*P23 -> 42877515 | R23: =F23*P23 -> 42877515
B24: KT 1800x300 | C24: M | D24: 7 | F24: 7 | G24: Tôn mạ kẽm Z08 dày 0.75mm + lớp tấm chống cháy SMD60 dày 5.5mm | I24: Eusduct | J24: Việt Nam | K24: 1512571.2 | L24: 0 | M24: 731675 | N24: 203518 | O24: 142462.6 | P24: =SUM(K24:O24) -> 2590226.8 | Q24: =D24*P24 -> 18131588 | R24: =F24*P24 -> 18131588
B25: KT 1800x350 | C25: M | D25: 58 | F25: 58 | G25: Tôn mạ kẽm Z08 dày 0.75mm + lớp tấm chống cháy SMD60 dày 5.5mm | I25: Eusduct | J25: Việt Nam | K25: 1547821.8 | L25: 0 | M25: 749095.83 | N25: 208293.67 | O25: 145805.57 | P25: =SUM(K25:O25) -> 2651016.9 | Q25: =D25*P25 -> 1.5375898e+08 | R25: =F25*P25 -> 1.5375898e+08
B26: KT 2500x1000 | C26: M | D26: 9 | F26: 9 | G26: Tôn mạ kẽm Z08 dày 0.75mm + lớp tấm chống cháy SMD60 dày 5.5mm | I26: Eusduct | J26: Việt Nam | K26: 2552998 | L26: 0 | M26: 1219458.3 | N26: 342136.67 | O26: 239495.67 | P26: =SUM(K26:O26) -> 4354088.7 | Q26: =D26*P26 -> 39186798 | R26: =F26*P26 -> 39186798
... B28: KT: 1100x600 | C28: m | D28: 4 | F28: 4 | G28: Tôn mạ kẽm Z08 dày 0.75mm + lớp tấm chống cháy SMD60 dày 5.5mm | I28: Eusduct | J28: Việt Nam | K28: 1198520.4 | L28: 0 | M28: 592308.33 | N28: 162372.67 | O28: 113660.87 | P28: =SUM(K28:O28) -> 2066862.3 | Q28: =D28*P28 -> 8267449.1 | R28: =F28*P28 -> 8267449.1
A29: 1.2 | B29: Cút 90 độ ống gió tôn tráng kẽm có giới hạn chịu lửa EI 60
B30: KT 1200x300 | C30: Cái | D30: 4 | F30: 4 | G30: Tôn mạ kẽm Z08 dày 0.75mm + lớp tấm chống cháy SMD60 dày 5.5mm | I30: Eusduct | J30: Việt Nam | K30: 3005655 | L30: 0 | M30: 984277.08 | N30: 362852.33 | O30: 253996.63 | P30: =SUM(K30:O30) -> 4606781 | Q30: =D30*P30 -> 18427124 | R30: =F30*P30 -> 18427124
B31: KT 1200x350 | C31: Cái | D31: 2 | F31: 2 | G31: Tôn mạ kẽm Z08 dày 0.75mm + lớp tấm chống cháy SMD60 dày 5.5mm | I31: Eusduct | J31: Việt Nam | K31: 3105690.5 | L31: 0 | M31: 1017376.7 | N31: 374959.06 | O31: 262471.34 | P31: =SUM(K31:O31) -> 4760497.5 | Q31: =D31*P31 -> 9520995.1 | R31: =F31*P31 -> 9520995.1
B32: KT 1400x300 | C32: Cái | D32: 4 | F32: 4 | G32: Tôn mạ kẽm Z08 dày 0.75mm + lớp tấm chống cháy SMD60 dày 5.5mm | I32: Eusduct | J32: Việt Nam | K32: 3969806.5 | L32: 0 | M32: 1303078.3 | N32: 479519.1 | O32: 335663.37 | P32: =SUM(K32:O32) -> 6088067.3 | Q32: =D32*P32 -> 24352269 | R32: =F32*P32 -> 24352269
B33: KT: 1800x350 | C33: Cái | D33: 5 | F33: 5 | G33: Tôn mạ kẽm Z08 dày 0.75mm + lớp tấm chống cháy SMD60 dày 5.5mm | I33: Eusduct | J33: Việt Nam | K33: 6460992.7 | L33: 0 | M33: 2118373.3 | N33: 780218.29 | O33: 546152.81 | P33: =SUM(K33:O33) -> 9905737.2 | Q33: =D33*P33 -> 49528686 | R33: =F33*P33 -> 49528686
B34: KT: 900x300 | C34: Cái | D34: 2 | F34: 2 | G34: Tôn mạ kẽm Z08 dày 0.75mm + lớp tấm chống cháy SMD60 dày 5.5mm | I34: Eusduct | J34: Việt Nam | K34: 1793969.3 | L34: 0 | M34: 590566.25 | N34: 216846.84 | O34: 151792.79 | P34: =SUM(K34:O34) -> 2753175.1 | Q34: =D34*P34 -> 5506350.3 | R34: =F34*P34 -> 5506350.3
B35: KT: 1600x350 | C35: Cái | D35: 2 | F35: 2 | G35: Tôn mạ kẽm Z08 dày 0.75mm + lớp tấm chống cháy SMD60 dày 5.5mm | I35: Eusduct | J35: Việt Nam | K35: 5214837 | L35: 0 | M35: 1707241.7 | N35: 629508.75 | O35: 440656.12 | P35: =SUM(K35:O35) -> 7992243.6 | Q35: =D35*P35 -> 15984487 | R35: =F35*P35 -> 15984487
B36: KT: 1800x300 | C36: Cái | D36: 1 | F36: 1 | G36: Tôn mạ kẽm Z08 dày 0.75mm + lớp tấm chống cháy SMD60 dày 5.5mm | I36: Eusduct | J36: Việt Nam | K36: 6311415.9 | L36: 0 | M36: 2069595 | N36: 762178.98 | O36: 533525.29 | P36: =SUM(K36:O36) -> 9676715.2 | Q36: =D36*P36 -> 9676715.2 | R36: =F36*P36 -> 9676715.2
A37: 1.3 | B37: Côn thu ống gió tôn tráng kẽm có giới hạn chịu lửa EI 60
B38: KT 900x300/600x300 | C38: Cái | D38: 4 | F38: 4 | G38: Tôn mạ kẽm Z08 dày 0.75mm + lớp tấm chống cháy SMD60 dày 5.5mm | I38: Eusduct | J38: Việt Nam | K38: 468737.71 | L38: 0 | M38: 184660.83 | N38: 59345.126 | O38: 41541.588 | P38: =SUM(K38:O38) -> 754285.26 | Q38: =D38*P38 -> 3017141 | R38: =F38*P38 -> 3017141
B39: KT 1200x300/900x300 | C39: Cái | D39: 4 | F39: 4 | G39: Tôn mạ kẽm Z08 dày 0.75mm + lớp tấm chống cháy SMD60 dày 5.5mm | I39: Eusduct | J39: Việt Nam | K39: 616235.92 | L39: 0 | M39: 236923.33 | N39: 77502.072 | O39: 54251.45 | P39: =SUM(K39:O39) -> 984912.77 | Q39: =D39*P39 -> 3939651.1 | R39: =F39*P39 -> 3939651.1
B40: KT 1200x300/1200x200 | C40: Cái | D40: 0 | F40: 0
B41: KT 1200x350/900x300 | C41: Cái | D41: 1 | F41: 1 | G41: Tôn mạ kẽm Z08 dày 0.75mm + lớp tấm chống cháy SMD60 dày 5.5mm | I41: Eusduct | J41: Việt Nam | K41: 628621.26 | L41: 0 | M41: 242149.58 | N41: 79100.842 | O41: 55370.59 | P41: =SUM(K41:O41) -> 1005242.3 | Q41: =D41*P41 -> 1005242.3 | R41: =F41*P41 -> 1005242.3
B42: KT 1400x300/900x300 | C42: Cái | D42: 3 | F42: 3 | G42: Tôn mạ kẽm Z08 dày 0.75mm + lớp tấm chống cháy SMD60 dày 5.5mm | I42: Eusduct | J42: Việt Nam | K42: 670540.9 | L42: 0 | M42: 259570.42 | N42: 84488.347 | O42: 59141.843 | P42: =SUM(K42:O42) -> 1073741.5 | Q42: =D42*P42 -> 3221224.5 | R42: =F42*P42 -> 3221224.5
B43: KT 1400x300/1200x300 | C43: Cái | D43: 1 | F43: 1 | G43: Tôn mạ kẽm Z08 dày 0.75mm + lớp tấm chống cháy SMD60 dày 5.5mm | I43: Eusduct | J43: Việt Nam | K43: 723893.16 | L43: 0 | M43: 280475.42 | N43: 91233.05 | O43: 63863.135 | P43: =SUM(K43:O43) -> 1159464.8 | Q43: =D43*P43 -> 1159464.8 | R43: =F43*P43 -> 1159464.8
B44: KT 1400x350/1200x300 | C44: Cái | D44: 1 | F44: 1 | G44: Tôn mạ kẽm Z08 dày 0.75mm + lớp tấm chống cháy SMD60 dày 5.5mm | I44: Eusduct | J44: Việt Nam | K44: 735325.78 | L44: 0 | M44: 283959.58 | N44: 92590.248 | O44: 64813.173 | P44: =SUM(K44:O44) -> 1176688.8 | Q44: =D44*P44 -> 1176688.8 | R44: =F44*P44 -> 1176688.8
B45: KT 1400x350/1200x350 | C45: Cái | D45: 1 | F45: 1 | G45: Tôn mạ kẽm Z08 dày 0.75mm + lớp tấm chống cháy SMD60 dày 5.5mm | I45: Eusduct | J45: Việt Nam | K45: 745805.69 | L45: 0 | M45: 289185.83 | N45: 94014.207 | O45: 65809.945 | P45: =SUM(K45:O45) -> 1194815.7 | Q45: =D45*P45 -> 1194815.7 | R45: =F45*P45 -> 1194815.7
B46: KT 1600x300/1400x300 | C46: Cái | D46: 2 | F46: 2 | G46: Tôn mạ kẽm Z08 dày 0.75mm + lớp tấm chống cháy SMD60 dày 5.5mm | I46: Eusduct | J46: Việt Nam | K46: 827566.3 | L46: 0 | M46: 315317.08 | N46: 103827.68 | O46: 72679.376 | P46: =SUM(K46:O46) -> 1319390.4 | Q46: =D46*P46 -> 2638780.9 | R46: =F46*P46 -> 2638780.9
B47: KT 1600x350/1400x350 | C47: Cái | D47: 2 | F47: 2 | G47: Tôn mạ kẽm Z08 dày 0.75mm + lớp tấm chống cháy SMD60 dày 5.5mm | I47: Eusduct | J47: Việt Nam | K47: 850431.55 | L47: 0 | M47: 324027.5 | N47: 106696.24 | O47: 74687.37 | P47: =SUM(K47:O47) -> 1355842.7 | Q47: =D47*P47 -> 2711685.3 | R47: =F47*P47 -> 2711685.3
B48: KT 1800x350/1400x300 | C48: Cái | D48: 2 | F48: 2 | G48: Tôn mạ kẽm Z08 dày 0.75mm + lớp tấm chống cháy SMD60 dày 5.5mm | I48: Eusduct | J48: Việt Nam | K48: 892351.18 | L48: 0 | M48: 339706.25 | N48: 111929.58 | O48: 78350.707 | P48: =SUM(K48:O48) -> 1422337.7 | Q48: =D48*P48 -> 2844675.4 | R48: =F48*P48 -> 2844675.4
B49: KT: 1000x300/900x300 | C49: Cái | D49: 1 | F49: 1 | G49: Tôn mạ kẽm Z08 dày 0.75mm + lớp tấm chống cháy SMD60 dày 5.5mm | I49: Eusduct | J49: Việt Nam | K49: 551623.82 | L49: 0 | M49: 217760.42 | N49: 69878.523 | O49: 48914.966 | P49: =SUM(K49:O49) -> 888177.73 | Q49: =D49*P49 -> 888177.73 | R49: =F49*P49 -> 888177.73
B50: KT: 1200x300/1000x300 | C50: Cái | D50: 1 | F50: 1 | G50: Tôn mạ kẽm Z08 dày 0.75mm + lớp tấm chống cháy SMD60 dày 5.5mm | I50: Eusduct | J50: Việt Nam | K50: 635290.59 | L50: 0 | M50: 245633.75 | N50: 80021.04 | O50: 56014.728 | P50: =SUM(K50:O50) -> 1016960.1 | Q50: =D50*P50 -> 1016960.1 | R50: =F50*P50 -> 1016960.1
B51: KT: 1800x300/1600x300 | C51: Cái | D51: 1 | F51: 1 | G51: Tôn mạ kẽm Z08 dày 0.75mm + lớp tấm chống cháy SMD60 dày 5.5mm | I51: Eusduct | J51: Việt Nam | K51: 916169.5 | L51: 0 | M51: 350158.75 | N51: 115039.75 | O51: 80527.824 | P51: =SUM(K51:O51) -> 1461895.8 | Q51: =D51*P51 -> 1461895.8 | R51: =F51*P51 -> 1461895.8
B52: KT: 1800x350/1000x1000 | C52: Cái | D52: 4 | F52: 4 | G52: Tôn mạ kẽm Z08 dày 0.75mm + lớp tấm chống cháy SMD60 dày 5.5mm | I52: Eusduct | J52: Việt Nam | K52: 1148632.3 | L52: 0 | M52: 440747.08 | N52: 144383.27 | O52: 101068.29 | P52: =SUM(K52:O52) -> 1834830.9 | Q52: =D52*P52 -> 7339323.6 | R52: =F52*P52 -> 7339323.6
B53: KT: 2500x450/1000x1000 | C53: Cái | D53: 1 | F53: 1 | G53: Tôn mạ kẽm Z08 dày 0.75mm + lớp tấm chống cháy SMD60 dày 5.5mm | I53: Eusduct | J53: Việt Nam | K53: 1494209.9 | L53: 0 | M53: 574887.5 | N53: 187958.48 | O53: 131570.93 | P53: =SUM(K53:O53) -> 2388626.8 | Q53: =D53*P53 -> 2388626.8 | R53: =F53*P53 -> 2388626.8
A54: 1.4 | B54: Chạc ba ống gió tôn tráng kẽm có giới hạn chịu lửa EI 60
B55: KT 1400x300/900x300/600x300 | C55: Cái | D55: 2 | F55: 2 | G55: Tôn mạ kẽm Z08 dày 0.75mm + lớp tấm chống cháy SMD60 dày 5.5mm | I55: Eusduct | J55: Việt Nam | K55: 3591577.1 | L55: 0 | M55: 1017376.7 | N55: 419535.82 | O55: 293675.07 | P55: =SUM(K55:O55) -> 5322164.7 | Q55: =D55*P55 -> 10644329 | R55: =F55*P55 -> 10644329
B56: KT 1400x300/1200x300/600x300 | C56: Cái | D56: 2 | F56: 2 | G56: Tôn mạ kẽm Z08 dày 0.75mm + lớp tấm chống cháy SMD60 dày 5.5mm | I56: Eusduct | J56: Việt Nam | K56: 3462960 | L56: 0 | M56: 1029571.3 | N56: 408815.26 | O56: 286170.68 | P56: =SUM(K56:O56) -> 5187517.2 | Q56: =D56*P56 -> 10375034 | R56: =F56*P56 -> 10375034
B57: KT 1800x350/1400x300/1200x300 | C57: Cái | D57: 2 | F57: 2 | G57: Tôn mạ kẽm Z08 dày 0.75mm + lớp tấm chống cháy SMD60 dày 5.5mm | I57: Eusduct | J57: Việt Nam | K57: 6417168.2 | L57: 0 | M57: 1578327.5 | N57: 728406.03 | O57: 509884.22 | P57: =SUM(K57:O57) -> 9233785.9 | Q57: =D57*P57 -> 18467572 | R57: =F57*P57 -> 18467572
B58: KT 2500x450/1800x300/1600x300 | C58: Cái | D58: 1 | F58: 1 | G58: Tôn mạ kẽm Z08 dày 0.75mm + lớp tấm chống cháy SMD60 dày 5.5mm | I58: Eusduct | J58: Việt Nam | K58: 11449170 | L58: 0 | M58: 2782107.1 | N58: 1296586.7 | O58: 907610.7 | P58: =SUM(K58:O58) -> 16435474 | Q58: =D58*P58 -> 16435474 | R58: =F58*P58 -> 16435474
A59: 1.5 | B59: Cửa gió hút khói nhôm sơn tĩnh điện
B60: KT 1000x300+Van điều chỉnh lưu lượng OBD | C60: Cái | D60: 123 | F60: 123 | G60: Cửa gió nan thẳng 1 lớp nan 1 khung cố định kèm van OBD | I60: Eusduct | J60: Việt Nam | K60: 463620.6 | L60: 0 | M60: 246905 | N60: 64384 | O60: 45068.8 | P60: =SUM(K60:O60) -> 819978.4 | Q60: =D60*P60 -> 1.0085734e+08 | R60: =F60*P60 -> 1.0085734e+08
A61: 1.6 | B61: Gót miệng gió tôn tráng kẽm có giới hạn chịu lửa EI 60 | C61: 0
B62: KT: 1000x300/1000x300 | C62: Cái | D62: 123 | F62: 123 | G62: Tôn mạ kẽm Z08 dày 0.75mm + lớp tấm chống cháy SMD60 dày 5.5mm | I62: Eusduct | J62: Việt Nam | K62: 229605.32 | L62: 0 | M62: 135882.5 | N62: 33089.708 | O62: 23162.796 | P62: =SUM(K62:O62) -> 421740.32 | Q62: =D62*P62 -> 51874059 | R62: =F62*P62 -> 51874059
A63: 1.7 | B63: Lượn tôn tráng kẽm có giới hạn chịu lửa EI 60 | C63: 0
B64: KT: 300x900-lệch tâm 150mm | C64: Cái | D64: 1 | F64: 1 | G64: Tôn mạ kẽm Z08 dày 0.75mm + lớp tấm chống cháy SMD60 dày 5.5mm | I64: Eusduct | J64: Việt Nam | K64: 1083241.3 | L64: 0 | M64: 318801.25 | N64: 127592.44 | O64: 89314.707 | P64: =SUM(K64:O64) -> 1618949.7 | Q64: =D64*P64 -> 1618949.7 | R64: =F64*P64 -> 1618949.7
B65: KT: 300x900-lệch tâm 300mm | C65: Cái | D65: 1 | F65: 1 | G65: Tôn mạ kẽm Z08 dày 0.75mm + lớp tấm chống cháy SMD60 dày 5.5mm | I65: Eusduct | J65: Việt Nam | K65: 1153742.5 | L65: 0 | M65: 369321.67 | N65: 138531.27 | O65: 96971.89 | P65: =SUM(K65:O65) -> 1758567.4 | Q65: =D65*P65 -> 1758567.4 | R65: =F65*P65 -> 1758567.4
B66: KT: 300x1600-lệch tâm 300mm | C66: Cái | D66: 1 | F66: 1 | G66: Tôn mạ kẽm Z08 dày 0.75mm + lớp tấm chống cháy SMD60 dày 5.5mm | I66: Eusduct | J66: Việt Nam | K66: 2068959.2 | L66: 0 | M66: 834457.92 | N66: 263658.6 | O66: 184561.02 | P66: =SUM(K66:O66) -> 3351636.7 | Q66: =D66*P66 -> 3351636.7 | R66: =F66*P66 -> 3351636.7
A67: 1.8 | B67: Van 1 chiều (NRD)
B68: KT 1800x350 | C68: Cái | D68: 1 | F68: 1 | G68: Tôn mạ kẽm Z08 dày 1.15mm | I68: Eusduct | J68: Việt Nam | K68: 1140688.7 | L68: 0 | M68: 295947 | N68: 130840.34 | O68: 91588.235 | P68: =SUM(K68:O68) -> 1659064.2 | Q68: =D68*P68 -> 1659064.2 | R68: =F68*P68 -> 1659064.2
B69: KT 1000x1000 | C69: Cái | D69: 1 | F69: 1 | G69: Tôn mạ kẽm Z08 dày 1.15mm | I69: Eusduct | J69: Việt Nam | K69: 1116418.7 | L69: 0 | M69: 295947 | N69: 128613.73 | O69: 90029.613 | P69: =SUM(K69:O69) -> 1631009 | Q69: =D69*P69 -> 1631009 | R69: =F69*P69 -> 1631009
B70: KT 1100x600 | C70: Cái | D70: 3 | F70: 3 | G70: Tôn mạ kẽm Z08 dày 1.15mm | I70: Eusduct | J70: Việt Nam | K70: 913521.72 | L70: 0 | M70: 224418 | N70: 103669.33 | O70: 72568.533 | P70: =SUM(K70:O70) -> 1314177.6 | Q70: =D70*P70 -> 3942532.8 | R70: =F70*P70 -> 3942532.8
B71: KT: 1500x800 | C71: Cái | D71: 1 | F71: 1 | G71: Tôn mạ kẽm Z08 dày 1.15mm | I71: Eusduct | J71: Việt Nam | K71: 1363972.8 | L71: 0 | M71: 376968 | N71: 158495.12 | O71: 110946.59 | P71: =SUM(K71:O71) -> 2010382.5 | Q71: =D71*P71 -> 2010382.5 | R71: =F71*P71 -> 2010382.5
A72: 1.9 | B72: Van chặn lửa kèm động cơ (MFD)
B73: KT 1800x350 | C73: Cái | D73: 1 | F73: 1 | G73: Tôn mạ kẽm Z08 dày 1.15mm, bọc EI60, động cơ NENUTEC NASA1-20, 20N.m/24V/230V, ON/OFF, thời gian đóng mở 20s | I73: Eusduct | J73: Việt Nam | K73: 11351568 | L73: 0 | M73: 428797.33 | N73: 1079374.9 | O73: 755562.42 | P73: =SUM(K73:O73) -> 13615302 | Q73: =D73*P73 -> 13615302 | R73: =F73*P73 -> 13615302
B74: KT 1000x1000 | C74: Cái | D74: 1 | F74: 1 | G74: Tôn mạ kẽm Z08 dày 1.15mm, bọc EI60, động cơ NENUTEC NASA1-20, 20N.m/24V/230V, ON/OFF, thời gian đóng mở 20s | I74: Eusduct | J74: Việt Nam | K74: 13500595 | L74: 0 | M74: 428797.33 | N74: 1276533.4 | O74: 893573.37 | P74: =SUM(K74:O74) -> 16099499 | Q74: =D74*P74 -> 16099499 | R74: =F74*P74 -> 16099499
B75: KT 1100x600 | C75: Cái | D75: 1 | F75: 1 | G75: Tôn mạ kẽm Z08 dày 1.15mm, bọc EI60, động cơ NENUTEC NASA1-20, 20N.m/24V/230V, ON/OFF, thời gian đóng mở 20s | I75: Eusduct | J75: Việt Nam | K75: 9354910.8 | L75: 0 | M75: 335911.33 | N75: 887975.36 | O75: 621582.75 | P75: =SUM(K75:O75) -> 11200380 | Q75: =D75*P75 -> 11200380 | R75: =F75*P75 -> 11200380
B76: KT 1200x1000 | C76: Cái | D76: 1 | F76: 1 | G76: Tôn mạ kẽm Z08 dày 1.15mm, bọc EI60, động cơ NENUTEC NASA1-20, 20N.m/24V/230V, ON/OFF, thời gian đóng mở 20s | I76: Eusduct | J76: Việt Nam | K76: 14537501 | L76: 0 | M76: 534226.33 | N76: 1380992.4 | O76: 966694.67 | P76: =SUM(K76:O76) -> 17419415 | Q76: =D76*P76 -> 17419415 | R76: =F76*P76 -> 17419415
A77: 1.1 | B77: Van điều chỉnh lưu lượng bằng tay (VD)
B78: KT 1800x300 | C78: Cái | D78: 1 | F78: 1 | G78: Tôn mạ kẽm Z08 dày 1.15mm | I78: Eusduct | J78: Việt Nam | K78: 1111564.7 | L78: 0 | M78: 295947 | N78: 128168.41 | O78: 89717.888 | P78: =SUM(K78:O78) -> 1625398 | Q78: =D78*P78 -> 1625398 | R78: =F78*P78 -> 1625398
B79: KT 1600x350 | C79: Cái | D79: 2 | F79: 2 | G79: Tôn mạ kẽm Z08 dày 1.15mm | I79: Eusduct | J79: Việt Nam | K79: 1022251.2 | L79: 0 | M79: 224418 | N79: 113644.51 | O79: 79551.159 | P79: =SUM(K79:O79) -> 1439864.9 | Q79: =D79*P79 -> 2879729.7 | R79: =F79*P79 -> 2879729.7
B80: KT 1600x300 | C80: Cái | D80: 1 | F80: 1 | G80: Tôn mạ kẽm Z08 dày 1.15mm | I80: Eusduct | J80: Việt Nam | K80: 978565.24 | L80: 0 | M80: 224418 | N80: 109636.63 | O80: 76745.64 | P80: =SUM(K80:O80) -> 1389365.5 | Q80: =D80*P80 -> 1389365.5 | R80: =F80*P80 -> 1389365.5
B81: KT 1400x300 | C81: Cái | D81: 2 | F81: 2 | G81: Tôn mạ kẽm Z08 dày 1.15mm | I81: Eusduct | J81: Việt Nam | K81: 876631.36 | L81: 0 | M81: 224418 | N81: 100284.9 | O81: 70199.427 | P81: =SUM(K81:O81) -> 1271533.7 | Q81: =D81*P81 -> 2543067.4 | R81: =F81*P81 -> 2543067.4
B82: KT 1200x300 | C82: Cái | D82: 2 | F82: 2 | G82: Tôn mạ kẽm Z08 dày 1.15mm | I82: Eusduct | J82: Việt Nam | K82: 774697.49 | L82: 0 | M82: 162381 | N82: 85443.164 | O82: 59810.215 | P82: =SUM(K82:O82) -> 1082331.9 | Q82: =D82*P82 -> 2164663.7 | R82: =F82*P82 -> 2164663.7
B83: KT 600x300 | C83: Cái | D83: 3 | F83: 3 | G83: Tôn mạ kẽm Z08 dày 1.15mm | I83: Eusduct | J83: Việt Nam | K83: 432976.29 | L83: 0 | M83: 87349 | N83: 47452.595 | O83: 33216.817 | P83: =SUM(K83:O83) -> 600994.7 | Q83: =D83*P83 -> 1802984.1 | R83: =F83*P83 -> 1802984.1
A84: 1.11 | B84: Tiêu âm đường ống trước quạt bằng tôn soi lỗ dày 0.5mm + Vải thủy tinh + Rockwool dày 50-100mm, tỷ trọng 48kg/m3 (Chiều dày tiêu âm được điều chỉnh theo vật liệu được phê duyệt bởi CĐT)
B85: KT 1900x450,L1500 | C85: Cái | D85: 8 | E85: Kích thước tiêu âm là kích thước trong lòng ống gió | F85: 8 | G85: Tôn mạ kẽm Z08 dày 0.75mm, Tiêu âm tôn soi lỗ dày 0.48mm bông khoáng dày 50mm tỷ trọng 50 kg/m3 + lớp tấm chống cháy SMD60 dày 5.5mm | I85: Eusduct | J85: Việt Nam | K85: 10016511 | L85: 0 | M85: 1868878.8 | N85: 1084333.5 | O85: 759033.45 | P85: =SUM(K85:O85) -> 13728757 | Q85: =D85*P85 -> 1.0983006e+08 | R85: =F85*P85 -> 1.0983006e+08
B86: KT 2600x550,L2000 | C86: Cái | D86: 4 | F86: 4 | G86: Tôn mạ kẽm Z08 dày 0.75mm, Tiêu âm tôn soi lỗ dày 0.48mm bông khoáng dày 50mm tỷ trọng 50 kg/m3 + lớp tấm chống cháy SMD60 dày 5.5mm | I86: Eusduct | J86: Việt Nam | K86: 17518480 | L86: 0 | M86: 3674195 | N86: 1932350 | O86: 1352645 | P86: =SUM(K86:O86) -> 24477670 | Q86: =D86*P86 -> 97910680 | R86: =F86*P86 -> 97910680
A87: 1.12 | B87: Khớp nối mềm chống cháy, kèm mặt bích | C87: Cái | D87: 12 | F87: 12 | G87: Bích thép V30x30x2 kèm bạt chống cháy dày 0.6mm | I87: Eusduct | J87: Việt Nam | K87: 805147.68 | L87: 0 | M87: 147391.55 | N87: 86910.26 | O87: 60837.182 | P87: =SUM(K87:O87) -> 1100286.7 | Q87: =D87*P87 -> 13203440 | R87: =F87*P87 -> 13203440
A88: 2. | B88: HỆ THỐNG HÚT KHÓI CÁC KHÔNG GIAN CÔNG CỘNG CÓ DIỆN TÍCH LỚN HƠN 200M2
A89: 2.1 | B89: Ống gió gió tôn tráng kẽm có giới hạn chịu lửa EI 45
B90: KT 600x250 | C90: M | D90: 265 | F90: 265 | G90: Tôn mạ kẽm Z08 dày 0.75mm + lớp tấm chống cháy SMD45 dày 5.5mm | I90: Eusduct | J90: Việt Nam | K90: 562941.4 | L90: 0 | M90: 296154.17 | N90: 77854.333 | O90: 54498.033 | P90: =SUM(K90:O90) -> 991447.93 | Q90: =D90*P90 -> 2.627337e+08 | R90: =F90*P90 -> 2.627337e+08
B91: KT 800x300 | C91: M | D91: 119 | F91: 119 | G91: Tôn mạ kẽm Z08 dày 0.75mm + lớp tấm chống cháy SMD45 dày 5.5mm | I91: Eusduct | J91: Việt Nam | K91: 728512.4 | L91: 0 | M91: 383258.33 | N91: 100752.67 | O91: 70526.867 | P91: =SUM(K91:O91) -> 1283050.3 | Q91: =D91*P91 -> 1.5268298e+08 | R91: =F91*P91 -> 1.5268298e+08
B92: KT 800x400 | C92: M | D92: 18 | F92: 18 | G92: Tôn mạ kẽm Z08 dày 0.75mm + lớp tấm chống cháy SMD45 dày 5.5mm | I92: Eusduct | J92: Việt Nam | K92: 794740.8 | L92: 0 | M92: 418100 | N92: 109912 | O92: 76938.4 | P92: =SUM(K92:O92) -> 1399691.2 | Q92: =D92*P92 -> 25194442 | R92: =F92*P92 -> 25194442
B93: KT 1000x300 | C93: M | D93: 47 | F93: 47 | G93: Tôn mạ kẽm Z08 dày 0.75mm + lớp tấm chống cháy SMD45 dày 5.5mm | I93: Eusduct | J93: Việt Nam | K93: 860969.2 | L93: 0 | M93: 452941.67 | N93: 119071.33 | O93: 83349.933 | P93: =SUM(K93:O93) -> 1516332.1 | Q93: =D93*P93 -> 71267610 | R93: =F93*P93 -> 71267610
B94: KT 1000x1000 | C94: M | D94: 2 | F94: 2 | G94: Tôn mạ kẽm Z08 dày 0.75mm + lớp tấm chống cháy SMD45 dày 5.5mm | I94: Eusduct | J94: Việt Nam | K94: 1324568 | L94: 0 | M94: 696833.33 | N94: 183186.67 | O94: 128230.67 | P94: =SUM(K94:O94) -> 2332818.7 | Q94: =D94*P94 -> 4665637.3 | R94: =F94*P94 -> 4665637.3
B95: KT 1200x400 | C95: M | D95: 17 | F95: 17 | G95: Tôn mạ kẽm Z08 dày 0.75mm + lớp tấm chống cháy SMD45 dày 5.5mm | I95: Eusduct | J95: Việt Nam | K95: 1076745.6 | L95: 0 | M95: 557466.67 | N95: 148117.33 | O95: 103682.13 | P95: =SUM(K95:O95) -> 1886011.7 | Q95: =D95*P95 -> 32062199 | R95: =F95*P95 -> 32062199
B96: KT 1200x300 | C96: M | D96: 44 | F96: 44 | G96: Tôn mạ kẽm Z08 dày 0.75mm + lớp tấm chống cháy SMD45 dày 5.5mm | I96: Eusduct | J96: Việt Nam | K96: 1009449 | L96: 0 | M96: 522625 | N96: 138860 | O96: 97202 | P96: =SUM(K96:O96) -> 1768136 | Q96: =D96*P96 -> 77797984 | R96: =F96*P96 -> 77797984
B97: KT 1250x300 | C97: M | D97: 15 | F97: 15 | G97: Tôn mạ kẽm Z08 dày 0.75mm + lớp tấm chống cháy SMD45 dày 5.5mm | I97: Eusduct | J97: Việt Nam | K97: 1042563.2 | L97: 0 | M97: 540045.83 | N97: 143439.67 | O97: 100407.77 | P97: =SUM(K97:O97) -> 1826456.5 | Q97: =D97*P97 -> 27396847 | R97: =F97*P97 -> 27396847
B98: KT 1400x400 | C98: M | D98: 180 | F98: 180 | G98: Tôn mạ kẽm Z08 dày 0.75mm + lớp tấm chống cháy SMD45 dày 5.5mm | I98: Eusduct | J98: Việt Nam | K98: 1209202.4 | L98: 0 | M98: 627150 | N98: 166436 | O98: 116505.2 | P98: =SUM(K98:O98) -> 2119293.6 | Q98: =D98*P98 -> 3.8147285e+08 | R98: =F98*P98 -> 3.8147285e+08
B99: KT 1500x500 | C99: M | D99: 11 | F99: 11 | G99: Tôn mạ kẽm Z08 dày 0.75mm + lớp tấm chống cháy SMD45 dày 5.5mm | I99: Eusduct | J99: Việt Nam | K99: 1345932 | L99: 0 | M99: 696833.33 | N99: 185146.67 | O99: 129602.67 | P99: =SUM(K99:O99) -> 2357514.7 | Q99: =D99*P99 -> 25932661 | R99: =F99*P99 -> 25932661
B100: KT 1600x600 | C100: M | D100: 83 | F100: 83 | G100: Tôn mạ kẽm Z08 dày 0.75mm + lớp tấm chống cháy SMD45 dày 5.5mm | I100: Eusduct | J100: Việt Nam | K100: 1508298.4 | L100: 0 | M100: 766516.67 | N100: 206209.33 | O100: 144346.53 | P100: =SUM(K100:O100) -> 2625370.9 | Q100: =D100*P100 -> 2.1790579e+08 | R100: =F100*P100 -> 2.1790579e+08
B101: KT: 1400x500 | C101: m | D101: 16 | F101: 16 | G101: Tôn mạ kẽm Z08 dày 0.75mm + lớp tấm chống cháy SMD45 dày 5.5mm | I101: Eusduct | J101: Việt Nam | K101: 1279703.6 | L101: 0 | M101: 661991.67 | N101: 175987.33 | O101: 123191.13 | P101: =SUM(K101:O101) -> 2240873.7 | Q101: =D101*P101 -> 35853980 | R101: =F101*P101 -> 35853980
... B106: KT: 1000x550 | C106: m | D106: 10 | F106: 10 | G106: Tôn mạ kẽm Z08 dày 0.75mm + lớp tấm chống cháy SMD45 dày 5.5mm | I106: Eusduct | J106: Việt Nam | K106: 1026540.2 | L106: 0 | M106: 540045.83 | N106: 141969.67 | O106: 99378.767 | P106: =SUM(K106:O106) -> 1807934.5 | Q106: =D106*P106 -> 18079345 | R106: =F106*P106 -> 18079345
...

Sheet 5. Ngăn cháy lan
A1: Dự án: TOÀ NHÀ HỖN HỢP HACOM MALL
A2: Gói thầu: CUNG CẤP VTTB VÀ THI CÔNG LẮP ĐẶT HỆ THỐNG CƠ ĐIỆN
A3: Hạng mục: Ngăn cháy lan
A5: KHỐI LƯỢNG MỜI THẦU | F5: CÔNG TY TNHH XÂY LẮP VÀ THƯƠNG MẠI LINH ANH
A6: STT | B6: Nội dung công việc | C6: Đơn vị | D6: KL Mời thầu Lần 2 | E6: Ghi chú | F6: KL Nhà thầu chào | G6: THÔNG TIN VỀ VẬT LIỆU CHÍNH | K6: ĐƠN GIÁ (chưa bao gồm VAT) | Q6: Thành tiền BOQ | S6: Ghi chú
G7: Mô tả/ Quy cách | H7: Mã hiệu | I7: Thương hiệu | J7: Xuất xứ | K7: VL chính | L7: VL phụ | M7: NC&M | N7: CF quản lý | O7: Lợi nhuận | P7: ĐG tổng hợp | Q7: Thành tiền KLMT | R7: Thành tiền Nhà thầu chào
A8: 1 | B8: 2 | C8: 3 | D8: 4 | E8: 5 | F8: 6 | G8: 7 | H8: 8 | I8: 9 | J8: 10 | K8: 11 | L8: 12 | M8: 13 | N8: 14 | O8: 15 | P8: 16=11+12+13+14+15 | Q8: 17=4*16 | R8: 18=6*16 | S8: 19
A9: A | B9: ĐẦU MỤC CÔNG VIỆC THEO KLMT | Q9: =SUBTOTAL(9,Q10:Q24) -> 1.0646398e+09 | R9: =SUBTOTAL(9,R10:R24) -> 1.0646398e+09
A10: I | B10: Trục điện - Điện nhẹ (theo phạm vi tính toán)
A11: 1 | B11: Vữa ngăn cháy lan (Mô tả lắp đặt: vữa + rockwool) | C11: Bao | D11: 113.43948 | E11: 15 kg/ 1 bao | F11: 113.43948 | G11: Vữa chống cháy tỷ trọng nặng | H11: VIT-MFH | I11: VitSiL | J11: Việt Nam | K11: 558000 | L11: 0 | M11: 0 | N11: 60000 | O11: 42000 | P11: =SUM(K11:O11) -> 660000 | Q11: =D11*P11 -> 74870054 | R11: =F11*P11 -> 74870054 | S11: Đơn giá vật liệu đã bao gồm nhân công
A12: 2 | B12: Keo ngăn cháy lan trương nở (mô tả lắp đặt: Keo + rockwool) | C12: Lít | D12: 268.56362 | F12: 268.56362 | G12: Keo chèn bịt làm kín chống cháy trương nở | H12: VIT-XF | I12: VitSiL | J12: Việt Nam | K12: 349680 | L12: 0 | M12: 0 | N12: 37600 | O12: 26320 | P12: =SUM(K12:O12) -> 413600 | Q12: =D12*P12 -> 1.1107791e+08 | R12: =F12*P12 -> 1.1107791e+08 | S12: Đơn giá vật liệu đã bao gồm nhân công
A13: 3 | B13: Nhân công thi công xuyên sàn và vật tư phụ (lập là thép mạ kẽm điện phân 30x3, bông khoáng >=100kg/m3, tôn mạ kẽm >=0.42, dây thít, bulong, vít…). Tính theo diện tích lỗ mở không trừ thiết bị chiếm chỗ | C13: m2 | D13: 55.3842 | F13: 55.3842 | G13: Nhân công thi công xuyên sàn và vật tư phụ (lập là thép mạ kẽm điện phân 30x3mm, bông khoáng >=100kg/m3, tôn mạ kẽm >=0.48mm, dây thít, bulong, vít…). Tính theo diện tích lỗ mở không trừ thiết bị chiếm chỗ | J13: Việt Nam | K13: 2445900 | L13: 0 | M13: 0 | N13: 263000 | O13: 184100 | P13: =SUM(K13:O13) -> 2893000 | Q13: =D13*P13 -> 1.6022649e+08 | R13: =F13*P13 -> 1.6022649e+08 | S13: Đơn giá vật liệu đã bao gồm nhân công
A14: II | B14: Hệ CTN (theo phạm vi tính toán)
A15: 1 | B15: Vữa ngăn cháy lan (Mô tả lắp đặt: vữa + rockwool) | C15: Bao | D15: 144.3928 | E15: 15 kg/ 1 bao | F15: 144.3928 | G15: Vữa chống cháy tỷ trọng nặng | H15: VIT-MFH | I15: VitSiL | J15: Việt Nam | K15: 558000 | L15: 0 | M15: 0 | N15: 60000 | O15: 42000 | P15: =SUM(K15:O15) -> 660000 | Q15: =D15*P15 -> 95299247 | R15: =F15*P15 -> 95299247 | S15: Đơn giá vật liệu đã bao gồm nhân công
A16: 2 | B16: Băng quấn ngăn cháy lan FR pipe wrap | C16: m | D16: 627.94065 | F16: 627.94065 | G16: Băng quấn (Đai) chống cháy lan trương nở | H16: VIT-WSF | I16: VitSiL | J16: Việt Nam | K16: 186000 | L16: 0 | M16: 0 | N16: 20000 | O16: 14000 | P16: =SUM(K16:O16) -> 220000 | Q16: =D16*P16 -> 1.3814694e+08 | R16: =F16*P16 -> 1.3814694e+08 | S16: Đơn giá vật liệu đã bao gồm nhân công
B17: Keo ngăn cháy FR ASF (mô tả lắp đặt: keo + rockwool) (dùng kết hợp băng cuốn ngăn cháy với ống nhựa xuyên tường) | C17: Lít | D17: 0 | F17: 0
A18: 3 | B18: Keo ngăn cháy lan trương nở (mô tả lắp đặt: Keo + rockwool) (có thể dùng cho ống nhựa D<=75mm xuyên tường), khe quanh ống >=20mm, chi tiết theo tính toán | C18: Lít | D18: 93.121881 | F18: 93.121881 | G18: Keo chèn bịt làm kín chống cháy trương nở | H18: VIT-XF | I18: VitSiL | J18: Việt Nam | K18: 349680 | L18: 0 | M18: 0 | N18: 37600 | O18: 26320 | P18: =SUM(K18:O18) -> 413600 | Q18: =D18*P18 -> 38515210 | R18: =F18*P18 -> 38515210 | S18: Đơn giá vật liệu đã bao gồm nhân công
A19: 4 | B19: Nhân công thi công và vật tư phụ (đường ống tròn xuyên tường). Tính theo vị trí | C19: Vị trí | D19: 547 | F19: 547 | G19: Nhân công thi công và vật tư phụ (đường ống tròn xuyên tường). Tính theo vị trí | J19: Việt Nam | K19: 46500 | L19: 0 | M19: 0 | N19: 5000 | O19: 3500 | P19: =SUM(K19:O19) -> 55000 | Q19: =D19*P19 -> 30085000 | R19: =F19*P19 -> 30085000 | S19: Đơn giá vật liệu đã bao gồm nhân công
A20: 5 | B20: Nhân công thi công xuyên sàn và vật tư phụ (lập là thép mạ kẽm điện phân 30x3, bông khoáng >=100kg/m3, tôn mạ kẽm >=0.42, dây thít, bulong, vít…). Tính theo diện tích lỗ mở không trừ thiết bị chiếm chỗ | C20: m2 | D20: 40.730416 | F20: 40.730416 | G20: Nhân công thi công xuyên sàn và vật tư phụ (lập là thép mạ kẽm điện phân 30x3mm, bông khoáng >=100kg/m3, tôn mạ kẽm >=0.48mm, dây thít, bulong, vít…). Tính theo diện tích lỗ mở không trừ thiết bị chiếm chỗ | J20: Việt Nam | K20: 2445900 | L20: 0 | M20: 0 | N20: 263000 | O20: 184100 | P20: =SUM(K20:O20) -> 2893000 | Q20: =D20*P20 -> 1.1783309e+08 | R20: =F20*P20 -> 1.1783309e+08 | S20: Đơn giá vật liệu đã bao gồm nhân công
A21: III | B21: Hệ Duct - HVAC (xuyên tường) (theo phạm vi tính toán)
A22: 1 | B22: Keo ngăn cháy lan trương nở Specseal LCI (mô tả lắp đặt: keo + rockwool) (dùng cho ống Duct bảo ôn hoặc không bảo ôn) | C22: Lít | D22: 671.68 | F22: 671.68 | G22: Keo chèn bịt làm kín chống cháy trương nở | H22: VIT-XF | I22: VitSiL | J22: Việt Nam | K22: 349680 | L22: 0 | M22: 0 | N22: 37600 | O22: 26320 | P22: =SUM(K22:O22) -> 413600 | Q22: =D22*P22 -> 2.7780685e+08 | R22: =F22*P22 -> 2.7780685e+08 | S22: Đơn giá vật liệu đã bao gồm nhân công
A23: 2 | B23: Keo ngăn cháy Protecta FR ASF (mô tả lắp đặt: keo + rockwool) (dùng cho ống Duct trần, Duct EI) | C23: Lít | D23: 0 | F23: 0
A24: 3 | B24: Nhân công thi công và vật tư phụ (ống Duct xuyên tường). Tính theo chu vi ống Duct | C24: m | D24: 377.8 | F24: 377.8 | G24: Nhân công thi công và vật tư phụ (ống Duct xuyên tường). Tính theo chu vi ống Duct | I24: VitSiL | J24: Việt Nam | K24: 46500 | L24: 0 | M24: 0 | N24: 5000 | O24: 3500 | P24: =SUM(K24:O24) -> 55000 | Q24: =D24*P24 -> 20779000 | R24: =F24*P24 -> 20779000 | S24: Đơn giá vật liệu đã bao gồm nhân công
A25: B | B25: Phát sinh ngoài KLMT Nhà thầu bổ sung | Q25: =SUBTOTAL(9,Q26:Q29) -> 0 | R25: =SUBTOTAL(9,R26:R29) -> 0
B26: Nhà thầu bổ sung công việc 1
B27: Nhà thầu bổ sung công việc 2
B28: Nhà thầu bổ sung công việc 3
B29: ….......................
A30: C | B30: TỔNG CỘNG TRƯỚC VAT: C = A + B | Q30: =Q9+Q25 -> 1.0646398e+09 | R30: =R9+R25 -> 1.0646398e+09
