Workbook
Name \a: #N/A
Name \p: #N/A
Name \q: #N/A
Name \w: #N/A
Name _: #REF!
Name ________CON1: #REF!
Name ________CON2: #REF!
Name _______C: #N/A
Name _______NET2: #REF!
Name _______R: #N/A
Name ______C: #N/A
Name ______CON1: #REF!
Name ______CON2: #REF!
Name ______NET2: #REF!
Name ______R: #N/A
Name _____C: #N/A
Name _____CON1: #REF!
Name _____CON2: #REF!
Name _____NET2: #REF!
Name _____R: #N/A
Name ____C: #N/A
Name ____CON1: #REF!
Name ____CON2: #REF!
Name ____IDR100: #REF!
Name ____NET2: #REF!
Name ____R: #N/A
Name ___C: #N/A
Name ___CON1: #REF!
Name ___CON2: #REF!
Name ___IDR100: #REF!
Name ___NET2: #REF!
Name ___R: #N/A
Name ___SM6: #REF!
Name __AA1: #REF!
Name __add1: #REF!
Name __add2: #REF!
Name __add3: #REF!
Name __C: #N/A
Name __C100000: #REF!
Name __C19579: #REF!
Name __CON1: #REF!
Name __CON2: #REF!
Name __H66766: #REF!
Name __IDR100: #REF!
Name __LP1: #REF!
Name __LP2: #REF!
Name __NET2: #REF!
Name __R: #N/A
Name __SM6: #REF!
Name __SUM1: #REF!
Name __SUM10: #REF!
Name __SUM11: #REF!
Name __SUM12: #REF!
Name __SUM13: #REF!
Name __SUM14: #REF!
Name __SUM15: #REF!
Name __SUM16: #REF!
Name __SUM17: #REF!
Name __SUM18: #REF!
Name __SUM19: #REF!

Sheet Tổng hợp
E1: Mẫu số 03.1
A2: BẢNG CHÀO GIÁ TỔNG HỢP
A3: Dự án: TOÀ NHÀ HỖN HỢP HACOM MALL
A4: Gói thầu: CUNG CẤP VTTB VÀ THI CÔNG LẮP ĐẶT HỆ THỐNG CƠ ĐIỆN
A5: Địa điểm xây dựng: PHƯỜNG ĐÔNG HẢI, TỈNH KHÁNH HÒA
A7: Stt | B7: Mô tả công việc mời thầu | C7: Thành tiền | E7: Ghi chú
C8: Theo KLMT | D8: Nhà thầu chào
A9: A | B9: ĐẦU MỤC CÔNG VIỆC THEO KLMT | C9: =SUBTOTAL(9,C10:C14) -> 1.7569442e+11 | D9: =SUBTOTAL(9,D10:D14) -> 1.7240658e+11
A10: I | B10: HẠNG MỤC: ĐIỆN | C10: ='1. HT điện'!Q9 -> 8.3870083e+10 | D10: ='1. HT điện'!R9 -> 79743614085
A11: II | B11: HẠNG MỤC: ĐIỆN NHẸ | C11: ='2. HT điện nhẹ'!Q9 -> 3.0129423e+09 | D11: ='2. HT điện nhẹ'!R9 -> 2429901290
A12: III | B12: HẠNG MỤC: CẤP THOÁT NƯỚC | C12: ='3. HT CTN'!Q9 -> 3.6031654e+10 | D12: ='3. HT CTN'!R9 -> 36276380384
A13: IV | B13: HẠNG MỤC: HVAC | C13: ='4.1 ĐH VRV'!AF9+'4.2 Quạt'!AC9+'4.3 DHKK & TG'!Q9 -> 5.1250971e+10 | D13: ='4.1 ĐH VRV'!AG9+'4.2 Quạt'!AD9+'4.3 DHKK & TG'!R9 -> 5.242572e+10
A14: V | B14: HẠNG MỤC: NGĂN CHÁY LAN | C14: ='5. Ngăn cháy lan'!Q9 -> 1.528773e+09 | D14: ='5. Ngăn cháy lan'!R9 -> 1.5309678e+09
A15: B | B15: ĐẦU MỤC CÔNG VIỆC PHÁT SINH NGOÀI KLMT | C15: =SUBTOTAL(9,C16:C18) -> 0 | D15: =SUBTOTAL(9,D16:D18) -> 2056393860
A16: I | B16: HẠNG MỤC: ĐIỆN | C16: ='1. HT điện'!Q2682 -> 0 | D16: ='1. HT điện'!R2682 -> 441506970
A17: III | B17: HẠNG MỤC: CẤP THOÁT NƯỚC | C17: ='3. HT CTN'!Q814 -> 0 | D17: ='3. HT CTN'!R814 -> 905142910
A18: IV | B18: HẠNG MỤC: HVAC | C18: ='4.1 ĐH VRV'!AF49+'4.2 Quạt'!AC145+'4.3 DHKK & TG'!Q1110 -> 0 | D18: ='4.1 ĐH VRV'!AG49+'4.2 Quạt'!AD145+'4.3 DHKK & TG'!R1110 -> 709743980
A19: C | B19: TỔNG CỘNG GIÁ CHÀO TRƯỚC THUẾ: (C = A + B) | C19: =C15+C9 -> 1.7569442e+11 | D19: =D15+D9 -> 1.7446298e+11
B20: Thuế Vat | C20: =C19*8% -> 1.4055554e+10 | D20: =D19*8% -> 1.3957038e+10
A21: D | B21: TỔNG CỘNG GIÁ CHÀO SAU THUẾ | C21: =ROUND(C19+C20,-3) -> 189749978000 | D21: =ROUND(D19+D20,-3) -> 188420016000
A23: Bằng chữ: Một trăm tám mươi tám tỷ, bốn trăm hai mươi triệu, không trăm mười sáu ngàn đồng./
C24: ĐẠI DIỆN HỢP PHÁP CỦA NHÀ THẦU
C25: (Ghi tên, chức danh, ký tên và đóng dấu)
C26: THÀNH VIÊN ĐỨNG ĐẦU LIÊN DANH | D26: THÀNH VIÊN LIÊN DANH
C27: CÔNG TY TNHH VĂN LANG | D27: CÔNG TY TNHH XÂY DỰNG CƠ ĐIỆN TRÍ TRUNG

Sheet 1. HT điện
A1: Dự án: TOÀ NHÀ HỖN HỢP HACOM MALL
A2: Gói thầu: CUNG CẤP VTTB VÀ THI CÔNG LẮP ĐẶT HỆ THỐNG CƠ ĐIỆN
A3: Hạng mục: HỆ THỐNG ĐIỆN
A5: KHỐI LƯỢNG MỜI THẦU | F5: LIÊN DANH CÔNG TY TNHH VĂN LANG VÀ CÔNG TY TNHH XÂY DỰNG CƠ ĐIỆN TRÍ TRUNG
A6: STT | B6: Diễn giải | C6: Đơn vị | D6: KL Mời thầu Lần 2 | E6: Ghi chú | F6: KL Nhà thầu chào | G6: THÔNG TIN VỀ VẬT LIỆU CHÍNH | K6: ĐƠN GIÁ (chưa bao gồm VAT) | Q6: Thành tiền BOQ | S6: Ghi chú
G7: Mô tả/ Quy cách | H7: Mã hiệu | I7: Thương hiệu | J7: Xuất xứ | K7: VL chính | L7: VL phụ | M7: NC&M | N7: CF quản lý | O7: Lợi nhuận | P7: ĐG tổng hợp | Q7: Thành tiền KLMT | R7: Thành tiền Nhà thầu chào
A8: 1 | B8: 2 | C8: 3 | D8: 4 | E8: 5 | F8: 6 | G8: 7 | H8: 8 | I8: 9 | J8: 10 | K8: 11 | L8: 12 | M8: 13 | N8: 14 | O8: 15 | P8: 16=11+12+13+14+15 | Q8: 17=4*16 | R8: 18=6*16 | S8: 19
A9: A | B9: ĐẦU MỤC CÔNG VIỆC THEO KLMT | Q9: =SUBTOTAL(9,Q11:Q2682) -> 8.3870083e+10 | R9: =SUBTOTAL(9,R11:R2682) -> 79743614085
A10: I | B10: Tủ điện hạ thế
A11: =COUNT($A$10:$A10)+1 -> 1 | B11: Tủ điện LV-G.1+LV-G.2+LV-G.3+LV-G.4+LV-G.5+LV-G.6 | C11: Tủ | D11: 1 | F11: 1 | I11: ACIT / Bích Hạnh | J11: Việt Nam | K11: 1646024460 | L11: 8778300 | M11: 44892790 | N11: =ROUND((K11+L11+M11)*10%,-1) -> 169969560 | O11: =ROUND((K11+L11+M11+N11)*7%,-1) -> 130876560 | P11: =K11+L11+M11+N11+O11 -> 2000541670 | Q11: =P11*D11 -> 2000541670 | R11: =P11*F11 -> 2000541670
B12: Vỏ tủ form 3B | C12: Cái | D12: 1 | F12: 1
B13: Đầu vào:
B14: ACB Fixed 4P 3200AT 3200AF 65kA , bảo vệ quá dòng, chạm đất, quá áp, thấp áp, đo lường class 1, kết nối NFC/ Bluetooth. | C14: Cái | D14: 2 | F14: 2
B15: Motor sạc 220VAC cho ACB Fixed 4P 3200A 65kA | C15: Cái | D15: 2 | F15: 2
B16: Cuộn đóng 220VAC cho ACB Fixed 4P 3200A 65kA | C16: Cái | D16: 2 | F16: 2
B17: Cuộn cắt 220VAC cho ACB Fixed dòng MTZ | C17: Cái | D17: 2 | F17: 2
B18: Cuộn UVT 220VAC cho ACB Fixed dòng MTZ | C18: Cái | D18: 2 | F18: 2
B19: Khóa đóng cắt ACB | C19: Cái | D19: 2 | F19: 2
B20: Bộ hòa đồng bộ 2 máy phát | C20: Bộ | D20: 1 | F20: 1
B21: Đèn báo trạng thái On/OFF/TRIP ACB | C21: Cái | D21: 6 | F21: 6
B22: Biến dòng hạ thế 3200/5A | C22: Quả | D22: 12 | F22: 12
B23: Đồng hồ Volt 0-450VAC | C23: Cái | D23: 2 | F23: 2
B24: Chuyển mạch Volt 7 vị trí | C24: Cái | D24: 2 | F24: 2
B25: Đồng hồ Ampe 0-3200A | C25: Cái | D25: 6 | F25: 6
... B27: Cầu chi 2A | C27: Cái | D27: 18 | F27: 18
B28: Đầu ra:
B29: ACB Fixed 4P 3000AT 3200AF 65kA | C29: Cái | D29: 1 | F29: 1
B30: ="Motor sạc 220VAC cho " &B29 -> Motor sạc 220VAC cho ACB Fixed 4P 3000AT 3200AF 65kA | C30: Cái | D30: 1 | F30: 1
B31: ="Cuộn đóng 220VAC cho " &B29 -> Cuộn đóng 220VAC cho ACB Fixed 4P 3000AT 3200AF 65kA | C31: Cái | D31: 1 | F31: 1
B32: Cuộn cắt 220VAC cho ACB Fixed dòng MTZ | C32: Cái | D32: 1 | F32: 1
B33: ACB 4P 1600AT 1600AF 65kA Fixed | C33: Cái | D33: 1 | F33: 1
B34: ="Motor sạc 220VAC cho " &B33 -> Motor sạc 220VAC cho ACB 4P 1600AT 1600AF 65kA Fixed | C34: Cái | D34: 1 | F34: 1
B35: ="Cuộn đóng 220VAC cho " &B33 -> Cuộn đóng 220VAC cho ACB 4P 1600AT 1600AF 65kA Fixed | C35: Cái | D35: 1 | F35: 1
B36: ="Cuộn cắt 220VAC cho " &B33 -> Cuộn cắt 220VAC cho ACB 4P 1600AT 1600AF 65kA Fixed | C36: Cái | D36: 2 | F36: 2
B37: Đèn báo trạng thái On/OFF/TRIP ACB | C37: Cái | D37: 6 | F37: 6
B38: Khóa đóng cắt ACB | C38: Cái | D38: 2 | F38: 2
B39: MCCB 4P 1250AT 1250AF 50kA | C39: Cái | D39: 1 | F39: 1
B40: ="Tiếp điểm báo trạng thái cho " &B39 -> Tiếp điểm báo trạng thái cho MCCB 4P 1250AT 1250AF 50kA | C40: Cái | D40: 2 | F40: 2
B41: MCCB 4P 1000AT 1000AF 50kA | C41: Cái | D41: 1 | F41: 1
B42: ="Tiếp điểm báo trạng thái cho " &B41 -> Tiếp điểm báo trạng thái cho MCCB 4P 1000AT 1000AF 50kA | C42: Cái | D42: 2 | F42: 2
B43: MCCB 4P 400AT 400AF 50kA | C43: Cái | D43: 2 | F43: 2
B44: ="Tiếp điểm báo trạng thái cho " &B43 -> Tiếp điểm báo trạng thái cho MCCB 4P 400AT 400AF 50kA | C44: Cái | D44: 4 | F44: 4
B45: MCCB 4P 320AT 400AF 50kA | C45: Cái | D45: 1 | F45: 1
B46: ="Tiếp điểm báo trạng thái cho " &B45 -> Tiếp điểm báo trạng thái cho MCCB 4P 320AT 400AF 50kA | C46: Cái | D46: 2 | F46: 2
B47: MCCB 4P 250AT 250AF 50kA | C47: Cái | D47: 1 | F47: 1
B48: ="Tiếp điểm báo trạng thái cho " &B47 -> Tiếp điểm báo trạng thái cho MCCB 4P 250AT 250AF 50kA | C48: Cái | D48: 2 | F48: 2
B49: Đồng thanh cái chính 6400A+100%N+25%E mạ thiếc | C49: Bộ | D49: 1 | F49: 1
B50: Đồng thanh cái nhánh mạ thiếc | C50: Bộ | D50: 1 | F50: 1
B51: Đồng thanh cái kết nối Busway 3200A + cáp tiếp địa + Cos + Nhân công lắp đặt + (nắp chụp nếu có) | C51: Bộ | D51: 1 | F51: 1
B52: Đồng thanh cái kết nối Busway 1600A + cáp tiếp địa + Cos + Nhân công lắp đặt + (nắp chụp nếu có) | C52: Bộ | D52: 1 | F52: 1
B53: Nhân công + phụ kiện lắp đặt | C53: Tủ | D53: 1 | F53: 1
A54: =COUNT($A$10:$A53)+1 -> 2 | B54: Tủ điện MSB1.7+MSB1.8+MSB1.9 | C54: Tủ | D54: 1 | F54: 1 | I54: ACIT / Bích Hạnh | J54: Việt Nam | K54: 194974880 | L54: 1056110 | M54: 21134360 | N54: =ROUND((K54+L54+M54)*10%,-1) -> 21716540 | O54: =ROUND((K54+L54+M54+N54)*7%,-1) -> 16721730 | P54: =K54+L54+M54+N54+O54 -> 255603620 | Q54: =P54*D54 -> 255603620 | R54: =P54*F54 -> 255603620
B55: Vỏ tủ form 3B | C55: Cái | D55: 1 | F55: 1
B56: Đầu vào:
B57: MCCB 4P 320AT 400AF 50kA, kèm Vigi Module bảo vệ dòng rò | C57: Cái | D57: 1 | F57: 1
B58: Tiếp điểm báo trạng thái cho MCCB 4P 320A 50kA | C58: Cái | D58: 2 | F58: 2
B59: Cuộn cắt 220VAC cho MCCB 4P 320A 50kA | C59: Cái | D59: 2 | F59: 2
B60: ATS 4P 400A | C60: Cái | D60: 1 | F60: 1
B61: Bộ điều khiển ATS | C61: Cái | D61: 1 | F61: 1
B62: Biến dòng hạ thế 400/5A | C62: Quả | D62: 6 | F62: 6
B63: Đồng hồ Volt 0-450VAC | C63: Cái | D63: 2 | F63: 2
B64: Chuyển mạch Volt 7 vị trí | C64: Cái | D64: 2 | F64: 2
B65: Đồng hồ KTS đa chức năng (đo lường I, U, F, P, Q, S, PF, THD, Accuracy 0.5%, kết nối BMS), truyền thông Modbus | C65: Cái | D65: 2 | F65: 2
B66: Đèn báo pha | C66: Cái | D66: 6 | F66: 6
B67: Cầu chi 2A | C67: Cái | D67: 6 | F67: 6
B68: Đầu ra:
B69: MCCB 3P 125AT 160AF 50kA | C69: Cái | D69: 1 | F69: 1
B70: MCCB 3P 80AT 100AF 50kA | C70: Cái | D70: 1 | F70: 1
B71: MCCB 3P 63AT 100AF 50kA | C71: Cái | D71: 2 | F71: 2
B72: MCCB 3P 50AT 100AF 50kA | C72: Cái | D72: 2 | F72: 2
B73: MCCB 3P 100AT 100AF 50kA | C73: Cái | D73: 2 | F73: 2
B74: MCCB 3P 32AT 100AF 50kA | C74: Cái | D74: 3 | F74: 3
B75: Công tơ 3 pha đo gián tiếp | C75: Cái | D75: 1 | F75: 1
B76: Biến dòng hạ thế 100/5A | C76: Cái | D76: 3 | F76: 3
B77: Bộ nguồn 1P 220VAC/24VDC 100W | C77: Cái | D77: 1 | F77: 1
B78: Đồng thanh cái chính 320A+100%N+25%E mạ thiếc | C78: Bộ | D78: 1 | F78: 1
B79: Đồng thanh cái nhánh mạ thiếc | C79: Bộ | D79: 1 | F79: 1
B80: Nhân công+phụ kiện lắp đặt | C80: Tủ | D80: 1 | F80: 1
A81: =COUNT($A$10:$A80)+1 -> 3 | B81: Tủ điện MSB1.5+MSB1.6 | C81: Tủ | D81: 1 | F81: 1 | I81: ACIT / Bích Hạnh | J81: Việt Nam | K81: 240890220 | L81: 831790 | M81: 12021530 | N81: =ROUND((K81+L81+M81)*10%,-1) -> 25374350 | O81: =ROUND((K81+L81+M81+N81)*7%,-1) -> 19538250 | P81: =K81+L81+M81+N81+O81 -> 298656140 | Q81: =P81*D81 -> 298656140 | R81: =P81*F81 -> 298656140
B82: Vỏ tủ form 3B | C82: Cái | D82: 1 | F82: 1
B83: Đầu vào:
B84: MCCB 4P 250AT 250AF 50kA, kèm Vigi Module bảo vệ dòng rò | C84: Cái | D84: 1 | F84: 1
B85: Tiếp điểm báo trạng thái cho MCCB 4P 250A 50kA | C85: Cái | D85: 2 | F85: 2
B86: Cuộn cắt 220VAC cho MCCB 4P 250A 50kA | C86: Cái | D86: 2 | F86: 2
B87: ATS 4P 250A | C87: Cái | D87: 1 | F87: 1
B88: Bộ điều khiển ATS | C88: Cái | D88: 1 | F88: 1
B89: Biến dòng hạ thế 250/5A | C89: Quả | D89: 6 | F89: 6
B90: Đồng hồ Volt 0-450VAC | C90: Cái | D90: 2 | F90: 2
B91: Chuyển mạch Volt 7 vị trí | C91: Cái | D91: 2 | F91: 2
B92: Đồng hồ KTS đa chức năng (đo lường I, U, F, P, Q, S, PF, THD, Accuracy 0.5%, kết nối BMS), truyền thông Modbus | C92: Cái | D92: 2 | F92: 2
B93: Đèn báo pha | C93: Cái | D93: 6 | F93: 6
B94: Cầu chi 2A | C94: Cái | D94: 6 | F94: 6
B95: Đầu ra:
B96: MCCB 3P 125AT 160AF 50kA | C96: Cái | D96: 1 | F96: 1
B97: MCCB 3P 80AT 100AF 50kA | C97: Cái | D97: 1 | F97: 1
B98: MCCB 3P 63AT 100AF 50kA | C98: Cái | D98: 2 | F98: 2
B99: MCCB 3P 50AT 100AF 50kA | C99: Cái | D99: 3 | F99: 3
B100: MCCB 3P 40AT 100AF 50kA | C100: Cái | D100: 1 | F100: 1
B101: MCCB 3P 32AT 100AF 50kA | C101: Cái | D101: 2 | F101: 2
B102: Bộ nguồn 1P 220VAC/24VDC 100W | C102: Cái | D102: 1 | F102: 1
...

Sheet 2. HT điện nhẹ
A1: Dự án: TOÀ NHÀ HỖN HỢP HACOM MALL
A2: Gói thầu: CUNG CẤP VTTB VÀ THI CÔNG LẮP ĐẶT HỆ THỐNG CƠ ĐIỆN
A3: Hạng mục: HỆ THỐNG ĐIỆN NHẸ
A5: KHỐI LƯỢNG MỜI THẦU | F5: LIÊN DANH CÔNG TY TNHH VĂN LANG VÀ CÔNG TY TNHH XÂY DỰNG CƠ ĐIỆN TRÍ TRUNG
A6: Stt | B6: Diễn giải | C6: Đơn vị | D6: KL Mời thầu Lần 2 | E6: Ghi chú | F6: KL Nhà thầu chào | G6: THÔNG TIN VỀ VẬT LIỆU CHÍNH | K6: ĐƠN GIÁ (chưa bao gồm VAT) | Q6: Thành tiền BOQ | S6: Ghi chú
G7: Mô tả/ Quy cách | H7: Mã hiệu | I7: Thương hiệu | J7: Xuất xứ | K7: VL chính | L7: VL phụ | M7: NC&M | N7: CF quản lý | O7: Lợi nhuận | P7: ĐG tổng hợp | Q7: Thành tiền KLMT | R7: Thành tiền Nhà thầu chào
A8: 1 | B8: 2 | C8: 3 | D8: 4 | E8: 5 | F8: 6 | G8: 7 | H8: 8 | I8: 9 | J8: 10 | K8: 11 | L8: 12 | M8: 13 | N8: 14 | O8: 15 | P8: 16=11+12+13+14+15 | Q8: 17=4*16 | R8: 18=6*16 | S8: 19
A9: A | B9: ĐẦU MỤC CÔNG VIỆC THEO KLMT | Q9: =SUBTOTAL(9,Q10:Q50) -> 3.0129423e+09 | R9: =SUBTOTAL(9,R10:R50) -> 2429901290
A10: I | B10: Vật tư thiết bị đầu tư cho BQL tòa nhà
A11: 1 | B11: Ổ cắm mạng đơn 1xRJ45, bao gồm mặt và hạt | C11: Cái | D11: 10 | E11: NT chỉ cung cấp và lắp đặt đế âm | F11: 10 | I11: Sam Phú / AC | J11: Việt Nam | K11: 10400 | L11: 200 | M11: 26940 | N11: =ROUND((K11+L11+M11)*10%,-1) -> 3750 | O11: =ROUND((K11+L11+M11+N11)*7%,-1) -> 2890 | P11: =K11+L11+M11+N11+O11 -> 44180 | Q11: =P11*D11 -> 441800 | R11: =P11*F11 -> 441800
A12: 2 | B12: Ống PVC D20 | C12: m | D12: 100 | F12: 100 | G12: 750N | I12: Sam Phú / AC | J12: Việt Nam | K12: 6290 | L12: 190 | M12: 68590 | N12: =ROUND((K12+L12+M12)*10%,-1) -> 7510 | O12: =ROUND((K12+L12+M12+N12)*7%,-1) -> 5780 | P12: =K12+L12+M12+N12+O12 -> 88360 | Q12: =P12*D12 -> 8836000 | R12: =P12*F12 -> 8836000
A13: II | B13: PHẦN VẬT TƯ THIẾT BỊ ĐẦU TƯ CHO CĂN HỘ
A14: 1 | B14: Ổ cắm mạng đơn 1xRJ45, bao gồm cả mặt và hạt | C14: Cái | D14: 1109 | E14: NT chỉ cung cấp và lắp đặt đế âm | F14: 1109 | I14: Sam Phú / AC | J14: Việt Nam | K14: 10400 | L14: 200 | M14: 26940 | N14: =ROUND((K14+L14+M14)*10%,-1) -> 3750 | O14: =ROUND((K14+L14+M14+N14)*7%,-1) -> 2890 | P14: =K14+L14+M14+N14+O14 -> 44180 | Q14: =P14*D14 -> 48995620 | R14: =P14*F14 -> 48995620
A15: 2 | B15: Ổ cắm truyền hình, bao gồm mặt cả hạt | C15: Cái | D15: 1109 | E15: NT chỉ cung cấp và lắp đặt đế âm | F15: 1109 | I15: Sam Phú / AC | J15: Việt Nam | K15: 10400 | L15: 200 | M15: 26940 | N15: =ROUND((K15+L15+M15)*10%,-1) -> 3750 | O15: =ROUND((K15+L15+M15+N15)*7%,-1) -> 2890 | P15: =K15+L15+M15+N15+O15 -> 44180 | Q15: =P15*D15 -> 48995620 | R15: =P15*F15 -> 48995620
A16: 3 | B16: Ống PVC D20 | C16: m | D16: 15826 | F16: 10236 | G16: 750N | I16: Sam Phú / AC | J16: Việt Nam | K16: 6290 | L16: 190 | M16: 68590 | N16: =ROUND((K16+L16+M16)*10%,-1) -> 7510 | O16: =ROUND((K16+L16+M16+N16)*7%,-1) -> 5780 | P16: =K16+L16+M16+N16+O16 -> 88360 | Q16: =P16*D16 -> 1398385360 | R16: =P16*F16 -> 904452960
A17: 4 | B17: Vật tư phụ hoàn thiện toàn bộ hệ thống | C17: Lô | D17: 1 | F17: 1 | J17: Việt Nam | K17: 4534320 | L17: 0 | M17: 1482230 | N17: =ROUND((K17+L17+M17)*10%,-1) -> 601660 | O17: =ROUND((K17+L17+M17+N17)*7%,-1) -> 463270 | P17: =K17+L17+M17+N17+O17 -> 7081480 | Q17: =P17*D17 -> 7081480 | R17: =P17*F17 -> 7081480
A18: III | B18: Thang máng cáp
A19: 1 | B19: Thang cáp kim loại WxH-500x100mm | C19: m | D19: 209.3 | F19: 218 | G19: Lớp phủ Sơn tĩnh điện | I19: ACIT / Bích Hạnh | J19: Việt Nam | K19: 261120 | L19: 7830 | M19: 144020 | N19: =ROUND((K19+L19+M19)*10%,-1) -> 41300 | O19: =ROUND((K19+L19+M19+N19)*7%,-1) -> 31800 | P19: =K19+L19+M19+N19+O19 -> 486070 | Q19: =P19*D19 -> 101734451 | R19: =P19*F19 -> 105963260
B20: Tê nối thang cáp WxH=(500x100)mm | C20: Cái | D20: 2 | F20: 2 | G20: Lớp phủ Sơn tĩnh điện | I20: ACIT / Bích Hạnh | J20: Việt Nam | K20: 794580 | L20: 23840 | M20: 309580 | N20: =ROUND((K20+L20+M20)*10%,-1) -> 112800 | O20: =ROUND((K20+L20+M20+N20)*7%,-1) -> 86860 | P20: =K20+L20+M20+N20+O20 -> 1327660 | Q20: =P20*D20 -> 2655320 | R20: =P20*F20 -> 2655320
B21: Chuyển hướng ngang 90 độ thang cáp WxH=(500x100)mm | C21: Cái | D21: 8 | F21: 8 | G21: Lớp phủ Sơn tĩnh điện | I21: ACIT / Bích Hạnh | J21: Việt Nam | K21: 564060 | L21: 16920 | M21: 309580 | N21: =ROUND((K21+L21+M21)*10%,-1) -> 89060 | O21: =ROUND((K21+L21+M21+N21)*7%,-1) -> 68570 | P21: =K21+L21+M21+N21+O21 -> 1048190 | Q21: =P21*D21 -> 8385520 | R21: =P21*F21 -> 8385520
B22: Chuyển hướng dọc 90 độ thang cáp WxH=(500x100)mm | C22: Cái | D22: 4 | F22: 4 | G22: Lớp phủ Sơn tĩnh điện | I22: ACIT / Bích Hạnh | J22: Việt Nam | K22: 564060 | L22: 16920 | M22: 309580 | N22: =ROUND((K22+L22+M22)*10%,-1) -> 89060 | O22: =ROUND((K22+L22+M22+N22)*7%,-1) -> 68570 | P22: =K22+L22+M22+N22+O22 -> 1048190 | Q22: =P22*D22 -> 4192760 | R22: =P22*F22 -> 4192760
A23: 2 | B23: Thang cáp kim loại WxH-400x100mm | C23: m | D23: 48.8 | F23: 49 | G23: Lớp phủ Sơn tĩnh điện | I23: ACIT / Bích Hạnh | J23: Việt Nam | K23: 247860 | L23: 7440 | M23: 124740 | N23: =ROUND((K23+L23+M23)*10%,-1) -> 38000 | O23: =ROUND((K23+L23+M23+N23)*7%,-1) -> 29260 | P23: =K23+L23+M23+N23+O23 -> 447300 | Q23: =P23*D23 -> 21828240 | R23: =P23*F23 -> 21917700
B24: Tê nối máng cáp WxH=(400x100)mm | C24: Cái | D24: 0 | F24: 0 | G24: Lớp phủ Sơn tĩnh điện | I24: ACIT / Bích Hạnh | J24: Việt Nam | K24: 794580 | L24: 19850 | M24: 153600 | N24: =ROUND((K24+L24+M24)*10%,-1) -> 96800 | O24: =ROUND((K24+L24+M24+N24)*7%,-1) -> 74540 | P24: =K24+L24+M24+N24+O24 -> 1139370 | Q24: =P24*D24 -> 0 | R24: =P24*F24 -> 0
B25: Chuyển hướng ngang 90 độ máng cáp WxH=(400x100)mm | C25: Cái | D25: 0 | F25: 0 | G25: Lớp phủ Sơn tĩnh điện | I25: ACIT / Bích Hạnh | J25: Việt Nam | K25: 564060 | L25: 16140 | M25: 153600 | N25: =ROUND((K25+L25+M25)*10%,-1) -> 73380 | O25: =ROUND((K25+L25+M25+N25)*7%,-1) -> 56500 | P25: =K25+L25+M25+N25+O25 -> 863680 | Q25: =P25*D25 -> 0 | R25: =P25*F25 -> 0
B26: Chữ thập nối thang cáp WxH=(400x100)mm | C26: Cái | D26: 1 | F26: 1 | G26: Lớp phủ Sơn tĩnh điện | I26: ACIT / Bích Hạnh | J26: Việt Nam | K26: 705840 | L26: 21180 | M26: 146290 | N26: =ROUND((K26+L26+M26)*10%,-1) -> 87330 | O26: =ROUND((K26+L26+M26+N26)*7%,-1) -> 67240 | P26: =K26+L26+M26+N26+O26 -> 1027880 | Q26: =P26*D26 -> 1027880 | R26: =P26*F26 -> 1027880
B27: Chuyển hướng ngang 90 độ thang cáp WxH=(400x100)mm | C27: Cái | D27: 5 | F27: 5 | G27: Lớp phủ Sơn tĩnh điện | I27: ACIT / Bích Hạnh | J27: Việt Nam | K27: 496740 | L27: 14900 | M27: 146290 | N27: =ROUND((K27+L27+M27)*10%,-1) -> 65790 | O27: =ROUND((K27+L27+M27+N27)*7%,-1) -> 50660 | P27: =K27+L27+M27+N27+O27 -> 774380 | Q27: =P27*D27 -> 3871900 | R27: =P27*F27 -> 3871900
B28: Chuyển hướng dọc 90 độ thang cáp WxH=(400x100)mm | C28: Cái | D28: 1 | F28: 1 | G28: Lớp phủ Sơn tĩnh điện | I28: ACIT / Bích Hạnh | J28: Việt Nam | K28: 496740 | L28: 14900 | M28: 146290 | N28: =ROUND((K28+L28+M28)*10%,-1) -> 65790 | O28: =ROUND((K28+L28+M28+N28)*7%,-1) -> 50660 | P28: =K28+L28+M28+N28+O28 -> 774380 | Q28: =P28*D28 -> 774380 | R28: =P28*F28 -> 774380
A29: 3 | B29: Máng cáp kim loại WxH-200x100mm | C29: m | D29: 0 | F29: 145 | G29: Lớp phủ Sơn tĩnh điện | I29: ACIT / Bích Hạnh | J29: Việt Nam | K29: 284580 | L29: 8540 | M29: 74840 | N29: =ROUND((K29+L29+M29)*10%,-1) -> 36800 | O29: =ROUND((K29+L29+M29+N29)*7%,-1) -> 28330 | P29: =K29+L29+M29+N29+O29 -> 433090 | Q29: =P29*D29 -> 0 | R29: =P29*F29 -> 62798050
B30: Chuyển hướng ngang 90 độ máng cáp WxH=(200x100)mm | C30: Cái | D30: 0 | F30: 0 | G30: Lớp phủ Sơn tĩnh điện | I30: ACIT / Bích Hạnh | J30: Việt Nam | K30: 214200 | L30: 6430 | M30: 92990 | N30: =ROUND((K30+L30+M30)*10%,-1) -> 31360 | O30: =ROUND((K30+L30+M30+N30)*7%,-1) -> 24150 | P30: =K30+L30+M30+N30+O30 -> 369130 | Q30: =P30*D30 -> 0 | R30: =P30*F30 -> 0
B31: Tê nối máng cáp WxH=(200x100)mm | C31: Cái | D31: 0 | F31: 0 | G31: Lớp phủ Sơn tĩnh điện | I31: ACIT / Bích Hạnh | J31: Việt Nam | K31: 281520 | L31: 8450 | M31: 92990 | N31: =ROUND((K31+L31+M31)*10%,-1) -> 38300 | O31: =ROUND((K31+L31+M31+N31)*7%,-1) -> 29490 | P31: =K31+L31+M31+N31+O31 -> 450750 | Q31: =P31*D31 -> 0 | R31: =P31*F31 -> 0
A32: 4 | B32: Máng cáp kim loại WxH-200x50mm | C32: m | D32: 871.99 | F32: 618 | G32: Lớp phủ Sơn tĩnh điện | I32: ACIT / Bích Hạnh | J32: Việt Nam | K32: 237660 | L32: 7130 | M32: 74840 | N32: =ROUND((K32+L32+M32)*10%,-1) -> 31960 | O32: =ROUND((K32+L32+M32+N32)*7%,-1) -> 24610 | P32: =K32+L32+M32+N32+O32 -> 376200 | Q32: =P32*D32 -> 3.2804264e+08 | R32: =P32*F32 -> 232491600
B33: Chuyển hướng ngang 90 độ máng cáp WxH=(200x50)mm | C33: Cái | D33: 40 | F33: 40 | G33: Lớp phủ Sơn tĩnh điện | I33: ACIT / Bích Hạnh | J33: Việt Nam | K33: 180540 | L33: 5420 | M33: 92990 | N33: =ROUND((K33+L33+M33)*10%,-1) -> 27900 | O33: =ROUND((K33+L33+M33+N33)*7%,-1) -> 21480 | P33: =K33+L33+M33+N33+O33 -> 328330 | Q33: =P33*D33 -> 13133200 | R33: =P33*F33 -> 13133200
B34: Chuyển hướng dọc 90 độ máng cáp WxH=(200x50)mm | C34: Cái | D34: 5 | F34: 5 | G34: Lớp phủ Sơn tĩnh điện | I34: ACIT / Bích Hạnh | J34: Việt Nam | K34: 285600 | L34: 8570 | M34: 92990 | N34: =ROUND((K34+L34+M34)*10%,-1) -> 38720 | O34: =ROUND((K34+L34+M34+N34)*7%,-1) -> 29810 | P34: =K34+L34+M34+N34+O34 -> 455690 | Q34: =P34*D34 -> 2278450 | R34: =P34*F34 -> 2278450
B35: Tê nối máng cáp WxH=(200x50)mm | C35: Cái | D35: 26 | F35: 26 | G35: Lớp phủ Sơn tĩnh điện | I35: ACIT / Bích Hạnh | J35: Việt Nam | K35: 250920 | L35: 7530 | M35: 92990 | N35: =ROUND((K35+L35+M35)*10%,-1) -> 35140 | O35: =ROUND((K35+L35+M35+N35)*7%,-1) -> 27060 | P35: =K35+L35+M35+N35+O35 -> 413640 | Q35: =P35*D35 -> 10754640 | R35: =P35*F35 -> 10754640
A36: 5 | B36: Máng cáp kim loại WxH-150x50mm | C36: m | D36: 1724.49 | F36: 1731 | G36: Lớp phủ Sơn tĩnh điện | I36: ACIT / Bích Hạnh | J36: Việt Nam | K36: 193800 | L36: 5810 | M36: 74840 | N36: =ROUND((K36+L36+M36)*10%,-1) -> 27450 | O36: =ROUND((K36+L36+M36+N36)*7%,-1) -> 21130 | P36: =K36+L36+M36+N36+O36 -> 323030 | Q36: =P36*D36 -> 5.57062e+08 | R36: =P36*F36 -> 559164930
B37: Tê nối máng cáp WxH=(150x50)mm | C37: Cái | D37: 20 | F37: 20 | G37: Lớp phủ Sơn tĩnh điện | I37: ACIT / Bích Hạnh | J37: Việt Nam | K37: 207060 | L37: 6210 | M37: 92990 | N37: =ROUND((K37+L37+M37)*10%,-1) -> 30630 | O37: =ROUND((K37+L37+M37+N37)*7%,-1) -> 23580 | P37: =K37+L37+M37+N37+O37 -> 360470 | Q37: =P37*D37 -> 7209400 | R37: =P37*F37 -> 7209400
B38: Chuyển hướng ngang 90 độ máng cáp WxH=(150x50)mm | C38: Cái | D38: 89 | F38: 89 | G38: Lớp phủ Sơn tĩnh điện | I38: ACIT / Bích Hạnh | J38: Việt Nam | K38: 144840 | L38: 4350 | M38: 92990 | N38: =ROUND((K38+L38+M38)*10%,-1) -> 24220 | O38: =ROUND((K38+L38+M38+N38)*7%,-1) -> 18650 | P38: =K38+L38+M38+N38+O38 -> 285050 | Q38: =P38*D38 -> 25369450 | R38: =P38*F38 -> 25369450
B39: Chuyển hướng dọc 90 độ máng cáp WxH=(150x50)mm | C39: Cái | D39: 19 | F39: 19 | G39: Lớp phủ Sơn tĩnh điện | I39: ACIT / Bích Hạnh | J39: Việt Nam | K39: 144840 | L39: 4350 | M39: 92990 | N39: =ROUND((K39+L39+M39)*10%,-1) -> 24220 | O39: =ROUND((K39+L39+M39+N39)*7%,-1) -> 18650 | P39: =K39+L39+M39+N39+O39 -> 285050 | Q39: =P39*D39 -> 5415950 | R39: =P39*F39 -> 5415950
B40: Thang cáp WxH=(400x50)mm | C40: m | D40: 66 | F40: 66 | G40: Lớp phủ Sơn tĩnh điện | I40: ACIT / Bích Hạnh | J40: Việt Nam | K40: 277440 | L40: 8320 | M40: 124740 | N40: =ROUND((K40+L40+M40)*10%,-1) -> 41050 | O40: =ROUND((K40+L40+M40+N40)*7%,-1) -> 31610 | P40: =K40+L40+M40+N40+O40 -> 483160 | Q40: =P40*D40 -> 31888560 | R40: =P40*F40 -> 31888560
B41: Chuyển hướng ngang 90 độ thang cáp WxH=(400x50)mm | C41: Cái | D41: 4 | F41: 4 | G41: Lớp phủ Sơn tĩnh điện | I41: ACIT / Bích Hạnh | J41: Việt Nam | K41: 437580 | L41: 13130 | M41: 146290 | N41: =ROUND((K41+L41+M41)*10%,-1) -> 59700 | O41: =ROUND((K41+L41+M41+N41)*7%,-1) -> 45970 | P41: =K41+L41+M41+N41+O41 -> 702670 | Q41: =P41*D41 -> 2810680 | R41: =P41*F41 -> 2810680
B42: Chuyển hướng dọc 90 độ thang cáp WxH=(400x50)mm | C42: Cái | D42: 1 | F42: 1 | G42: Lớp phủ Sơn tĩnh điện | I42: ACIT / Bích Hạnh | J42: Việt Nam | K42: 437580 | L42: 13130 | M42: 146290 | N42: =ROUND((K42+L42+M42)*10%,-1) -> 59700 | O42: =ROUND((K42+L42+M42+N42)*7%,-1) -> 45970 | P42: =K42+L42+M42+N42+O42 -> 702670 | Q42: =P42*D42 -> 702670 | R42: =P42*F42 -> 702670
B43: Tê nối thang cáp WxH=(400x50)mm | C43: Cái | D43: 3 | F43: 3 | G43: Lớp phủ Sơn tĩnh điện | I43: ACIT / Bích Hạnh | J43: Việt Nam | K43: 633420 | L43: 19000 | M43: 146290 | N43: =ROUND((K43+L43+M43)*10%,-1) -> 79870 | O43: =ROUND((K43+L43+M43+N43)*7%,-1) -> 61500 | P43: =K43+L43+M43+N43+O43 -> 940080 | Q43: =P43*D43 -> 2820240 | R43: =P43*F43 -> 2820240
A44: 6 | B44: Thanh đỡ thép L50x50x5 | C44: m | D44: 578.64625 | F44: 314 | K44: 113310 | L44: 2260 | M44: 63680 | N44: =ROUND((K44+L44+M44)*10%,-1) -> 17930 | O44: =ROUND((K44+L44+M44+N44)*7%,-1) -> 13800 | P44: =K44+L44+M44+N44+O44 -> 210980 | Q44: =P44*D44 -> 1.2208279e+08 | R44: =P44*F44 -> 66247720
A45: 7 | B45: Ti treo thép M12 | C45: m | D45: 2614 | F45: 2614 | K45: 36100 | L45: 720 | M45: 20210 | N45: =ROUND((K45+L45+M45)*10%,-1) -> 5700 | O45: =ROUND((K45+L45+M45+N45)*7%,-1) -> 4390 | P45: =K45+L45+M45+N45+O45 -> 67120 | Q45: =P45*D45 -> 175451680 | R45: =P45*F45 -> 175451680
A46: 8 | B46: Vật tư phụ hoàn thiện toàn bộ hệ thống | C46: Lô | D46: 1 | F46: 1 | K46: 24434450 | L46: 0 | M46: 7933820 | N46: =ROUND((K46+L46+M46)*10%,-1) -> 3236830 | O46: =ROUND((K46+L46+M46+N46)*7%,-1) -> 2492360 | P46: =K46+L46+M46+N46+O46 -> 38097460 | Q46: =P46*D46 -> 38097460 | R46: =P46*F46 -> 38097460
A47: IV | B47: Hệ thống nối đất thông tin
A48: 1 | B48: Tấm nối đất (150x50x5)mm | C48: cái | D48: 19 | F48: 19 | K48: 280910 | L48: 5620 | M48: 122470 | N48: =ROUND((K48+L48+M48)*10%,-1) -> 40900 | O48: =ROUND((K48+L48+M48+N48)*7%,-1) -> 31490 | P48: =K48+L48+M48+N48+O48 -> 481390 | Q48: =P48*D48 -> 9146410 | R48: =P48*F48 -> 9146410
A49: 2 | B49: Dây nối đất Cu/PVC (1x16)mm2 | C49: m | D49: 284 | F49: 200 | K49: 56920 | L49: 1090 | M49: 12200 | N49: =ROUND((K49+L49+M49)*10%,-1) -> 7020 | O49: =ROUND((K49+L49+M49+N49)*7%,-1) -> 5410 | P49: =K49+L49+M49+N49+O49 -> 82640 | Q49: =P49*D49 -> 23469760 | R49: =P49*F49 -> 16528000
A50: B | B50: Phát sinh ngoài KLMT Nhà thầu bổ sung | Q50: =SUBTOTAL(9,Q51:Q51) -> 0 | R50: =SUBTOTAL(9,R51:R51) -> 0
A52: C | B52: TỔNG CỘNG TRƯỚC VAT: C = A + B | Q52: =SUBTOTAL(9,Q9:Q51) -> 3.0129423e+09 | R52: =SUBTOTAL(9,R9:R51) -> 2429901290

Sheet 3. HT CTN
A1: Dự án: TOÀ NHÀ HỖN HỢP HACOM MALL
A2: Gói thầu: CUNG CẤP VTTB VÀ THI CÔNG LẮP ĐẶT HỆ THỐNG CƠ ĐIỆN
A3: Hạng mục: HỆ THỐNG CẤP THOÁT NƯỚC
A5: KHỐI LƯỢNG MỜI THẦU | F5: LIÊN DANH CÔNG TY TNHH VĂN LANG VÀ CÔNG TY TNHH XÂY DỰNG CƠ ĐIỆN TRÍ TRUNG
A6: STT | B6: Diễn giải | C6: Đơn vị | D6: KL Mời thầu Lần 2 | E6: Ghi chú | F6: KL Nhà thầu chào | G6: THÔNG TIN VỀ VẬT LIỆU CHÍNH | K6: ĐƠN GIÁ (chưa bao gồm VAT) | Q6: Thành tiền BOQ | S6: Ghi chú
G7: Mô tả/ Quy cách | H7: Mã hiệu | I7: Thương hiệu | J7: Xuất xứ | K7: VL chính | L7: VL phụ | M7: NC&M | N7: CF quản lý | O7: Lợi nhuận | P7: ĐG tổng hợp | Q7: Thành tiền KLMT | R7: Thành tiền Nhà thầu chào
A8: 1 | B8: 2 | C8: 3 | D8: 4 | E8: 5 | F8: 6 | G8: 7 | H8: 8 | I8: 9 | J8: 10 | K8: 11 | L8: 12 | M8: 13 | N8: 14 | O8: 15 | P8: 16=11+12+13+14+15 | Q8: 17=4*16 | R8: 18=6*16 | S8: 19
A9: A | B9: ĐẦU MỤC CÔNG VIỆC THEO KLMT | Q9: =SUBTOTAL(9,Q11:Q814) -> 3.6031654e+10 | R9: =SUBTOTAL(9,R11:R814) -> 36276380384
A10: I | B10: Phần thiết bị + phụ kiện chính
A11: 1 | B11: Bơm thoát nước sàn hầm ( thông số 1 bơm Q=12m3/h. H=15m, N=2,5KW), ( bao gồm phụ kiện : khớp nối nhanh, xích kéo, thanh dẫn hướng…) | C11: Cụm | D11: 3 | E11: Bơm thả chìm, nguyên cụm (bao gồm 02 bơm) | F11: 3 | G11: Bơm chìm Q=12m3/h. H=15m, N=1,5KW Thân Bơm: Gang Cánh Bơm: Gang Trục bơm: Thép không rỉ | H11: Model : FAG 50C 20.30/15 | I11: Willo | J11: China | K11: 54933120 | L11: 1647990 | M11: 7371000 | N11: =ROUND((K11+L11+M11)*10%,-1) -> 6395210 | O11: =ROUND((K11+L11+M11+N11)*7%,-1) -> 4924310 | P11: =K11+L11+M11+N11+O11 -> 75271630 | Q11: =P11*D11 -> 225814890 | R11: =P11*F11 -> 225814890
A12: 2 | B12: Bơm hố pít thang máy ( thông số 1 bơm Q=10m3/h. H=15m, N=1,5KW), ( bao gồm phụ kiện : khớp nối nhanh, xích kéo, thanh dẫn hướng…) | C12: Cụm | D12: 2 | E12: Bơm thả chìm, nguyên cụm (bao gồm 02 bơm) | F12: 2 | G12: Bơm chìm Q=10m3/h. H=15m, N=1,5KW Thân Bơm: Gang Cánh Bơm: Gang Trục bơm: Thép không rỉ | H12: Model : FAG 50C 20.30/15 | I12: Willo | J12: China | K12: 54933120 | L12: 1647990 | M12: 7371000 | N12: =ROUND((K12+L12+M12)*10%,-1) -> 6395210 | O12: =ROUND((K12+L12+M12+N12)*7%,-1) -> 4924310 | P12: =K12+L12+M12+N12+O12 -> 75271630 | Q12: =P12*D12 -> 150543260 | R12: =P12*F12 -> 150543260
A13: 3 | B13: Bơm bể bơm trung chuyển ( thông số bơm Q=6m3/h. H=6m), ( bao gồm phụ kiện : khớp nối nhanh, xích kéo, thanh dẫn hướng…) | C13: Cụm | D13: 2 | E13: Bơm thả chìm, nguyên cụm (bao gồm 02 bơm) | F13: 2 | G13: Bơm chìm Q=6m3/h. H=6m, N=0.45KW Thân Bơm: Gang Cánh Bơm: Gang Trục bơm: Thép không rỉ | H13: Model : FAG 50Z 11.14/4.5 | I13: Willo | J13: China | K13: 37662480 | L13: 1129870 | M13: 7371000 | N13: =ROUND((K13+L13+M13)*10%,-1) -> 4616340 | O13: =ROUND((K13+L13+M13+N13)*7%,-1) -> 3554580 | P13: =K13+L13+M13+N13+O13 -> 54334270 | Q13: =P13*D13 -> 108668540 | R13: =P13*F13 -> 108668540
A14: 4 | B14: Bơm cấp nước lên mái khối A ( thông số 1 bơm Q=40m3/h. H=130m, N=22KW), ( bao gồm phụ kiện ) | C14: Cụm | D14: 1 | E14: Bơm trục đứng, đa tầng cánh, nguyên cụm (bao gồm 02 bơm) | F14: 1 | G14: Ly tâm, trục đứng, đa tầng cánh Q=40m3/h. H=130m, N=22KW Thân Bơm: Gang Cánh Bơm: Gang Trục bơm: Thép không rỉ | H14: Model : Helix FIRST V 3608-5/25/E/KS/400-50 | I14: Willo | J14: China | K14: 291312000 | L14: 2913120 | M14: 7822330 | N14: =ROUND((K14+L14+M14)*10%,-1) -> 30204750 | O14: =ROUND((K14+L14+M14+N14)*7%,-1) -> 23257650 | P14: =K14+L14+M14+N14+O14 -> 355509850 | Q14: =P14*D14 -> 355509850 | R14: =P14*F14 -> 355509850
A15: 5 | B15: Bơm cấp nước lên mái khối B ( thông số 1 bơm Q=40m3/h. H=120m, N=22KW), ( bao gồm phụ kiện ) | C15: Cụm | D15: 1 | E15: Bơm trục đứng, đa tầng cánh, nguyên cụm (bao gồm 02 bơm) | F15: 1 | G15: Ly tâm, trục đứng, đa tầng cánh Q=40m3/h. H=120m, N=22KW Thân Bơm: Gang Cánh Bơm: Gang Trục bơm: Thép không rỉ | H15: Model : Helix FIRST V 3607-5/25/E/KS/400-50 | I15: Willo | J15: China | K15: 272584800 | L15: 2725850 | M15: 7822330 | N15: =ROUND((K15+L15+M15)*10%,-1) -> 28313300 | O15: =ROUND((K15+L15+M15+N15)*7%,-1) -> 21801240 | P15: =K15+L15+M15+N15+O15 -> 333247520 | Q15: =P15*D15 -> 333247520 | R15: =P15*F15 -> 333247520
A16: 6 | B16: Bơm biến tần tăng áp khối đế (thông số 1 bơm Q=40m3/h. H=56m,N=11KW), ( bao gồm phụ kiện ) | C16: Cụm | D16: 1 | E16: Bơm trục đứng, đa tầng cánh, nguyên cụm (bao gồm 02 bơm) | F16: 1 | G16: Nguyên bộ nhập khẩu Bao gồm: Máy bơm Ly tâm trục đứng đa tầng cánh , tủ điều khiển, hệ cơ khí và phụ kiện liên quan Q=2*40m3/h. H=56m, N=2*11KW Thân Bơm: Thép không rỉ Cánh Bơm: Thép không rỉ Trục bơm: Thép không rỉ | H16: Model : SIBOOST-B-2-HELIX V3604/2-VRS-N | I16: Willo | J16: China | K16: 338130000 | L16: 3381300 | M16: 5554330 | N16: =ROUND((K16+L16+M16)*10%,-1) -> 34706560 | O16: =ROUND((K16+L16+M16+N16)*7%,-1) -> 26724050 | P16: =K16+L16+M16+N16+O16 -> 408496240 | Q16: =P16*D16 -> 408496240 | R16: =P16*F16 -> 408496240
A17: 7 | B17: Bơm biến tần tăng áp mái khối A (thông số 1 bơm Q=27m3/h. H=25m,N=3.7KW), ( bao gồm phụ kiện ) | C17: Cụm | D17: 1 | E17: Bơm trục đứng, đa tầng cánh, nguyên cụm (bao gồm 02 bơm) | F17: 1 | G17: Nguyên bộ nhập khẩu Bao gồm: Máy bơm Ly tâm trục đứng đa tầng cánh, tủ điều khiển, hệ cơ khí và phụ kiện liên quan Q=2*27m3/h. H=56m, N=2*4KW Thân Bơm: Thép không rỉ Cánh Bơm: Thép không rỉ Trục bơm: Thép không rỉ | H17: Model : SIBOOST-B-2-HELIX V2203-VRS-N | I17: Willo | J17: China | K17: 280908000 | L17: 2809080 | M17: 5554330 | N17: =ROUND((K17+L17+M17)*10%,-1) -> 28927140 | O17: =ROUND((K17+L17+M17+N17)*7%,-1) -> 22273900 | P17: =K17+L17+M17+N17+O17 -> 340472450 | Q17: =P17*D17 -> 340472450 | R17: =P17*F17 -> 340472450
A18: 8 | B18: Bơm biến tần tăng áp mái khối B (thông số 1 bơm Q=30m3/h. H=25m,N=3.7KW), ( bao gồm phụ kiện ) | C18: Cụm | D18: 1 | E18: Bơm trục đứng, đa tầng cánh, nguyên cụm (bao gồm 02 bơm) | F18: 1 | G18: Nguyên bộ nhập khẩu Bao gồm: Máy bơm Ly tâm trục đứng đa tầng cánh, tủ điều khiển, hệ cơ khí và phụ kiện liên quan Q=2*30m3/h. H=56m, N=2*4KW Thân Bơm: Thép không rỉ Cánh Bơm: Thép không rỉ Trục bơm: Thép không rỉ | H18: Model : SIBOOST-B-2-HELIX V2203-VRS-N | I18: Willo | J18: China | K18: 280908000 | L18: 2809080 | M18: 5554330 | N18: =ROUND((K18+L18+M18)*10%,-1) -> 28927140 | O18: =ROUND((K18+L18+M18+N18)*7%,-1) -> 22273900 | P18: =K18+L18+M18+N18+O18 -> 340472450 | Q18: =P18*D18 -> 340472450 | R18: =P18*F18 -> 340472450
A19: 9 | B19: Bình tích áp 500L (bao gồm đồng hồ đo áp, công tắc áp lực liên động bơm tăng áp), ( bao gồm phụ kiện) | C19: Cụm | D19: 3 | F19: 3 | G19: Bình tích áp: 500l-10bar | H19: Model: US500461CS000000 | I19: Varem | J19: Ý | K19: 22176840 | L19: 510000 | M19: 1190700 | N19: =ROUND((K19+L19+M19)*10%,-1) -> 2387750 | O19: =ROUND((K19+L19+M19+N19)*7%,-1) -> 1838570 | P19: =K19+L19+M19+N19+O19 -> 28103860 | Q19: =P19*D19 -> 84311580 | R19: =P19*F19 -> 84311580
A20: 10 | B20: Cụm đồng hồ nước DN100 (gồm 01 đồng hồ, 02 van bướm, 01 mối nối mềm) | C20: Cụm | D20: 1 | F20: 1 | G20: Đồng hồ nước DN100 PN16 Van bướm DN100 PN16 Khớp nối mềm DN100 PN16 | H20: WTM - 100+KVS - 300+KVS 505 - F | I20: KVS | J20: Asia | K20: 12392540 | L20: 123930 | M20: 1673780 | N20: =ROUND((K20+L20+M20)*10%,-1) -> 1419030 | O20: =ROUND((K20+L20+M20+N20)*7%,-1) -> 1092650 | P20: =K20+L20+M20+N20+O20 -> 16701930 | Q20: =P20*D20 -> 16701930 | R20: =P20*F20 -> 16701930
A21: 11 | B21: Cụm đồng hồ nước DN80 (gồm 01 đồng hồ, 02 van khóa, kèm phụ kiện) | C21: Cụm | D21: 1 | F21: 1 | G21: Áp Lực 16 Bar, Bích PN16 | H21: WTM - 100 +KVS - 400 A | I21: KVS | J21: Asia | K21: 12402180 | L21: 248040 | M21: 1644300 | N21: =ROUND((K21+L21+M21)*10%,-1) -> 1429450 | O21: =ROUND((K21+L21+M21+N21)*7%,-1) -> 1100680 | P21: =K21+L21+M21+N21+O21 -> 16824650 | Q21: =P21*D21 -> 16824650 | R21: =P21*F21 -> 16824650
A22: 12 | B22: Cụm đồng hồ nước DN50 (gồm 01 đồng hồ, 02 van khóa, kèm phụ kiện) | C22: Cụm | D22: 2 | F22: 2 | G22: Đồng hồ nước DN50 PN16 Van khóa DN50 PN16 | H22: MTF - 55+KVS - 402 | I22: KVS | J22: Asia | K22: 3750640 | L22: 37510 | M22: 920810 | N22: =ROUND((K22+L22+M22)*10%,-1) -> 470900 | O22: =ROUND((K22+L22+M22+N22)*7%,-1) -> 362590 | P22: =K22+L22+M22+N22+O22 -> 5542450 | Q22: =P22*D22 -> 11084900 | R22: =P22*F22 -> 11084900
A23: 13 | B23: Cụm đồng hồ nước DN40 (gồm 01 đồng hồ, 02 van khóa, kèm phụ kiện) | C23: Cụm | D23: 5 | F23: 5 | G23: Đồng hồ nước DN40 PN10 Van khóa DN40 PN16 | H23: MTM - 55 +KVS - 402 | I23: KVS | J23: Asia | K23: 4748810 | L23: 47490 | M23: 494420 | N23: =ROUND((K23+L23+M23)*10%,-1) -> 529070 | O23: =ROUND((K23+L23+M23+N23)*7%,-1) -> 407390 | P23: =K23+L23+M23+N23+O23 -> 6227180 | Q23: =P23*D23 -> 31135900 | R23: =P23*F23 -> 31135900
A24: 14 | B24: Cụm đồng hồ nước DN32 (gồm 01 đồng hồ, 02 van khóa, kèm phụ kiện) | C24: Cụm | D24: 2 | F24: 2 | G24: Đồng hồ nước DN32 PN10 Van khóa DN32 PN16 | H24: MTM - 55 +KVS - 402 | I24: KVS | J24: Asia | K24: 3368300 | L24: 33680 | M24: 421850 | N24: =ROUND((K24+L24+M24)*10%,-1) -> 382380 | O24: =ROUND((K24+L24+M24+N24)*7%,-1) -> 294430 | P24: =K24+L24+M24+N24+O24 -> 4500640 | Q24: =P24*D24 -> 9001280 | R24: =P24*F24 -> 9001280
A25: 15 | B25: Cụm đồng hồ nước DN25 (gồm 01 đồng hồ, 02 van khóa, kèm phụ kiện) | C25: Cụm | D25: 6 | F25: 6 | G25: Đồng hồ nước DN25 PN10 Van khóa DN25 PN16 | H25: MTM - 55 +KVS - 402 | I25: KVS | J25: Asia | K25: 2219110 | L25: 22200 | M25: 374220 | N25: =ROUND((K25+L25+M25)*10%,-1) -> 261550 | O25: =ROUND((K25+L25+M25+N25)*7%,-1) -> 201400 | P25: =K25+L25+M25+N25+O25 -> 3078480 | Q25: =P25*D25 -> 18470880 | R25: =P25*F25 -> 18470880
A26: 16 | B26: Cụm đồng hồ nước DN20 (gồm 01 đồng hồ, 02 van khóa, kèm phụ kiện) | C26: Cụm | D26: 432 | F26: 432 | G26: Đồng hồ nước DN20 PN10 Van khóa DN20 PN16 | H26: MTM - 55 +KVS - 402 | I26: KVS | J26: Asia | K26: 1273420 | L26: 12730 | M26: 358340 | N26: =ROUND((K26+L26+M26)*10%,-1) -> 164450 | O26: =ROUND((K26+L26+M26+N26)*7%,-1) -> 126630 | P26: =K26+L26+M26+N26+O26 -> 1935570 | Q26: =P26*D26 -> 836166240 | R26: =P26*F26 -> 836166240
A27: 17 | B27: Cụm đồng hồ nước DN15 (gồm 01 đồng hồ, 02 van khóa, kèm phụ kiện) | C27: Cụm | D27: 84 | F27: 84 | G27: Đồng hồ nước DN15 PN10 Van khóa DN15 PN16 | H27: MTM - 55 +KVS - 402 | I27: KVS | J27: Asia | K27: 1090280 | L27: 10900 | M27: 349270 | N27: =ROUND((K27+L27+M27)*10%,-1) -> 145050 | O27: =ROUND((K27+L27+M27+N27)*7%,-1) -> 111690 | P27: =K27+L27+M27+N27+O27 -> 1707190 | Q27: =P27*D27 -> 143403960 | R27: =P27*F27 -> 143403960
A28: 18 | B28: Cảm biến mực nước | C28: Cái | D28: 6 | F28: 6 | I28: Omron | J28: Jpana | K28: 5194350 | L28: 51950 | M28: 292570 | N28: =ROUND((K28+L28+M28)*10%,-1) -> 553890 | O28: =ROUND((K28+L28+M28+N28)*7%,-1) -> 426490 | P28: =K28+L28+M28+N28+O28 -> 6519250 | Q28: =P28*D28 -> 39115500 | R28: =P28*F28 -> 39115500
A29: 19 | B29: Van búa nước DN80 | C29: Cái | D29: 2 | E29: PN25 | F29: 2 | G29: PN25 | H29: WHA-9000 | I29: KVS | J29: Asia | K29: 7501280 | L29: 75010 | M29: 589680 | N29: =ROUND((K29+L29+M29)*10%,-1) -> 816600 | O29: =ROUND((K29+L29+M29+N29)*7%,-1) -> 628780 | P29: =K29+L29+M29+N29+O29 -> 9611350 | Q29: =P29*D29 -> 19222700 | R29: =P29*F29 -> 19222700
A30: 20 | B30: Van chống va xả áp lực dư DN80 | C30: Cái | D30: 2 | E30: PN25 | F30: 2 | G30: PN25 | H30: KVS 702 - G | I30: KVS | J30: Asia | K30: 29669910 | L30: 296700 | M30: 612360 | N30: =ROUND((K30+L30+M30)*10%,-1) -> 3057900 | O30: =ROUND((K30+L30+M30+N30)*7%,-1) -> 2354580 | P30: =K30+L30+M30+N30+O30 -> 35991450 | Q30: =P30*D30 -> 71982900 | R30: =P30*F30 -> 71982900
A31: 21 | B31: Van phao cơ DN100 | C31: Cái | D31: 2 | E31: PN16 | F31: 2 | G31: PN16 | H31: KVS 703 - A | I31: KVS | J31: Asia | K31: 13658460 | L31: 136590 | M31: 657720 | N31: =ROUND((K31+L31+M31)*10%,-1) -> 1445280 | O31: =ROUND((K31+L31+M31+N31)*7%,-1) -> 1112860 | P31: =K31+L31+M31+N31+O31 -> 17010910 | Q31: =P31*D31 -> 34021820 | R31: =P31*F31 -> 34021820
A32: 22 | B32: Van xả khí tự động DN25 | C32: Cái | D32: 9 | F32: 9 | G32: PN16 | H32: KVS - 870 | I32: KVS | J32: Asia | K32: 1295910 | L32: 12960 | M32: 292570 | N32: =ROUND((K32+L32+M32)*10%,-1) -> 160140 | O32: =ROUND((K32+L32+M32+N32)*7%,-1) -> 123310 | P32: =K32+L32+M32+N32+O32 -> 1884890 | Q32: =P32*D32 -> 16964010 | R32: =P32*F32 -> 16964010
A33: 23 | B33: Cụm van giảm áp DN100 (gồm 4 van khóa, 02 van giảm áp) | C33: Cụm | D33: 1 | E33: PN16 | F33: 1 | G33: PN16 | H33: KVS - 400 A+KVS 701 - G | I33: KVS | J33: Asia | K33: 36953780 | L33: 369540 | M33: 2084290 | N33: =ROUND((K33+L33+M33)*10%,-1) -> 3940760 | O33: =ROUND((K33+L33+M33+N33)*7%,-1) -> 3034390 | P33: =K33+L33+M33+N33+O33 -> 46382760 | Q33: =P33*D33 -> 46382760 | R33: =P33*F33 -> 46382760
A34: 24 | B34: Cụm van giảm áp DN80 (gồm 4 van khóa, 02 van giảm áp) | C34: Cụm | D34: 5 | E34: PN16 | F34: 5 | G34: PN16 | H34: KVS - 400 A+KVS 701 - G | I34: KVS | J34: Asia | K34: 33239560 | L34: 332400 | M34: 2025320 | N34: =ROUND((K34+L34+M34)*10%,-1) -> 3559730 | O34: =ROUND((K34+L34+M34+N34)*7%,-1) -> 2740990 | P34: =K34+L34+M34+N34+O34 -> 41898000 | Q34: =P34*D34 -> 209490000 | R34: =P34*F34 -> 209490000
A35: 25 | B35: Cảm biến áp suất | C35: Cái | D35: 2 | F35: 2 | G35: 10 Bar | I35: Mass | J35: India | K35: 1985570 | L35: 19860 | M35: 292570 | N35: =ROUND((K35+L35+M35)*10%,-1) -> 229800 | O35: =ROUND((K35+L35+M35+N35)*7%,-1) -> 176950 | P35: =K35+L35+M35+N35+O35 -> 2704750 | Q35: =P35*D35 -> 5409500 | R35: =P35*F35 -> 5409500
A36: 26 | B36: Cửa thăm | C36: Cái | D36: 1 | F36: 0 | K36: 0 | L36: 0 | M36: 0 | N36: =ROUND((K36+L36+M36)*10%,-1) -> 0 | O36: =ROUND((K36+L36+M36+N36)*7%,-1) -> 0 | P36: =K36+L36+M36+N36+O36 -> 0 | Q36: =P36*D36 -> 0 | R36: =P36*F36 -> 0 | S36: Theo TCQ 02 ngày 04/10/2025
A37: 27 | B37: Cửa thăm vuông có bản lề hapulico hoặc tương đương | C37: Cái | D37: 6 | F37: 0 | K37: 0 | L37: 0 | M37: 0 | N37: =ROUND((K37+L37+M37)*10%,-1) -> 0 | O37: =ROUND((K37+L37+M37+N37)*7%,-1) -> 0 | P37: =K37+L37+M37+N37+O37 -> 0 | Q37: =P37*D37 -> 0 | R37: =P37*F37 -> 0 | S37: Theo TCQ 02 ngày 04/10/2025
A38: 28 | B38: Tấm ghi đậy rãnh B300, KN12,5 | C38: m | D38: 16 | F38: 0 | K38: 0 | L38: 0 | M38: 0 | N38: =ROUND((K38+L38+M38)*10%,-1) -> 0 | O38: =ROUND((K38+L38+M38+N38)*7%,-1) -> 0 | P38: =K38+L38+M38+N38+O38 -> 0 | Q38: =P38*D38 -> 0 | R38: =P38*F38 -> 0 | S38: Theo TCQ 02 ngày 04/10/2025
A39: 29 | B39: Bể Inox lắp ghép mái tháp B 32m3 (AxBxH=4x4x2.5) | C39: Cái | D39: 1 | F39: 1 | G39: - Kích thước: D4,0(2,0+2,0)×R4,0×C3,0(m); -Dung tích bể: 32m3; -Chia ngǎn: Chia 02 ngǎn; -Trọng lượng : Khoảng 2.2 Tấn -Vật liệu: Inox 304; Tấm panel đáy bể dày 3.0mm dập chỏm cầu tăng cứng tại nhà máy, quy cách giống tấm thành và nóc, tấm panel thành 1 dày 2.5mm; tấm thành 2 dày 2.0mm; tấm thành 3 dày 1.5mm; tấm nóc bê dày 1.2mm; Sản xuất theo tiêu chuẩn Jis G4305:2012/ASTM-A240;Hệ giằng, chống trong bê V30x2.0-2.5mm. Hệ U100x45x4.0 chấn mạ kẽm nhúng nóng, lắp đặt bằng bulong ma kẽm. | I39: Sơn Hà | J39: Việt Nam | K39: 380672310 | L39: 6978110 | M39: 38789600 | N39: =ROUND((K39+L39+M39)*10%,-1) -> 42644000 | O39: =ROUND((K39+L39+M39+N39)*7%,-1) -> 32835880 | P39: =K39+L39+M39+N39+O39 -> 501919900 | Q39: =P39*D39 -> 501919900 | R39: =P39*F39 -> 501919900
A40: 30 | B40: Bể Inox lắp ghép mái tháp A 36m3 (AxBxH=6x3x2.5) | C40: Cái | D40: 1 | F40: 1 | G40: -Kích thước : D6,0(3,0+3,0)×R3,0×C3,0(m); -Dung tích bể : 36m3; -Chia ngǎn: Chia 02 ngǎn; -Trong luợng: Khoảng 2.4 Tấn - Vật liệu: Inox 304; Tấm panel đáy bể dày 3.0mm dập chóm cầu tăng cứng tại nhà máy, quy cách giống tấm thành và nóc, tấm panel thành 1 dày 2.5mm; tấm thành 2 dày 2.0mm;tấm thành 3 dày 1.5mm; tấm nóc bể dày 1.2mm; Sản xuất theo tiêu chuẩn Jis G4305:2012/ASTM-A240;Hệ giằng,chống trong bể V30x2.0-2.5mm. Hệ U100x45x4.0 chấn mạ kẽm nhúng nóng, lắp đặt bằng bulong ma kēm. | I40: Sơn Hà | J40: Việt Nam | K40: 402454980 | L40: 7382730 | M40: 38789600 | N40: =ROUND((K40+L40+M40)*10%,-1) -> 44862730 | O40: =ROUND((K40+L40+M40+N40)*7%,-1) -> 34544300 | P40: =K40+L40+M40+N40+O40 -> 528034340 | Q40: =P40*D40 -> 528034340 | R40: =P40*F40 -> 528034340
A41: 31 | B41: Nắp ghi gang ga thu sàn 400x600 | C41: Cái | D41: 10 | E41: Chưa bao gồm | F41: 0 | K41: 0 | L41: 0 | M41: 0 | N41: =ROUND((K41+L41+M41)*10%,-1) -> 0 | O41: =ROUND((K41+L41+M41+N41)*7%,-1) -> 0 | P41: =K41+L41+M41+N41+O41 -> 0 | Q41: =P41*D41 -> 0 | R41: =P41*F41 -> 0 | S41: Theo TCQ 02 ngày 04/10/2025
A42: 32 | B42: Hộp đồng hồ tổng | C42: Cái | D42: 1 | F42: 1 | I42: Miha / tương đương | J42: Việt Nam | K42: 2550000 | L42: 510000 | M42: 577500 | N42: =ROUND((K42+L42+M42)*10%,-1) -> 363750 | O42: =ROUND((K42+L42+M42+N42)*7%,-1) -> 280090 | P42: =K42+L42+M42+N42+O42 -> 4281340 | Q42: =P42*D42 -> 4281340 | R42: =P42*F42 -> 4281340
A43: II | B43: Phần cấp nước mặt bằng + trục đứng
A44: I | B44: Cấp Nước/Supply Water
A45: 1 | B45: Ống thép mạ kẽm nhúng nóng (SCH10)
B46: DN200 | C46: m | D46: 3 | E46: inox 304 | F46: 3 | G46: Ống hàn inox 304 DN200x3,76x6000mm ASTM A312 SCH10S | I46: Sơn Hà / Tương đương | J46: Việt Nam | K46: 1691160 | L46: 50730 | M46: 563600 | N46: =ROUND((K46+L46+M46)*10%,-1) -> 230550 | O46: =ROUND((K46+L46+M46+N46)*7%,-1) -> 177520 | P46: =K46+L46+M46+N46+O46 -> 2713560 | Q46: =P46*D46 -> 8140680 | R46: =P46*F46 -> 8140680
B47: DN150 | C47: m | D47: 20 | E47: inox 304 | F47: 20 | G47: Ống hàn inox 304 DN150x3,4x6000mm ASTM A312 SCH10S | I47: Sơn Hà / Tương đương | J47: Việt Nam | K47: 1136280 | L47: 34090 | M47: 378760 | N47: =ROUND((K47+L47+M47)*10%,-1) -> 154910 | O47: =ROUND((K47+L47+M47+N47)*7%,-1) -> 119280 | P47: =K47+L47+M47+N47+O47 -> 1823320 | Q47: =P47*D47 -> 36466400 | R47: =P47*F47 -> 36466400
B48: DN125 | C48: m | D48: 8 | E48: inox 304 | F48: 8 | G48: Ống hàn inox 304 DN125x3,4x6000mm ASTM A312 SCH10S | I48: Sơn Hà / Tương đương | J48: Việt Nam | K48: 942480 | L48: 28270 | M48: 314120 | N48: =ROUND((K48+L48+M48)*10%,-1) -> 128490 | O48: =ROUND((K48+L48+M48+N48)*7%,-1) -> 98940 | P48: =K48+L48+M48+N48+O48 -> 1512300 | Q48: =P48*D48 -> 12098400 | R48: =P48*F48 -> 12098400
B49: DN100 | C49: m | D49: 27 | E49: inox 304 | F49: 4 | G49: Ống hàn inox 304 DN100x3,05x6000mm ASTM A312 SCH10S | I49: Sơn Hà / Tương đương | J49: Việt Nam | K49: 681360 | L49: 20440 | M49: 288040 | N49: =ROUND((K49+L49+M49)*10%,-1) -> 98980 | O49: =ROUND((K49+L49+M49+N49)*7%,-1) -> 76220 | P49: =K49+L49+M49+N49+O49 -> 1165040 | Q49: =P49*D49 -> 31456080 | R49: =P49*F49 -> 4660160
B50: DN80 | C50: m | D50: 510 | E50: inox 304 | F50: 510 | G50: Ống hàn inox 304 DN80x2,77x6000mm ASTM A312 SCH10S | I50: Sơn Hà / Tương đương | J50: Việt Nam | K50: 526320 | L50: 15790 | M50: 187110 | N50: =ROUND((K50+L50+M50)*10%,-1) -> 72920 | O50: =ROUND((K50+L50+M50+N50)*7%,-1) -> 56150 | P50: =K50+L50+M50+N50+O50 -> 858290 | Q50: =P50*D50 -> 437727900 | R50: =P50*F50 -> 437727900
A51: 2 | B51: Ống PPR PN10 / Pipe PPR PN10
B52: D110 | C52: m | D52: 81.316 | E52: PPR PN10 | F52: 70 | G52: PPR PN10 | I52: Đệ Nhất / Tiền Phong | J52: Việt Nam | K52: 218320 | L52: 4370 | M52: 131940 | N52: =ROUND((K52+L52+M52)*10%,-1) -> 35460 | O52: =ROUND((K52+L52+M52+N52)*7%,-1) -> 27310 | P52: =K52+L52+M52+N52+O52 -> 417400 | Q52: =P52*D52 -> 33941298 | R52: =P52*F52 -> 29218000
B53: D90 | C53: m | D53: 36 | E53: PPR PN10 | F53: 36 | G53: PPR PN10 | I53: Đệ Nhất / Tiền Phong | J53: Việt Nam | K53: 136390 | L53: 2720 | M53: 101830 | N53: =ROUND((K53+L53+M53)*10%,-1) -> 24090 | O53: =ROUND((K53+L53+M53+N53)*7%,-1) -> 18550 | P53: =K53+L53+M53+N53+O53 -> 283580 | Q53: =P53*D53 -> 10208880 | R53: =P53*F53 -> 10208880
B54: D63 | C54: m | D54: 238 | E54: PPR PN10 | F54: 238 | G54: PPR PN10 | I54: Đệ Nhất / Tiền Phong | J54: Việt Nam | K54: 67210 | L54: 1350 | M54: 71190 | N54: =ROUND((K54+L54+M54)*10%,-1) -> 13980 | O54: =ROUND((K54+L54+M54+N54)*7%,-1) -> 10760 | P54: =K54+L54+M54+N54+O54 -> 164490 | Q54: =P54*D54 -> 39148620 | R54: =P54*F54 -> 39148620
B55: D50 | C55: m | D55: 161 | E55: PPR PN10 | F55: 161 | G55: PPR PN10 | I55: Đệ Nhất / Tiền Phong | J55: Việt Nam | K55: 42280 | L55: 850 | M55: 57270 | N55: =ROUND((K55+L55+M55)*10%,-1) -> 10040 | O55: =ROUND((K55+L55+M55+N55)*7%,-1) -> 7730 | P55: =K55+L55+M55+N55+O55 -> 118170 | Q55: =P55*D55 -> 19025370 | R55: =P55*F55 -> 19025370
B56: D40 | C56: m | D56: 228.828 | E56: PPR PN10 | F56: 228 | G56: PPR PN10 | I56: Đệ Nhất / Tiền Phong | J56: Việt Nam | K56: 28850 | L56: 580 | M56: 44960 | N56: =ROUND((K56+L56+M56)*10%,-1) -> 7440 | O56: =ROUND((K56+L56+M56+N56)*7%,-1) -> 5730 | P56: =K56+L56+M56+N56+O56 -> 87560 | Q56: =P56*D56 -> 20036180 | R56: =P56*F56 -> 19963680
B57: D32 | C57: m | D57: 10702 | E57: PPR PN10 | F57: 10702 | G57: PPR PN10 | I57: Đệ Nhất / Tiền Phong | J57: Việt Nam | K57: 21500 | L57: 430 | M57: 32920 | N57: =ROUND((K57+L57+M57)*10%,-1) -> 5490 | O57: =ROUND((K57+L57+M57+N57)*7%,-1) -> 4220 | P57: =K57+L57+M57+N57+O57 -> 64560 | Q57: =P57*D57 -> 690921120 | R57: =P57*F57 -> 690921120
B58: D25 | C58: m | D58: 3003 | E58: PPR PN10 | F58: 3030 | G58: PPR PN10 | I58: Đệ Nhất / Tiền Phong | J58: Việt Nam | K58: 16600 | L58: 340 | M58: 29170 | N58: =ROUND((K58+L58+M58)*10%,-1) -> 4610 | O58: =ROUND((K58+L58+M58+N58)*7%,-1) -> 3550 | P58: =K58+L58+M58+N58+O58 -> 54270 | Q58: =P58*D58 -> 162972810 | R58: =P58*F58 -> 164438100
B59: D20 | C59: m | D59: 1139.889 | E59: PPR PN10 | F59: 1136 | G59: PPR PN10 | I59: Đệ Nhất / Tiền Phong | J59: Việt Nam | K59: 9280 | L59: 180 | M59: 27440 | N59: =ROUND((K59+L59+M59)*10%,-1) -> 3690 | O59: =ROUND((K59+L59+M59+N59)*7%,-1) -> 2840 | P59: =K59+L59+M59+N59+O59 -> 43430 | Q59: =P59*D59 -> 49505379 | R59: =P59*F59 -> 49336480
A60: 3 | B60: Ống PPR PN16 / Pipe PPR PN16
B61: D140 | C61: m | D61: 32.84 | E61: PPR PN16 | F61: 36 | G61: PPR PN16 | I61: Đệ Nhất / Tiền Phong | J61: Việt Nam | K61: 401680 | L61: 8040 | M61: 158960 | N61: =ROUND((K61+L61+M61)*10%,-1) -> 56870 | O61: =ROUND((K61+L61+M61+N61)*7%,-1) -> 43790 | P61: =K61+L61+M61+N61+O61 -> 669340 | Q61: =P61*D61 -> 21981126 | R61: =P61*F61 -> 24096240
B62: D110 | C62: m | D62: 189.391 | E62: PPR PN16 | F62: 196 | G62: PPR PN16 | I62: Đệ Nhất / Tiền Phong | J62: Việt Nam | K62: 254510 | L62: 5090 | M62: 131940 | N62: =ROUND((K62+L62+M62)*10%,-1) -> 39150 | O62: =ROUND((K62+L62+M62+N62)*7%,-1) -> 30150 | P62: =K62+L62+M62+N62+O62 -> 460840 | Q62: =P62*D62 -> 87278948 | R62: =P62*F62 -> 90324640
B63: D90 | C63: m | D63: 173.157 | E63: PPR PN16 | F63: 154 | G63: PPR PN16 | I63: Đệ Nhất / Tiền Phong | J63: Việt Nam | K63: 167030 | L63: 3350 | M63: 101830 | N63: =ROUND((K63+L63+M63)*10%,-1) -> 27220 | O63: =ROUND((K63+L63+M63+N63)*7%,-1) -> 20960 | P63: =K63+L63+M63+N63+O63 -> 320390 | Q63: =P63*D63 -> 55477771 | R63: =P63*F63 -> 49340060
B64: D25 | C64: m | D64: 28 | E64: PPR PN16 | F64: 30 | G64: PPR PN16 | I64: Đệ Nhất / Tiền Phong | J64: Việt Nam | K64: 19100 | L64: 380 | M64: 29170 | N64: =ROUND((K64+L64+M64)*10%,-1) -> 4870 | O64: =ROUND((K64+L64+M64+N64)*7%,-1) -> 3750 | P64: =K64+L64+M64+N64+O64 -> 57270 | Q64: =P64*D64 -> 1603560 | R64: =P64*F64 -> 1718100
A65: 4 | B65: Ống HDPE PN10
B66: D110 | C66: m | D66: 69.522 | E66: HDPE PN10 | F66: 70 | G66: HDPE PN10 | I66: Đệ Nhất / Tiền Phong | J66: Việt Nam | K66: 116510 | L66: 2330 | M66: 131940 | N66: =ROUND((K66+L66+M66)*10%,-1) -> 25080 | O66: =ROUND((K66+L66+M66+N66)*7%,-1) -> 19310 | P66: =K66+L66+M66+N66+O66 -> 295170 | Q66: =P66*D66 -> 20520809 | R66: =P66*F66 -> 20661900
A67: 5 | B67: Tê PPR / Tee PPR
B68: D140/90 | C68: Cái | D68: 1 | F68: 1 | G68: PPR PN20 | I68: Đệ Nhất / Tiền Phong | J68: Việt Nam | K68: 658620 | L68: 13170 | M68: 168720 | N68: =ROUND((K68+L68+M68)*10%,-1) -> 84050 | O68: =ROUND((K68+L68+M68+N68)*7%,-1) -> 64720 | P68: =K68+L68+M68+N68+O68 -> 989280 | Q68: =P68*D68 -> 989280 | R68: =P68*F68 -> 989280
B69: D110 | C69: Cái | D69: 6 | F69: 6 | G69: PPR PN20 | I69: Đệ Nhất / Tiền Phong | J69: Việt Nam | K69: 190880 | L69: 3810 | M69: 159040 | N69: =ROUND((K69+L69+M69)*10%,-1) -> 35370 | O69: =ROUND((K69+L69+M69+N69)*7%,-1) -> 27240 | P69: =K69+L69+M69+N69+O69 -> 416340 | Q69: =P69*D69 -> 2498040 | R69: =P69*F69 -> 2498040
B70: D110/90 | C70: Cái | D70: 2 | F70: 2 | G70: PPR PN20 | I70: Đệ Nhất / Tiền Phong | J70: Việt Nam | K70: 182930 | L70: 3660 | M70: 159040 | N70: =ROUND((K70+L70+M70)*10%,-1) -> 34560 | O70: =ROUND((K70+L70+M70+N70)*7%,-1) -> 26610 | P70: =K70+L70+M70+N70+O70 -> 406800 | Q70: =P70*D70 -> 813600 | R70: =P70*F70 -> 813600
B71: D110/63 | C71: Cái | D71: 6 | F71: 6 | G71: PPR PN20 | I71: Đệ Nhất / Tiền Phong | J71: Việt Nam | K71: 182930 | L71: 3660 | M71: 159040 | N71: =ROUND((K71+L71+M71)*10%,-1) -> 34560 | O71: =ROUND((K71+L71+M71+N71)*7%,-1) -> 26610 | P71: =K71+L71+M71+N71+O71 -> 406800 | Q71: =P71*D71 -> 2440800 | R71: =P71*F71 -> 2440800
B72: D110-50 | C72: Cái | D72: 1 | F72: 1 | G72: PPR PN20 | I72: Đệ Nhất / Tiền Phong | J72: Việt Nam | K72: 182930 | L72: 3660 | M72: 159040 | N72: =ROUND((K72+L72+M72)*10%,-1) -> 34560 | O72: =ROUND((K72+L72+M72+N72)*7%,-1) -> 26610 | P72: =K72+L72+M72+N72+O72 -> 406800 | Q72: =P72*D72 -> 406800 | R72: =P72*F72 -> 406800
B73: D110-40 | C73: Cái | D73: 1 | F73: 1 | G73: PPR PN20 | I73: Đệ Nhất / Tiền Phong | J73: Việt Nam | K73: 182930 | L73: 3660 | M73: 159040 | N73: =ROUND((K73+L73+M73)*10%,-1) -> 34560 | O73: =ROUND((K73+L73+M73+N73)*7%,-1) -> 26610 | P73: =K73+L73+M73+N73+O73 -> 406800 | Q73: =P73*D73 -> 406800 | R73: =P73*F73 -> 406800
B74: D90 | C74: Cái | D74: 12 | F74: 12 | G74: PPR PN20 | I74: Đệ Nhất / Tiền Phong | J74: Việt Nam | K74: 123300 | L74: 2470 | M74: 136930 | N74: =ROUND((K74+L74+M74)*10%,-1) -> 26270 | O74: =ROUND((K74+L74+M74+N74)*7%,-1) -> 20230 | P74: =K74+L74+M74+N74+O74 -> 309200 | Q74: =P74*D74 -> 3710400 | R74: =P74*F74 -> 3710400
B75: D90/63 | C75: Cái | D75: 37 | F75: 37 | G75: PPR PN20 | I75: Đệ Nhất / Tiền Phong | J75: Việt Nam | K75: 115340 | L75: 2310 | M75: 136930 | N75: =ROUND((K75+L75+M75)*10%,-1) -> 25460 | O75: =ROUND((K75+L75+M75+N75)*7%,-1) -> 19600 | P75: =K75+L75+M75+N75+O75 -> 299640 | Q75: =P75*D75 -> 11086680 | R75: =P75*F75 -> 11086680
B76: D63 | C76: Cái | D76: 3 | F76: 3 | G76: PPR PN20 | I76: Đệ Nhất / Tiền Phong | J76: Việt Nam | K76: 52900 | L76: 1060 | M76: 59540 | N76: =ROUND((K76+L76+M76)*10%,-1) -> 11350 | O76: =ROUND((K76+L76+M76+N76)*7%,-1) -> 8740 | P76: =K76+L76+M76+N76+O76 -> 133590 | Q76: =P76*D76 -> 400770 | R76: =P76*F76 -> 400770
B77: D63/50 | C77: Cái | D77: 5 | F77: 5 | G77: PPR PN20 | I77: Đệ Nhất / Tiền Phong | J77: Việt Nam | K77: 50000 | L77: 1000 | M77: 59540 | N77: =ROUND((K77+L77+M77)*10%,-1) -> 11050 | O77: =ROUND((K77+L77+M77+N77)*7%,-1) -> 8510 | P77: =K77+L77+M77+N77+O77 -> 130100 | Q77: =P77*D77 -> 650500 | R77: =P77*F77 -> 650500
B78: D63/40 | C78: Cái | D78: 9 | F78: 9 | G78: PPR PN20 | I78: Đệ Nhất / Tiền Phong | J78: Việt Nam | K78: 50000 | L78: 1000 | M78: 59540 | N78: =ROUND((K78+L78+M78)*10%,-1) -> 11050 | O78: =ROUND((K78+L78+M78+N78)*7%,-1) -> 8510 | P78: =K78+L78+M78+N78+O78 -> 130100 | Q78: =P78*D78 -> 1170900 | R78: =P78*F78 -> 1170900
B79: D63/32 | C79: Cái | D79: 414 | F79: 414 | G79: PPR PN20 | I79: Đệ Nhất / Tiền Phong | J79: Việt Nam | K79: 50000 | L79: 1000 | M79: 59540 | N79: =ROUND((K79+L79+M79)*10%,-1) -> 11050 | O79: =ROUND((K79+L79+M79+N79)*7%,-1) -> 8510 | P79: =K79+L79+M79+N79+O79 -> 130100 | Q79: =P79*D79 -> 53861400 | R79: =P79*F79 -> 53861400
... B95: D25/20 | C95: Cái | D95: 11 | F95: 11 | G95: PPR PN20 | I95: Đệ Nhất / Tiền Phong | J95: Việt Nam | K95: 4180 | L95: 80 | M95: 28690 | N95: =ROUND((K95+L95+M95)*10%,-1) -> 3300 | O95: =ROUND((K95+L95+M95+N95)*7%,-1) -> 2540 | P95: =K95+L95+M95+N95+O95 -> 38790 | Q95: =P95*D95 -> 426690 | R95: =P95*F95 -> 426690
A96: 6 | B96: Cút PPR / Elbow PPR
B97: D140 | C97: Cái | D97: 2 | F97: 6 | G97: PPR PN20 | I97: Đệ Nhất / Tiền Phong | J97: Việt Nam | K97: 416820 | L97: 8330 | M97: 133810 | N97: =ROUND((K97+L97+M97)*10%,-1) -> 55900 | O97: =ROUND((K97+L97+M97+N97)*7%,-1) -> 43040 | P97: =K97+L97+M97+N97+O97 -> 657900 | Q97: =P97*D97 -> 1315800 | R97: =P97*F97 -> 3947400
B98: D110 | C98: Cái | D98: 29 | F98: 35 | G98: PPR PN20 | I98: Đệ Nhất / Tiền Phong | J98: Việt Nam | K98: 192860 | L98: 3860 | M98: 110570 | N98: =ROUND((K98+L98+M98)*10%,-1) -> 30730 | O98: =ROUND((K98+L98+M98+N98)*7%,-1) -> 23660 | P98: =K98+L98+M98+N98+O98 -> 361680 | Q98: =P98*D98 -> 10488720 | R98: =P98*F98 -> 12658800
B99: D90 | C99: Cái | D99: 15 | F99: 36 | G99: PPR PN20 | I99: Đệ Nhất / Tiền Phong | J99: Việt Nam | K99: 94650 | L99: 1900 | M99: 95820 | N99: =ROUND((K99+L99+M99)*10%,-1) -> 19240 | O99: =ROUND((K99+L99+M99+N99)*7%,-1) -> 14810 | P99: =K99+L99+M99+N99+O99 -> 226420 | Q99: =P99*D99 -> 3396300 | R99: =P99*F99 -> 8151120
B100: D63 | C100: Cái | D100: 148 | F100: 128 | G100: PPR PN20 | I100: Đệ Nhất / Tiền Phong | J100: Việt Nam | K100: 47000 | L100: 940 | M100: 44230 | N100: =ROUND((K100+L100+M100)*10%,-1) -> 9220 | O100: =ROUND((K100+L100+M100+N100)*7%,-1) -> 7100 | P100: =K100+L100+M100+N100+O100 -> 108490 | Q100: =P100*D100 -> 16056520 | R100: =P100*F100 -> 13886720
B101: D50 | C101: Cái | D101: 26 | F101: 17 | G101: PPR PN20 | I101: Đệ Nhất / Tiền Phong | J101: Việt Nam | K101: 15370 | L101: 310 | M101: 38330 | N101: =ROUND((K101+L101+M101)*10%,-1) -> 5400 | O101: =ROUND((K101+L101+M101+N101)*7%,-1) -> 4160 | P101: =K101+L101+M101+N101+O101 -> 63570 | Q101: =P101*D101 -> 1652820 | R101: =P101*F101 -> 1080690
B102: D40 | C102: Cái | D102: 42 | F102: 51 | G102: PPR PN20 | I102: Đệ Nhất / Tiền Phong | J102: Việt Nam | K102: 8750 | L102: 170 | M102: 32430 | N102: =ROUND((K102+L102+M102)*10%,-1) -> 4140 | O102: =ROUND((K102+L102+M102+N102)*7%,-1) -> 3180 | P102: =K102+L102+M102+N102+O102 -> 48670 | Q102: =P102*D102 -> 2044140 | R102: =P102*F102 -> 2482170
B103: D32 | C103: Cái | D103: 2533 | F103: 1897 | G103: PPR PN20 | I103: Đệ Nhất / Tiền Phong | J103: Việt Nam | K103: 5410 | L103: 110 | M103: 26530 | N103: =ROUND((K103+L103+M103)*10%,-1) -> 3210 | O103: =ROUND((K103+L103+M103+N103)*7%,-1) -> 2470 | P103: =K103+L103+M103+N103+O103 -> 37730 | Q103: =P103*D103 -> 95570090 | R103: =P103*F103 -> 71573810
B104: D25 | C104: Cái | D104: 732 | F104: 508 | G104: PPR PN20 | I104: Đệ Nhất / Tiền Phong | J104: Việt Nam | K104: 3080 | L104: 60 | M104: 20640 | N104: =ROUND((K104+L104+M104)*10%,-1) -> 2380 | O104: =ROUND((K104+L104+M104+N104)*7%,-1) -> 1830 | P104: =K104+L104+M104+N104+O104 -> 27990 | Q104: =P104*D104 -> 20488680 | R104: =P104*F104 -> 14218920
B105: D20 | C105: Cái | D105: 294 | F105: 775 | G105: PPR PN20 | I105: Đệ Nhất / Tiền Phong | J105: Việt Nam | K105: 2330 | L105: 50 | M105: 14740 | N105: =ROUND((K105+L105+M105)*10%,-1) -> 1710 | O105: =ROUND((K105+L105+M105+N105)*7%,-1) -> 1320 | P105: =K105+L105+M105+N105+O105 -> 20150 | Q105: =P105*D105 -> 5924100 | R105: =P105*F105 -> 15616250
A106: 7 | B106: Côn thu PPR
B107: D140/90 | C107: Cái | D107: 1 | F107: 1 | G107: PPR PN20 | I107: Đệ Nhất / Tiền Phong | J107: Việt Nam | K107: 223880 | L107: 4480 | M107: 133810 | N107: =ROUND((K107+L107+M107)*10%,-1) -> 36220 | O107: =ROUND((K107+L107+M107+N107)*7%,-1) -> 27890 | P107: =K107+L107+M107+N107+O107 -> 426280 | Q107: =P107*D107 -> 426280 | R107: =P107*F107 -> 426280
B108: D110/90 | C108: Cái | D108: 2 | F108: 2 | G108: PPR PN20 | I108: Đệ Nhất / Tiền Phong | J108: Việt Nam | K108: 98300 | L108: 1970 | M108: 110570 | N108: =ROUND((K108+L108+M108)*10%,-1) -> 21080 | O108: =ROUND((K108+L108+M108+N108)*7%,-1) -> 16230 | P108: =K108+L108+M108+N108+O108 -> 248150 | Q108: =P108*D108 -> 496300 | R108: =P108*F108 -> 496300
B109: D110/75 | C109: Cái | D109: 1 | F109: 1 | G109: PPR PN20 | I109: Đệ Nhất / Tiền Phong | J109: Việt Nam | K109: 93990 | L109: 1880 | M109: 110570 | N109: =ROUND((K109+L109+M109)*10%,-1) -> 20640 | O109: =ROUND((K109+L109+M109+N109)*7%,-1) -> 15900 | P109: =K109+L109+M109+N109+O109 -> 242980 | Q109: =P109*D109 -> 242980 | R109: =P109*F109 -> 242980
B110: D90/50 | C110: Cái | D110: 12 | F110: 2 | G110: PPR PN20 | I110: Đệ Nhất / Tiền Phong | J110: Việt Nam | K110: 37600 | L110: 750 | M110: 95820 | N110: =ROUND((K110+L110+M110)*10%,-1) -> 13420 | O110: =ROUND((K110+L110+M110+N110)*7%,-1) -> 10330 | P110: =K110+L110+M110+N110+O110 -> 157920 | Q110: =P110*D110 -> 1895040 | R110: =P110*F110 -> 315840
B111: D90/40 | C111: Cái | D111: 9 | F111: 9 | G111: PPR PN20 | I111: Đệ Nhất / Tiền Phong | J111: Việt Nam | K111: 45140 | L111: 910 | M111: 95820 | N111: =ROUND((K111+L111+M111)*10%,-1) -> 14190 | O111: =ROUND((K111+L111+M111+N111)*7%,-1) -> 10920 | P111: =K111+L111+M111+N111+O111 -> 166980 | Q111: =P111*D111 -> 1502820 | R111: =P111*F111 -> 1502820
B112: D75/40 | C112: Cái | D112: 1 | F112: 1 | G112: PPR PN20 | I112: Đệ Nhất / Tiền Phong | J112: Việt Nam | K112: 29950 | L112: 600 | M112: 66340 | N112: =ROUND((K112+L112+M112)*10%,-1) -> 9690 | O112: =ROUND((K112+L112+M112+N112)*7%,-1) -> 7460 | P112: =K112+L112+M112+N112+O112 -> 114040 | Q112: =P112*D112 -> 114040 | R112: =P112*F112 -> 114040
B113: D63/50 | C113: Cái | D113: 2 | F113: 2 | G113: PPR PN20 | I113: Đệ Nhất / Tiền Phong | J113: Việt Nam | K113: 14580 | L113: 300 | M113: 44230 | N113: =ROUND((K113+L113+M113)*10%,-1) -> 5910 | O113: =ROUND((K113+L113+M113+N113)*7%,-1) -> 4550 | P113: =K113+L113+M113+N113+O113 -> 69570 | Q113: =P113*D113 -> 139140 | R113: =P113*F113 -> 139140
B114: D63/40 | C114: Cái | D114: 1 | F114: 1 | G114: PPR PN20 | I114: Đệ Nhất / Tiền Phong | J114: Việt Nam | K114: 14580 | L114: 300 | M114: 44230 | N114: =ROUND((K114+L114+M114)*10%,-1) -> 5910 | O114: =ROUND((K114+L114+M114+N114)*7%,-1) -> 4550 | P114: =K114+L114+M114+N114+O114 -> 69570 | Q114: =P114*D114 -> 69570 | R114: =P114*F114 -> 69570
B115: D63/32 | C115: Cái | D115: 1 | F115: 1 | G115: PPR PN20 | I115: Đệ Nhất / Tiền Phong | J115: Việt Nam | K115: 14580 | L115: 300 | M115: 44230 | N115: =ROUND((K115+L115+M115)*10%,-1) -> 5910 | O115: =ROUND((K115+L115+M115+N115)*7%,-1) -> 4550 | P115: =K115+L115+M115+N115+O115 -> 69570 | Q115: =P115*D115 -> 69570 | R115: =P115*F115 -> 69570
B116: D63/25 | C116: Cái | D116: 41 | F116: 42 | G116: PPR PN20 | I116: Đệ Nhất / Tiền Phong | J116: Việt Nam | K116: 14580 | L116: 300 | M116: 44230 | N116: =ROUND((K116+L116+M116)*10%,-1) -> 5910 | O116: =ROUND((K116+L116+M116+N116)*7%,-1) -> 4550 | P116: =K116+L116+M116+N116+O116 -> 69570 | Q116: =P116*D116 -> 2852370 | R116: =P116*F116 -> 2921940
...

Sheet 4.1 ĐH VRV
A1: Dự án: TOÀ NHÀ HỖN HỢP HACOM MALL
A2: Gói thầu: CUNG CẤP VTTB VÀ THI CÔNG LẮP ĐẶT HỆ THỐNG CƠ ĐIỆN
A3: Hạng mục: HỆ THỐNG HVAC
A5: KHỐI LƯỢNG MỜI THẦU | U5: LIÊN DANH CÔNG TY TNHH VĂN LANG VÀ CÔNG TY TNHH XÂY DỰNG CƠ ĐIỆN TRÍ TRUNG
A6: STT | B6: Diễn giải | C6: TẦNGH2 | D6: TẦNGH1 | E6: TẦNG1 | F6: TẦNG2 | G6: TẦNG3 | H6: TẦNG4 | I6: TẦNG5 | J6: TẦNG23 | K6: Đơn vị | L6: KL Mời thầu Lần 2 | M6: Công suất lạnh Kw | N6: Lưu lượng gió (m3/min) | O6: Cột áp (Pa) | P6: Công suất điện (W) | Q6: Điên áp (P/V/Hz) | R6: Môi chất lạnh | S6: Quy cách | T6: Ghi chú | U6: KL Nhà thầu chào | V6: THÔNG TIN VỀ VẬT LIỆU CHÍNH | Z6: ĐƠN GIÁ (chưa bao gồm VAT) | AF6: Thành tiền BOQ | AH6: Ghi chú
V7: Mô tả/ Quy cách | W7: Mã hiệu | X7: Thương hiệu | Y7: Xuất xứ | Z7: VL chính | AA7: VL phụ | AB7: NC&M | AC7: CF quản lý | AD7: Lợi nhuận | AE7: ĐG tổng hợp | AF7: Thành tiền KLMT | AG7: Thành tiền Nhà thầu chào
A8: 1 | B8: 2 | K8: 3 | L8: 4 | T8: 5 | U8: 6 | V8: 7 | W8: 8 | X8: 9 | Y8: 10 | Z8: 11 | AA8: 12 | AB8: 13 | AC8: 14 | AD8: 15 | AE8: 16=11+12+13+14+15 | AF8: 17=4*16 | AG8: 18=6*16 | AH8: 19
A9: A | B9: ĐẦU MỤC CÔNG VIỆC THEO KLMT | AF9: =SUBTOTAL(9,AF11:AF49) -> 848202920 | AG9: =SUBTOTAL(9,AG11:AG49) -> 852532280
B10: THIẾT BỊ ĐIỀU HOÀ KHÔNG KHÍ
A11: I. THIẾT BỊ ĐIỀU HÒA VRV (VRF)
A12: 1. DÀN LẠNH ĐIỀU HÒA VRV, VRF
A13: 1 | B13: Dàn lạnh 1 chiều lạnh loại âm trần nối ống gió | I13: 1 | K13: cái | L13: 1 | M13: 4.5 | N13: 16/13/11 | O13: 50-200 | P13: 151 | Q13: 1P/220/50 | R13: R410A | S13: Đồng bộ với dàn nóng kèm điều khiển từ xa loại có dây | T13: Nhà thầu lắp đặt, CĐT cấp thiết bị | U13: 1 | AA13: 122400 | AB13: 1312500 | AC13: =ROUND((Z13+AA13+AB13)*10%,-1) -> 143490 | AD13: =ROUND((Z13+AA13+AB13+AC13)*7%,-1) -> 110490 | AE13: =Z13+AA13+AB13+AC13+AD13 -> 1688880 | AF13: =AE13*L13 -> 1688880 | AG13: =AE13*U13 -> 1688880
A14: 2 | B14: Dàn lạnh 1 chiều lạnh loại âm trần nối ống gió | E14: 1 | F14: 4 | G14: 2 | H14: 8 | I14: 3 | K14: cái | L14: 18 | M14: 5.6 | N14: 18/16,5/15 | O14: 50-200 | P14: 128 | Q14: 1P/220/50 | R14: R410A | S14: Đồng bộ với dàn nóng kèm điều khiển từ xa loại có dây | U14: 18 | AA14: 122400 | AB14: 1312500 | AC14: =ROUND((Z14+AA14+AB14)*10%,-1) -> 143490 | AD14: =ROUND((Z14+AA14+AB14+AC14)*7%,-1) -> 110490 | AE14: =Z14+AA14+AB14+AC14+AD14 -> 1688880 | AF14: =AE14*L14 -> 30399840 | AG14: =AE14*U14 -> 30399840
A15: 3 | B15: Dàn lạnh 1 chiều lạnh loại âm trần nối ống gió | E15: 6 | F15: 7 | G15: 2 | I15: 6 | K15: cái | L15: 20 | M15: 7.1 | N15: 19.5/17.5/16 | O15: 50-200 | P15: 138 | Q15: 1P/220/50 | R15: R410A | S15: Đồng bộ với dàn nóng kèm điều khiển từ xa loại có dây | U15: 21 | AA15: 122400 | AB15: 1454250 | AC15: =ROUND((Z15+AA15+AB15)*10%,-1) -> 157670 | AD15: =ROUND((Z15+AA15+AB15+AC15)*7%,-1) -> 121400 | AE15: =Z15+AA15+AB15+AC15+AD15 -> 1855720 | AF15: =AE15*L15 -> 37114400 | AG15: =AE15*U15 -> 38970120
A16: 4 | B16: Dàn lạnh 1 chiều lạnh loại âm trần nối ống gió | E16: 2 | F16: 11 | G16: 7 | H16: 8 | I16: 8 | K16: cái | L16: 34 | M16: 9 | N16: 25/22,2/20 | O16: 50-200 | P16: 185 | Q16: 1P/220/50 | R16: R410A | S16: Đồng bộ với dàn nóng kèm điều khiển từ xa loại có dây | U16: 35 | AA16: 122400 | AB16: 1454250 | AC16: =ROUND((Z16+AA16+AB16)*10%,-1) -> 157670 | AD16: =ROUND((Z16+AA16+AB16+AC16)*7%,-1) -> 121400 | AE16: =Z16+AA16+AB16+AC16+AD16 -> 1855720 | AF16: =AE16*L16 -> 63094480 | AG16: =AE16*U16 -> 64950200
A17: 5 | B17: Dàn lạnh 1 chiều lạnh loại âm trần nối ống gió | E17: 8 | F17: 10 | G17: 16 | H17: 13 | I17: 3 | K17: cái | L17: 51 | M17: 11.2 | N17: 32/27/23 | O17: 50-200 | P17: 215 | Q17: 1P/220/50 | R17: R410A | S17: Đồng bộ với dàn nóng kèm điều khiển từ xa loại có dây | U17: 51 | AA17: 122400 | AB17: 1646400 | AC17: =ROUND((Z17+AA17+AB17)*10%,-1) -> 176880 | AD17: =ROUND((Z17+AA17+AB17+AC17)*7%,-1) -> 136200 | AE17: =Z17+AA17+AB17+AC17+AD17 -> 2081880 | AF17: =AE17*L17 -> 106175880 | AG17: =AE17*U17 -> 106175880
A18: 6 | B18: Dàn lạnh 1 chiều lạnh loại âm trần nối ống gió | E18: 1 | F18: 4 | G18: 4 | H18: 4 | I18: 2 | K18: cái | L18: 16 | M18: 14 | N18: 39/33/28 | O18: 50-200 | P18: 284 | Q18: 1P/220/50 | R18: R410A | S18: Đồng bộ với dàn nóng kèm điều khiển từ xa loại có dây | U18: 15 | AA18: 122400 | AB18: 1942500 | AC18: =ROUND((Z18+AA18+AB18)*10%,-1) -> 206490 | AD18: =ROUND((Z18+AA18+AB18+AC18)*7%,-1) -> 159000 | AE18: =Z18+AA18+AB18+AC18+AD18 -> 2430390 | AF18: =AE18*L18 -> 38886240 | AG18: =AE18*U18 -> 36455850
A19: 7 | B19: Dàn lạnh 1 chiều lạnh loại âm trần nối ống gió | E19: 1 | F19: 21 | G19: 28 | H19: 19 | I19: 17 | K19: cái | L19: 85 | M19: 16 | N19: 16/39/32 | O19: 50-200 | P19: 405 | Q19: 1P/220/50 | R19: R410A | S19: Đồng bộ với dàn nóng kèm điều khiển từ xa loại có dây | U19: 86 | AA19: 122400 | AB19: 2467500 | AC19: =ROUND((Z19+AA19+AB19)*10%,-1) -> 258990 | AD19: =ROUND((Z19+AA19+AB19+AC19)*7%,-1) -> 199420 | AE19: =Z19+AA19+AB19+AC19+AD19 -> 3048310 | AF19: =AE19*L19 -> 259106350 | AG19: =AE19*U19 -> 262154660
A20: 8 | B20: Dàn lạnh 1 chiều lạnh loại âm trần nối ống gió | E20: 8 | I20: 6 | K20: cái | L20: 14 | M20: 22.4 | N20: 16/39/32 | O20: 50-200 | P20: 405 | Q20: 1P/220/50 | R20: R410A | S20: Đồng bộ với dàn nóng kèm điều khiển từ xa loại có dây | U20: 14 | AA20: 122400 | AB20: 2992500 | AC20: =ROUND((Z20+AA20+AB20)*10%,-1) -> 311490 | AD20: =ROUND((Z20+AA20+AB20+AC20)*7%,-1) -> 239850 | AE20: =Z20+AA20+AB20+AC20+AD20 -> 3666240 | AF20: =AE20*L20 -> 51327360 | AG20: =AE20*U20 -> 51327360
A21: 9 | B21: Dàn lạnh 1 chiều lạnh loại treo tường | I21: 1 | K21: cái | L21: 1 | M21: 2.2 | N21: 16/39/32 | O21: 50-200 | P21: 405 | Q21: 1P/220/50 | R21: R410A | S21: Đồng bộ với dàn nóng kèm điều khiển từ xa loại có dây | U21: 1 | AA21: 81600 | AB21: 682500 | AC21: =ROUND((Z21+AA21+AB21)*10%,-1) -> 76410 | AD21: =ROUND((Z21+AA21+AB21+AC21)*7%,-1) -> 58840 | AE21: =Z21+AA21+AB21+AC21+AD21 -> 899350 | AF21: =AE21*L21 -> 899350 | AG21: =AE21*U21 -> 899350
A22: 10 | B22: Dàn lạnh 1 chiều lạnh loại cassette âm trần | I22: 1 | K22: cái | L22: 1 | M22: 2.2 | N22: 9,5/8/7 | O22: 50-200 | P22: 60 | Q22: 1P/220/50 | R22: R410A | S22: Đồng bộ với dàn nóng kèm điều khiển từ xa loại có dây | U22: 1 | AA22: 122400 | AB22: 892500 | AC22: =ROUND((Z22+AA22+AB22)*10%,-1) -> 101490 | AD22: =ROUND((Z22+AA22+AB22+AC22)*7%,-1) -> 78150 | AE22: =Z22+AA22+AB22+AC22+AD22 -> 1194540 | AF22: =AE22*L22 -> 1194540 | AG22: =AE22*U22 -> 1194540
A23: 11 | B23: Dàn lạnh 1 chiều lạnh loại cassette âm trần | I23: 1 | K23: cái | L23: 1 | M23: 7.1 | N23: 16/39/32 | O23: 50-200 | P23: 405 | Q23: 1P/220/50 | R23: R410A | S23: Đồng bộ với dàn nóng kèm điều khiển từ xa loại có dây | U23: 1 | AA23: 122400 | AB23: 1412250 | AC23: =ROUND((Z23+AA23+AB23)*10%,-1) -> 153470 | AD23: =ROUND((Z23+AA23+AB23+AC23)*7%,-1) -> 118170 | AE23: =Z23+AA23+AB23+AC23+AD23 -> 1806290 | AF23: =AE23*L23 -> 1806290 | AG23: =AE23*U23 -> 1806290
A24: 12 | B24: Dàn lạnh 1 chiều lạnh loại cassette âm trần | I24: 2 | K24: cái | L24: 2 | M24: 14 | N24: 16/39/32 | O24: 50-200 | P24: 405 | Q24: 1P/220/50 | R24: R410A | S24: Đồng bộ với dàn nóng kèm điều khiển từ xa loại có dây | U24: 2 | AA24: 122400 | AB24: 1942500 | AC24: =ROUND((Z24+AA24+AB24)*10%,-1) -> 206490 | AD24: =ROUND((Z24+AA24+AB24+AC24)*7%,-1) -> 159000 | AE24: =Z24+AA24+AB24+AC24+AD24 -> 2430390 | AF24: =AE24*L24 -> 4860780 | AG24: =AE24*U24 -> 4860780
A25: 2. DÀN NÓNG ĐIỀU HÒA VRV, VRF
A26: 1 | B26: Dàn nóng 1 chiều lạnh (22HP). | E26: 1 | K26: cái | L26: 1 | M26: 61.5 | N26: -- | O26: -- | P26: 16100 | Q26: 3P/380/50 | R26: R410A | S26: Trọn bộ | T26: Nhà thầu lắp đặt, CĐT cấp thiết bị | U26: 1 | AA26: 1020000 | AB26: 6825000 | AC26: =ROUND((Z26+AA26+AB26)*10%,-1) -> 784500 | AD26: =ROUND((Z26+AA26+AB26+AC26)*7%,-1) -> 604070 | AE26: =Z26+AA26+AB26+AC26+AD26 -> 9233570 | AF26: =AE26*L26 -> 9233570 | AG26: =AE26*U26 -> 9233570
A27: 2 | B27: Dàn nóng 1 chiều lạnh (24HP). | E27: 1 | K27: cái | L27: 1 | M27: 67 | N27: -- | O27: -- | P27: 17800 | Q27: 3P/380/50 | R27: R410A | S27: Trọn bộ | U27: 1 | AA27: 1020000 | AB27: 6825000 | AC27: =ROUND((Z27+AA27+AB27)*10%,-1) -> 784500 | AD27: =ROUND((Z27+AA27+AB27+AC27)*7%,-1) -> 604070 | AE27: =Z27+AA27+AB27+AC27+AD27 -> 9233570 | AF27: =AE27*L27 -> 9233570 | AG27: =AE27*U27 -> 9233570
A28: 3 | B28: Dàn nóng 1 chiều lạnh (26HP). | E28: 1 | K28: cái | L28: 1 | M28: 73.5 | N28: -- | O28: -- | P28: 19900 | Q28: 3P/380/50 | R28: R410A | S28: Trọn bộ | U28: 1 | AA28: 1020000 | AB28: 6825000 | AC28: =ROUND((Z28+AA28+AB28)*10%,-1) -> 784500 | AD28: =ROUND((Z28+AA28+AB28+AC28)*7%,-1) -> 604070 | AE28: =Z28+AA28+AB28+AC28+AD28 -> 9233570 | AF28: =AE28*L28 -> 9233570 | AG28: =AE28*U28 -> 9233570
A29: 4 | B29: Dàn nóng 1 chiều lạnh (32HP). | H29: 1 | K29: cái | L29: 1 | M29: 90 | N29: -- | O29: -- | P29: 25800 | Q29: 3P/380/50 | R29: R410A | S29: Trọn bộ | U29: 1 | AA29: 1020000 | AB29: 6825000 | AC29: =ROUND((Z29+AA29+AB29)*10%,-1) -> 784500 | AD29: =ROUND((Z29+AA29+AB29+AC29)*7%,-1) -> 604070 | AE29: =Z29+AA29+AB29+AC29+AD29 -> 9233570 | AF29: =AE29*L29 -> 9233570 | AG29: =AE29*U29 -> 9233570
A30: 5 | B30: Dàn nóng 1 chiều lạnh (34HP). | I30: 1 | K30: cái | L30: 1 | M30: 95 | N30: -- | O30: -- | P30: 28200 | Q30: 3P/380/50 | R30: R410A | S30: Trọn bộ | U30: 1 | AA30: 1020000 | AB30: 6825000 | AC30: =ROUND((Z30+AA30+AB30)*10%,-1) -> 784500 | AD30: =ROUND((Z30+AA30+AB30+AC30)*7%,-1) -> 604070 | AE30: =Z30+AA30+AB30+AC30+AD30 -> 9233570 | AF30: =AE30*L30 -> 9233570 | AG30: =AE30*U30 -> 9233570
A31: 6 | B31: Dàn nóng 1 chiều lạnh (36HP). | H31: 2 | K31: cái | L31: 2 | M31: 101 | N31: -- | O31: -- | P31: 30600 | Q31: 3P/380/50 | R31: R410A | S31: Trọn bộ | U31: 2 | AA31: 1020000 | AB31: 6825000 | AC31: =ROUND((Z31+AA31+AB31)*10%,-1) -> 784500 | AD31: =ROUND((Z31+AA31+AB31+AC31)*7%,-1) -> 604070 | AE31: =Z31+AA31+AB31+AC31+AD31 -> 9233570 | AF31: =AE31*L31 -> 18467140 | AG31: =AE31*U31 -> 18467140
A32: 7 | B32: Dàn nóng 1 chiều lạnh (38HP). | H32: 1 | I32: 1 | K32: cái | L32: 2 | M32: 106 | N32: -- | O32: -- | P32: 33000 | Q32: 3P/380/50 | R32: R410A | S32: Trọn bộ | U32: 2 | AA32: 1020000 | AB32: 6825000 | AC32: =ROUND((Z32+AA32+AB32)*10%,-1) -> 784500 | AD32: =ROUND((Z32+AA32+AB32+AC32)*7%,-1) -> 604070 | AE32: =Z32+AA32+AB32+AC32+AD32 -> 9233570 | AF32: =AE32*L32 -> 18467140 | AG32: =AE32*U32 -> 18467140
A33: 8 | B33: Dàn nóng 1 chiều lạnh (40HP). | F33: 1 | G33: 1 | K33: cái | L33: 2 | M33: 112 | N33: -- | O33: -- | P33: 35400 | Q33: 3P/380/50 | R33: R410A | S33: Trọn bộ | U33: 2 | AA33: 1020000 | AB33: 6825000 | AC33: =ROUND((Z33+AA33+AB33)*10%,-1) -> 784500 | AD33: =ROUND((Z33+AA33+AB33+AC33)*7%,-1) -> 604070 | AE33: =Z33+AA33+AB33+AC33+AD33 -> 9233570 | AF33: =AE33*L33 -> 18467140 | AG33: =AE33*U33 -> 18467140
A34: 9 | B34: Dàn nóng 1 chiều lạnh (42HP). | F34: 1 | H34: 1 | K34: cái | L34: 2 | M34: 117 | N34: -- | O34: -- | P34: 32700 | Q34: 3P/380/50 | R34: R410A | S34: Trọn bộ | U34: 2 | AA34: 1020000 | AB34: 6825000 | AC34: =ROUND((Z34+AA34+AB34)*10%,-1) -> 784500 | AD34: =ROUND((Z34+AA34+AB34+AC34)*7%,-1) -> 604070 | AE34: =Z34+AA34+AB34+AC34+AD34 -> 9233570 | AF34: =AE34*L34 -> 18467140 | AG34: =AE34*U34 -> 18467140
A35: 10 | B35: Dàn nóng 1 chiều lạnh (44HP). | F35: 1 | K35: cái | L35: 1 | M35: 123 | N35: -- | O35: -- | P35: 35100 | Q35: 3P/380/50 | R35: R410A | S35: Trọn bộ | U35: 1 | AA35: 1020000 | AB35: 6825000 | AC35: =ROUND((Z35+AA35+AB35)*10%,-1) -> 784500 | AD35: =ROUND((Z35+AA35+AB35+AC35)*7%,-1) -> 604070 | AE35: =Z35+AA35+AB35+AC35+AD35 -> 9233570 | AF35: =AE35*L35 -> 9233570 | AG35: =AE35*U35 -> 9233570
A36: 11 | B36: Dàn nóng 1 chiều lạnh (46HP). | H36: 1 | K36: cái | L36: 1 | M36: 145 | N36: -- | O36: -- | P36: 36500 | Q36: 3P/380/50 | R36: R410A | S36: Trọn bộ | U36: 1 | AA36: 1020000 | AB36: 6825000 | AC36: =ROUND((Z36+AA36+AB36)*10%,-1) -> 784500 | AD36: =ROUND((Z36+AA36+AB36+AC36)*7%,-1) -> 604070 | AE36: =Z36+AA36+AB36+AC36+AD36 -> 9233570 | AF36: =AE36*L36 -> 9233570 | AG36: =AE36*U36 -> 9233570
A37: 12 | B37: Dàn nóng 1 chiều lạnh (50HP). | I37: 2 | K37: cái | L37: 2 | M37: 140 | N37: -- | O37: -- | P37: 41100 | Q37: 3P/380/50 | R37: R410A | S37: Trọn bộ | U37: 2 | AA37: 1020000 | AB37: 6825000 | AC37: =ROUND((Z37+AA37+AB37)*10%,-1) -> 784500 | AD37: =ROUND((Z37+AA37+AB37+AC37)*7%,-1) -> 604070 | AE37: =Z37+AA37+AB37+AC37+AD37 -> 9233570 | AF37: =AE37*L37 -> 18467140 | AG37: =AE37*U37 -> 18467140
A38: 13 | B38: Dàn nóng 1 chiều lạnh (58HP). | E38: 1 | K38: cái | L38: 1 | M38: 162 | N38: -- | O38: -- | P38: 50700 | Q38: 3P/380/50 | R38: R410A | S38: Trọn bộ | U38: 1 | AA38: 1020000 | AB38: 6825000 | AC38: =ROUND((Z38+AA38+AB38)*10%,-1) -> 784500 | AD38: =ROUND((Z38+AA38+AB38+AC38)*7%,-1) -> 604070 | AE38: =Z38+AA38+AB38+AC38+AD38 -> 9233570 | AF38: =AE38*L38 -> 9233570 | AG38: =AE38*U38 -> 9233570
A39: 14 | B39: Dàn nóng 1 chiều lạnh (60HP). | F39: 2 | G39: 4 | I39: 1 | K39: cái | L39: 7 | M39: 158 | N39: -- | O39: -- | P39: 53100 | Q39: 3P/380/50 | R39: R410A | S39: Trọn bộ | U39: 7 | AA39: 1020000 | AB39: 6825000 | AC39: =ROUND((Z39+AA39+AB39)*10%,-1) -> 784500 | AD39: =ROUND((Z39+AA39+AB39+AC39)*7%,-1) -> 604070 | AE39: =Z39+AA39+AB39+AC39+AD39 -> 9233570 | AF39: =AE39*L39 -> 64634990 | AG39: =AE39*U39 -> 64634990
A40: II. THIẾT BỊ ĐIỀU HÒA CỤC BỘ
A41: 1. HỆ THỐNG ĐIỀU HÒA CỤC BỘ
A42: 1 | B42: Điều hòa cục bộ loai treo tường | D42: 4 | E42: 1 | K42: cái | L42: 5 | M42: 18000 BTU/H | N42: 16 | O42: -- | P42: 1330 | Q42: 1P/220/50 | R42: R410A/R32 | S42: Đồng bộ với dàn nóng kèm điều khiển từ xa loại có dây | T42: Nhà thầu lắp đặt, CĐT cấp thiết bị | U42: 5 | AA42: 81600 | AB42: 682500 | AC42: =ROUND((Z42+AA42+AB42)*10%,-1) -> 76410 | AD42: =ROUND((Z42+AA42+AB42+AC42)*7%,-1) -> 58840 | AE42: =Z42+AA42+AB42+AC42+AD42 -> 899350 | AF42: =AE42*L42 -> 4496750 | AG42: =AE42*U42 -> 4496750
A43: =A42+1 -> 2 | B43: Điều hòa cục bộ 1 chiều lạnh loai trần nối ống gió | C43: 1 | D43: 1 | K43: cái | L43: 2 | M43: 18000 BTU/H | N43: 18/15/12,5 | O43: -- | P43: 1430 | Q43: 1P/220/51 | R43: R410A/R33 | S43: Đồng bộ với dàn nóng kèm điều khiển từ xa loại có dây | U43: 2 | AA43: 122400 | AB43: 682500 | AC43: =ROUND((Z43+AA43+AB43)*10%,-1) -> 80490 | AD43: =ROUND((Z43+AA43+AB43+AC43)*7%,-1) -> 61980 | AE43: =Z43+AA43+AB43+AC43+AD43 -> 947370 | AF43: =AE43*L43 -> 1894740 | AG43: =AE43*U43 -> 1894740
A44: =A43+1 -> 3 | B44: Điều hòa cục bộ 1 chiều lạnh loai trần nối ống gió | J44: 2 | K44: cái | L44: 2 | M44: 48000 BTU/H | N44: 23/19,5/16 | O44: -- | P44: 4800 | Q44: 1P/220/50 | R44: R410A/R32 | S44: Đồng bộ với dàn nóng kèm điều khiển từ xa loại có dây | U44: 2 | AA44: 122400 | AB44: 2992500 | AC44: =ROUND((Z44+AA44+AB44)*10%,-1) -> 311490 | AD44: =ROUND((Z44+AA44+AB44+AC44)*7%,-1) -> 239850 | AE44: =Z44+AA44+AB44+AC44+AD44 -> 3666240 | AF44: =AE44*L44 -> 7332480 | AG44: =AE44*U44 -> 7332480
A45: =A44+1 -> 4 | B45: Điều hòa cục bộ 1 chiều lạnh loai trần nối ống gió | E45: 1 | K45: cái | L45: 1 | M45: 24000 BTU/H | N45: 19.5/17.5/16 | O45: -- | P45: 2100 | Q45: 1P/220/50 | R45: R410A/R32 | S45: Đồng bộ với dàn nóng kèm điều khiển từ xa loại có dây | U45: 1 | AA45: 122400 | AB45: 2782500 | AC45: =ROUND((Z45+AA45+AB45)*10%,-1) -> 290490 | AD45: =ROUND((Z45+AA45+AB45+AC45)*7%,-1) -> 223680 | AE45: =Z45+AA45+AB45+AC45+AD45 -> 3419070 | AF45: =AE45*L45 -> 3419070 | AG45: =AE45*U45 -> 3419070
A46: III. THIẾT BỊ ĐIỀU KHIỂN
A47: 1 | B47: Bộ điều khiển Trung tâm VRV/VRF | K47: Sơn Hà | L47: 1 | N47: -- | O47: -- | P47: -- | Q47: -- | R47: -- | S47: Trọn bộ | T47: Nhà thầu lắp đặt, CĐT cấp thiết bị | U47: 1 | AA47: 122400 | AB47: 2992500 | AC47: =ROUND((Z47+AA47+AB47)*10%,-1) -> 311490 | AD47: =ROUND((Z47+AA47+AB47+AC47)*7%,-1) -> 239850 | AE47: =Z47+AA47+AB47+AC47+AD47 -> 3666240 | AF47: =AE47*L47 -> 3666240 | AG47: =AE47*U47 -> 3666240
K48: Sơn Hà
A49: B | B49: Phát sinh ngoài KLMT Nhà thầu bổ sung | AF49: =SUBTOTAL(9,AF50:AF51) -> 0 | AG49: =SUBTOTAL(9,AG50:AG51) -> 105047250
B50: Chi phí vận chuyển dàn nóng và cẩu lên vị trí lắp đặt tầng 2 | K50: lô | L50: 0 | U50: 1 | AA50: 0 | AB50: 89250000 | AC50: =ROUND((Z50+AA50+AB50)*10%,-1) -> 8925000 | AD50: =ROUND((Z50+AA50+AB50+AC50)*7%,-1) -> 6872250 | AE50: =Z50+AA50+AB50+AC50+AD50 -> 105047250 | AF50: =AE50*L50 -> 0 | AG50: =AE50*U50 -> 105047250
B51: ….......................
A52: C | B52: TỔNG CỘNG TRƯỚC VAT: C = A + B | AF52: =SUBTOTAL(9,AF9:AF51) -> 848202920 | AG52: =SUBTOTAL(9,AG9:AG51) -> 957579530

Sheet 4.2 Quạt
A1: Dự án: TOÀ NHÀ HỖN HỢP HACOM MALL
A2: Gói thầu: CUNG CẤP VTTB VÀ THI CÔNG LẮP ĐẶT HỆ THỐNG CƠ ĐIỆN
A3: Hạng mục: HỆ THỐNG HVAC
A5: KHỐI LƯỢNG MỜI THẦU | R5: LIÊN DANH CÔNG TY TNHH VĂN LANG VÀ CÔNG TY TNHH XÂY DỰNG CƠ ĐIỆN TRÍ TRUNG
A6: STT | B6: DANH MỤC QUẠT THÔNG GIÓ | C6: Đơn vị | D6: KL Mời thầu Lần 1 | E6: KL BIM | F6: KL Mời thầu Lần 2 | G6: KÍ HIỆU | H6: LƯU LƯỢNG | I6: CỘP ÁP | J6: QUY CÁCH | K6: NHIỆT ĐỘ LÀM VIỆC | L6: CÔNG SUẤT ĐIỆN | M6: NGUỒN ĐIỆN | N6: ĐỘ ỒN | O6: HIỆU SUẤT | P6: Tốc độ vòng quay | Q6: GHI CHÚ | R6: KL Nhà thầu chào | S6: THÔNG TIN VỀ VẬT LIỆU CHÍNH | W6: ĐƠN GIÁ (chưa bao gồm VAT) | AC6: Thành tiền BOQ | AE6: Ghi chú
I7: Pa | K7: oC | L7: kW | M7: V/Ph/Hz | N7: dBA @ 3M | S7: Mô tả/ Quy cách | T7: Mã hiệu | U7: Thương hiệu | V7: Xuất xứ | W7: VL chính | X7: VL phụ | Y7: NC&M | Z7: CF quản lý | AA7: Lợi nhuận | AB7: ĐG tổng hợp | AC7: Thành tiền KLMT | AD7: Thành tiền Nhà thầu chào
A8: 1 | B8: 2 | C8: 3 | F8: 4 | Q8: 5 | R8: 6 | S8: 7 | T8: 8 | U8: 9 | V8: 10 | W8: 11 | X8: 12 | Y8: 13 | Z8: 14 | AA8: 15 | AB8: 16=11+12+13+14+15 | AC8: 17=4*16 | AD8: 18=6*16 | AE8: 19
A9: A | B9: ĐẦU MỤC CÔNG VIỆC THEO KLMT | AC9: =SUBTOTAL(9,AC11:AC145) -> 4318893890 | AD9: =SUBTOTAL(9,AD11:AD145) -> 4337316010
A10: I | B10: QUẠT THÔNG GIÓ CẤP, HÚT
B11: QUẠT THÔNG GIÓ CẤP, HÚT TẦNG HẦM - TUM
B12: Tầng hầm 2
A13: 1 | B13: QUẠT HÚT PHÒNG QUẠT HÚT 1 | C13: Cái | D13: 1 | E13: 1 | F13: =E13 -> 1 | G13: TH2/EF-03 | H13: 650 | I13: 25 | J13: Fan wall mounted | K13: 55 | L13: 0.37 | M13: 220/1/50 | N13: ≤ 65 dBA | O13: ≥ 50 % | P13: ≤ 2900 rpm | R13: 1 | S13: Quạt gắn tường | T13: VNS-AV6-25 | U13: TH VINASUN | V13: Việt Nam | W13: 479400 | X13: 42000 | Y13: 714000 | Z13: =ROUND((W13+X13+Y13)*10%,-1) -> 123540 | AA13: =ROUND((W13+X13+Y13+Z13)*7%,-1) -> 95130 | AB13: =W13+X13+Y13+Z13+AA13 -> 1454070 | AC13: =AB13*F13 -> 1454070 | AD13: =AB13*R13 -> 1454070
A14: 2 | B14: QUẠT HÚT PHÒNG QUẠT HÚT 2 | C14: Cái | D14: 1 | E14: 1 | F14: =E14 -> 1 | G14: TH2/EF-04 | H14: 650 | I14: 25 | J14: Fan wall mounted | K14: 55 | L14: 0.37 | M14: 220/1/50 | N14: ≤ 65 dBA | O14: ≥ 50 % | P14: ≤ 2900 rpm | R14: 1 | S14: Quạt gắn tường | T14: VNS-AV6-25 | U14: TH VINASUN | V14: Việt Nam | W14: 479400 | X14: 42000 | Y14: 714000 | Z14: =ROUND((W14+X14+Y14)*10%,-1) -> 123540 | AA14: =ROUND((W14+X14+Y14+Z14)*7%,-1) -> 95130 | AB14: =W14+X14+Y14+Z14+AA14 -> 1454070 | AC14: =AB14*F14 -> 1454070 | AD14: =AB14*R14 -> 1454070
A15: 3 | B15: QUẠT HÚT PHÒNG QUẠT HÚT 3 | C15: Cái | D15: 1 | E15: 1 | F15: =E15 -> 1 | G15: TH2/EF-05 | H15: 1000 | I15: 50 | J15: Fan wall mounted | K15: 55 | L15: 0.37 | M15: 220/1/50 | N15: ≤ 65 dBA | O15: ≥ 50 % | P15: ≤ 2900 rpm | R15: 1 | S15: Quạt gắn tường | T15: VNS-AV6-25 | U15: TH VINASUN | V15: Việt Nam | W15: 479400 | X15: 42000 | Y15: 714000 | Z15: =ROUND((W15+X15+Y15)*10%,-1) -> 123540 | AA15: =ROUND((W15+X15+Y15+Z15)*7%,-1) -> 95130 | AB15: =W15+X15+Y15+Z15+AA15 -> 1454070 | AC15: =AB15*F15 -> 1454070 | AD15: =AB15*R15 -> 1454070
A16: 4 | B16: QUẠT HÚT PHÒNG QUẠT CẤP | C16: Cái | D16: 1 | E16: 1 | F16: =E16 -> 1 | G16: TH2/EF-06 | H16: 650 | I16: 25 | J16: Fan wall mounted | K16: 55 | L16: 0.37 | M16: 220/1/50 | N16: ≤ 65 dBA | O16: ≥ 50 % | P16: ≤ 2900 rpm | R16: 1 | S16: Quạt gắn tường | T16: VNS-AV6-25 | U16: TH VINASUN | V16: Việt Nam | W16: 479400 | X16: 42000 | Y16: 714000 | Z16: =ROUND((W16+X16+Y16)*10%,-1) -> 123540 | AA16: =ROUND((W16+X16+Y16+Z16)*7%,-1) -> 95130 | AB16: =W16+X16+Y16+Z16+AA16 -> 1454070 | AC16: =AB16*F16 -> 1454070 | AD16: =AB16*R16 -> 1454070
A17: 6 | B17: QUẠT HÚT KHO 1 | C17: Cái | D17: 1 | E17: 1 | F17: =E17 -> 1 | G17: TH2/EF-08 | H17: 650 | I17: 25 | J17: Fan wall mounted | K17: 55 | L17: 0.37 | M17: 220/1/50 | N17: ≤ 65 dBA | O17: ≥ 50 % | P17: ≤ 2900 rpm | R17: 1 | S17: Quạt gắn tường | T17: VNS-AV6-25 | U17: TH VINASUN | V17: Việt Nam | W17: 479400 | X17: 42000 | Y17: 714000 | Z17: =ROUND((W17+X17+Y17)*10%,-1) -> 123540 | AA17: =ROUND((W17+X17+Y17+Z17)*7%,-1) -> 95130 | AB17: =W17+X17+Y17+Z17+AA17 -> 1454070 | AC17: =AB17*F17 -> 1454070 | AD17: =AB17*R17 -> 1454070
A18: 7 | B18: QUẠT HÚT KHO 2 | C18: Cái | D18: 1 | E18: 1 | F18: =E18 -> 1 | G18: TH2/EF-09 | H18: 250 | I18: 20 | J18: Fan wall mounted | K18: 55 | L18: 0.37 | M18: 220/1/50 | N18: ≤ 65 dBA | O18: ≥ 50 % | P18: ≤ 1450 rpm | R18: 1 | S18: Quạt gắn tường | T18: VNS-AV6-15 | U18: TH VINASUN | V18: Việt Nam | W18: 390660 | X18: 42000 | Y18: 630000 | Z18: =ROUND((W18+X18+Y18)*10%,-1) -> 106270 | AA18: =ROUND((W18+X18+Y18+Z18)*7%,-1) -> 81830 | AB18: =W18+X18+Y18+Z18+AA18 -> 1250760 | AC18: =AB18*F18 -> 1250760 | AD18: =AB18*R18 -> 1250760
A19: 8 | B19: QUẠT HÚT KHO 3 | C19: Cái | D19: 1 | E19: 1 | F19: =E19 -> 1 | G19: TH2/EF-10 | H19: 350 | I19: 25 | J19: Fan wall mounted | K19: 55 | L19: 0.37 | M19: 220/1/50 | N19: ≤ 65 dBA | O19: ≥ 50 % | P19: ≤ 1450 rpm | R19: 1 | S19: Quạt gắn tường | T19: VNS-AV6-20 | U19: TH VINASUN | V19: Việt Nam | W19: 441660 | X19: 42000 | Y19: 630000 | Z19: =ROUND((W19+X19+Y19)*10%,-1) -> 111370 | AA19: =ROUND((W19+X19+Y19+Z19)*7%,-1) -> 85750 | AB19: =W19+X19+Y19+Z19+AA19 -> 1310780 | AC19: =AB19*F19 -> 1310780 | AD19: =AB19*R19 -> 1310780
A20: 9 | B20: QUẠT HÚT KHO 4 | C20: Cái | D20: 1 | E20: 1 | F20: =E20 -> 1 | G20: TH2/EF-11 | H20: 150 | I20: 20 | J20: Fan wall mounted | K20: 55 | L20: 0.37 | M20: 220/1/50 | N20: ≤ 65 dBA | O20: ≥ 50 % | R20: 1 | S20: Quạt gắn tường | T20: VNS-AV6-15 | U20: TH VINASUN | V20: Việt Nam | W20: 390660 | X20: 42000 | Y20: 472500 | Z20: =ROUND((W20+X20+Y20)*10%,-1) -> 90520 | AA20: =ROUND((W20+X20+Y20+Z20)*7%,-1) -> 69700 | AB20: =W20+X20+Y20+Z20+AA20 -> 1065380 | AC20: =AB20*F20 -> 1065380 | AD20: =AB20*R20 -> 1065380
A21: 10 | B21: QUẠT CẤP GIÓ TẦNG HẦM ZONE 1 | C21: Cái | D21: 2 | E21: 2 | F21: =E21 -> 2 | G21: TH2/SF-01.1,2 | H21: 20500 | I21: 400 | J21: Axial Fan/In-Line Fan/ Cabinet Fan | K21: 55 | L21: 11 | M21: 380/3/50 | N21: ≤ 65 dBA | O21: ≥ 50 % | R21: 2 | S21: Quạt hướng trục | T21: VNS-AF5-7T Động cơ ATT IE3 | U21: TH VINASUN | V21: Việt Nam | W21: 23890440 | X21: 492000 | Y21: 4053000 | Z21: =ROUND((W21+X21+Y21)*10%,-1) -> 2843540 | AA21: =ROUND((W21+X21+Y21+Z21)*7%,-1) -> 2189530 | AB21: =W21+X21+Y21+Z21+AA21 -> 33468510 | AC21: =AB21*F21 -> 66937020 | AD21: =AB21*R21 -> 66937020
A22: 11 | B22: QUẠT CẤP GIÓ TẦNG HẦM ZONE 2 | C22: Cái | D22: 1 | E22: 1 | F22: =E22 -> 1 | G22: TH2/SF-02 | H22: 39000 | I22: 400 | J22: Axial Fan/In-Line Fan/ Cabinet Fan | K22: 55 | L22: 15 | M22: 380/3/50 | N22: ≤ 65 dBA | O22: ≥ 50 % | R22: 1 | S22: Quạt hướng trục | T22: VNS-AF5-8T Động cơ ATT IE3 | U22: TH VINASUN | V22: Việt Nam | W22: 41326320 | X22: 851000 | Y22: 5040000 | Z22: =ROUND((W22+X22+Y22)*10%,-1) -> 4721730 | AA22: =ROUND((W22+X22+Y22+Z22)*7%,-1) -> 3635730 | AB22: =W22+X22+Y22+Z22+AA22 -> 55574780 | AC22: =AB22*F22 -> 55574780 | AD22: =AB22*R22 -> 55574780
B23: Tầng hầm 1
A24: 12 | B24: QUẠT HÚT PHÒNG QUẠT HÚT 1 | C24: Cái | D24: 1 | E24: 1 | F24: =E24 -> 1 | G24: TH1/EF-03 | H24: 1000 | I24: 50 | J24: Fan wall mounted | K24: 55 | L24: 0.37 | M24: 220/1/50 | N24: ≤ 65 dBA | O24: ≥ 50 % | R24: 1 | S24: Quạt gắn tường | T24: VNS-AV6-25 | U24: TH VINASUN | V24: Việt Nam | W24: 479400 | X24: 42000 | Y24: 714000 | Z24: =ROUND((W24+X24+Y24)*10%,-1) -> 123540 | AA24: =ROUND((W24+X24+Y24+Z24)*7%,-1) -> 95130 | AB24: =W24+X24+Y24+Z24+AA24 -> 1454070 | AC24: =AB24*F24 -> 1454070 | AD24: =AB24*R24 -> 1454070
A25: =A24+1 -> 13 | B25: QUẠT HÚT PHÒNG QUẠT HÚT 2 | C25: Cái | D25: 1 | E25: 1 | F25: =E25 -> 1 | G25: TH1/EF-04 | H25: 650 | I25: 25 | J25: Fan wall mounted | K25: 55 | L25: 0.37 | M25: 220/1/50 | N25: ≤ 65 dBA | O25: ≥ 50 % | R25: 1 | S25: Quạt gắn tường | T25: VNS-AV6-25 | U25: TH VINASUN | V25: Việt Nam | W25: 479400 | X25: 42000 | Y25: 714000 | Z25: =ROUND((W25+X25+Y25)*10%,-1) -> 123540 | AA25: =ROUND((W25+X25+Y25+Z25)*7%,-1) -> 95130 | AB25: =W25+X25+Y25+Z25+AA25 -> 1454070 | AC25: =AB25*F25 -> 1454070 | AD25: =AB25*R25 -> 1454070
A26: =A25+1 -> 14 | B26: QUẠT HÚT PHÒNG QUẠT HÚT 3 | C26: Cái | D26: 1 | E26: 1 | F26: =E26 -> 1 | G26: TH1/EF-05 | H26: 1000 | I26: 50 | J26: Fan wall mounted | K26: 55 | L26: 0.37 | M26: 220/1/50 | N26: ≤ 65 dBA | O26: ≥ 50 % | R26: 1 | S26: Quạt gắn tường | T26: VNS-AV6-25 | U26: TH VINASUN | V26: Việt Nam | W26: 479400 | X26: 42000 | Y26: 714000 | Z26: =ROUND((W26+X26+Y26)*10%,-1) -> 123540 | AA26: =ROUND((W26+X26+Y26+Z26)*7%,-1) -> 95130 | AB26: =W26+X26+Y26+Z26+AA26 -> 1454070 | AC26: =AB26*F26 -> 1454070 | AD26: =AB26*R26 -> 1454070
A27: =A26+1 -> 15 | B27: QUẠT HÚT PHÒNG QUẠT CẤP | C27: Cái | D27: 1 | E27: 1 | F27: =E27 -> 1 | G27: TH1/EF-06 | H27: 650 | I27: 25 | J27: Fan wall mounted | K27: 55 | L27: 0.37 | M27: 220/1/50 | N27: ≤ 65 dBA | O27: ≥ 50 % | R27: 1 | S27: Quạt gắn tường | T27: VNS-AV6-25 | U27: TH VINASUN | V27: Việt Nam | W27: 479400 | X27: 42000 | Y27: 714000 | Z27: =ROUND((W27+X27+Y27)*10%,-1) -> 123540 | AA27: =ROUND((W27+X27+Y27+Z27)*7%,-1) -> 95130 | AB27: =W27+X27+Y27+Z27+AA27 -> 1454070 | AC27: =AB27*F27 -> 1454070 | AD27: =AB27*R27 -> 1454070
A28: =A27+1 -> 16 | B28: QUẠT HÚT PHÒNG BƠM PCCC | C28: Cái | D28: 1 | E28: 1 | F28: =E28 -> 1 | G28: TH1/EF-07 | H28: 1000 | I28: 50 | J28: Fan wall mounted | K28: 55 | L28: 0.37 | M28: 220/1/50 | N28: ≤ 65 dBA | O28: ≥ 50 % | R28: 1 | S28: Quạt gắn tường | T28: VNS-AV6-25 | U28: TH VINASUN | V28: Việt Nam | W28: 479400 | X28: 42000 | Y28: 714000 | Z28: =ROUND((W28+X28+Y28)*10%,-1) -> 123540 | AA28: =ROUND((W28+X28+Y28+Z28)*7%,-1) -> 95130 | AB28: =W28+X28+Y28+Z28+AA28 -> 1454070 | AC28: =AB28*F28 -> 1454070 | AD28: =AB28*R28 -> 1454070
A29: =A28+1 -> 17 | B29: QUẠT HÚT PHÒNG HẠ THẾ | C29: Cái | D29: 1 | E29: 1 | F29: =E29 -> 1 | G29: TH1/EF-08 | H29: 3500 | I29: 50 | J29: Fan wall mounted | K29: 55 | L29: 0.55 | M29: 220/1/50 | N29: ≤ 65 dBA | O29: ≥ 50 % | R29: 1 | S29: Quạt hướng trục vuông, kt 400x400x320mm | T29: VNS-AF9-4T | U29: TH VINASUN | V29: Việt Nam | W29: 3908640 | X29: 105000 | Y29: 892500 | Z29: =ROUND((W29+X29+Y29)*10%,-1) -> 490610 | AA29: =ROUND((W29+X29+Y29+Z29)*7%,-1) -> 377770 | AB29: =W29+X29+Y29+Z29+AA29 -> 5774520 | AC29: =AB29*F29 -> 5774520 | AD29: =AB29*R29 -> 5774520
A30: =A29+1 -> 18 | B30: QUẠT HÚT PHÒNG KĨ THUẬT | C30: Cái | D30: 1 | E30: 1 | F30: =E30 -> 1 | G30: TH1/EF-09 | H30: 450 | I30: 25 | J30: Fan wall mounted | K30: 55 | L30: 0.37 | M30: 220/1/50 | N30: ≤ 65 dBA | O30: ≥ 50 % | R30: 1 | S30: Quạt gắn tường | T30: VNS-AV6-20 | U30: TH VINASUN | V30: Việt Nam | W30: 441660 | X30: 42000 | Y30: 630000 | Z30: =ROUND((W30+X30+Y30)*10%,-1) -> 111370 | AA30: =ROUND((W30+X30+Y30+Z30)*7%,-1) -> 85750 | AB30: =W30+X30+Y30+Z30+AA30 -> 1310780 | AC30: =AB30*F30 -> 1310780 | AD30: =AB30*R30 -> 1310780
A31: =A30+1 -> 19 | B31: QUẠT HÚT NHÀ ĐIỀU HÀNH XLNT | C31: Cái | D31: 1 | E31: 1 | F31: =E31 -> 1 | G31: TH1/EF-10 | H31: 450 | I31: 25 | J31: Fan wall mounted | K31: 55 | L31: 0.37 | M31: 220/1/50 | N31: ≤ 65 dBA | O31: ≥ 50 % | R31: 1 | S31: Quạt gắn tường | T31: VNS-AV6-20 | U31: TH VINASUN | V31: Việt Nam | W31: 441660 | X31: 42000 | Y31: 630000 | Z31: =ROUND((W31+X31+Y31)*10%,-1) -> 111370 | AA31: =ROUND((W31+X31+Y31+Z31)*7%,-1) -> 85750 | AB31: =W31+X31+Y31+Z31+AA31 -> 1310780 | AC31: =AB31*F31 -> 1310780 | AD31: =AB31*R31 -> 1310780
A32: =A31+1 -> 20 | B32: QUẠT HÚT PHÒNG BƠM SINH HOẠT | C32: Cái | D32: 1 | E32: 1 | F32: =E32 -> 1 | G32: TH1/EF-11 | H32: 1000 | I32: 50 | J32: Fan wall mounted | K32: 55 | L32: 3.7 | M32: 220/1/50 | N32: ≤ 65 dBA | O32: ≥ 50 % | R32: 1 | S32: Quạt gắn tường | T32: VNS-AV6-25 | U32: TH VINASUN | V32: Việt Nam | W32: 479400 | X32: 42000 | Y32: 714000 | Z32: =ROUND((W32+X32+Y32)*10%,-1) -> 123540 | AA32: =ROUND((W32+X32+Y32+Z32)*7%,-1) -> 95130 | AB32: =W32+X32+Y32+Z32+AA32 -> 1454070 | AC32: =AB32*F32 -> 1454070 | AD32: =AB32*R32 -> 1454070
A33: =A32+1 -> 21 | B33: QUẠT HÚT PHÒNG RÁC THÁP A | C33: Cái | D33: 1 | E33: 1 | F33: =E33 -> 1 | G33: TH1/EF-12 | H33: 6500 | I33: 400 | J33: Axial Fan/In-Line Fan/ Cabinet Fan | K33: 55 | L33: 3.7 | M33: 380/3/50 | N33: ≤ 65 dBA | O33: ≥ 50 % | R33: 1 | S33: Quạt ly tâm dạng hộp độ ồn thấp, ĐC IE3 | T33: VNS-AF3-5T động cơ ATT IE3 | U33: TH VINASUN | V33: Việt Nam | W33: 23361060 | X33: 481000 | Y33: 4053000 | Z33: =ROUND((W33+X33+Y33)*10%,-1) -> 2789510 | AA33: =ROUND((W33+X33+Y33+Z33)*7%,-1) -> 2147920 | AB33: =W33+X33+Y33+Z33+AA33 -> 32832490 | AC33: =AB33*F33 -> 32832490 | AD33: =AB33*R33 -> 32832490
A34: =A33+1 -> 22 | B34: QUẠT CẤP GIÓ TẦNG HẦM ZONE 1 | C34: Cái | D34: 2 | E34: 2 | F34: =E34 -> 2 | G34: TH1/SF-01.1,2 | H34: 20500 | I34: 400 | J34: Axial Fan/In-Line Fan/ Cabinet Fan | K34: 55 | L34: 11 | M34: 380/3/50 | N34: ≤ 65 dBA | O34: ≥ 50 % | R34: 2 | S34: Quạt hướng trục | T34: VNS-AF5-7T Động cơ ATT IE3 | U34: TH VINASUN | V34: Việt Nam | W34: 23890440 | X34: 492000 | Y34: 4053000 | Z34: =ROUND((W34+X34+Y34)*10%,-1) -> 2843540 | AA34: =ROUND((W34+X34+Y34+Z34)*7%,-1) -> 2189530 | AB34: =W34+X34+Y34+Z34+AA34 -> 33468510 | AC34: =AB34*F34 -> 66937020 | AD34: =AB34*R34 -> 66937020
A35: =A34+1 -> 23 | B35: QUẠT CẤP GIÓ TẦNG HẦM ZONE 2 | C35: Cái | D35: 1 | E35: 1 | F35: =E35 -> 1 | G35: TH1/SF-02 | H35: 41000 | I35: 450 | J35: Axial Fan/In-Line Fan/ Cabinet Fan | K35: 55 | L35: 15 | M35: 380/3/50 | N35: ≤ 65 dBA | O35: ≥ 50 % | R35: 1 | S35: Quạt hướng trục | T35: VNS-AF5-9T Động cơ ATT IE3 | U35: TH VINASUN | V35: Việt Nam | W35: 46556880 | X35: 959000 | Y35: 5040000 | Z35: =ROUND((W35+X35+Y35)*10%,-1) -> 5255590 | AA35: =ROUND((W35+X35+Y35+Z35)*7%,-1) -> 4046800 | AB35: =W35+X35+Y35+Z35+AA35 -> 61858270 | AC35: =AB35*F35 -> 61858270 | AD35: =AB35*R35 -> 61858270
B36: Tầng 1
A37: 24 | B37: QUẠT HÚT KHO HÀNG | C37: Cái | D37: 1 | E37: 1 | F37: =E37 -> 1 | G37: T1/EF-01 | H37: 1000 | I37: 50 | J37: Fan wall mounted | K37: 55 | L37: 0.37 | M37: 220/1/50 | N37: ≤ 65 dBA | O37: ≥ 50 % | P37: ≤ 1450 rpm | R37: 1 | S37: Quạt gắn tường | T37: VNS-AV6-25 | U37: TH VINASUN | V37: Việt Nam | W37: 479400 | X37: 42000 | Y37: 714000 | Z37: =ROUND((W37+X37+Y37)*10%,-1) -> 123540 | AA37: =ROUND((W37+X37+Y37+Z37)*7%,-1) -> 95130 | AB37: =W37+X37+Y37+Z37+AA37 -> 1454070 | AC37: =AB37*F37 -> 1454070 | AD37: =AB37*R37 -> 1454070
A38: =A37+1 -> 25 | B38: QUẠT HÚT MÙI WC | C38: Cái | D38: 2 | E38: 2 | F38: =E38 -> 2 | G38: T1/EF-02,03 | H38: 100 | I38: 50 | J38: Fan ceiling | K38: 55 | L38: 0.03 | M38: 220/1/50 | N38: ≤ 65 dBA | O38: ≥ 50 % | R38: 2 | S38: Quạt gắn trần | T38: VNS-10-11 | U38: TH VINASUN | V38: Việt Nam | W38: 1197480 | X38: 53000 | Y38: 472500 | Z38: =ROUND((W38+X38+Y38)*10%,-1) -> 172300 | AA38: =ROUND((W38+X38+Y38+Z38)*7%,-1) -> 132670 | AB38: =W38+X38+Y38+Z38+AA38 -> 2027950 | AC38: =AB38*F38 -> 4055900 | AD38: =AB38*R38 -> 4055900
A39: =A38+1 -> 26 | B39: QUẠT HÚT MÙI WC TM | C39: Cái | D39: 1 | E39: 1 | F39: =E39 -> 1 | G39: T1/EF-04 | H39: 1000 | I39: 200 | J39: Axial Fan/In-Line Fan/ Cabinet Fan | K39: 55 | L39: 1.1 | M39: 220/1/50 | N39: ≤ 65 dBA | O39: ≥ 50 % | R39: 1 | S39: Quạt hướng trục, miệng ống phi 245, độ ồn 66Db | T39: VNS-DP250 | U39: TH VINASUN | V39: Việt Nam | W39: 2773380 | X39: 84000 | Y39: 892500 | Z39: =ROUND((W39+X39+Y39)*10%,-1) -> 374990 | AA39: =ROUND((W39+X39+Y39+Z39)*7%,-1) -> 288740 | AB39: =W39+X39+Y39+Z39+AA39 -> 4413610 | AC39: =AB39*F39 -> 4413610 | AD39: =AB39*R39 -> 4413610
A40: =A39+1 -> 27 | B40: QUẠT CẤP GIÓ TƯƠI TẦNG 1 | C40: Cái | D40: 1 | E40: 1 | F40: =E40 -> 1 | G40: T1/SF-01 | H40: 1800 | I40: 250 | J40: Axial Fan/In-Line Fan/ Cabinet Fan | K40: 55 | L40: 0.75 | M40: 220/1/50 | N40: ≤ 65 dBA | O40: ≥ 50 % | R40: 1 | S40: Quạt ly tâm dạng hộp độ ồn thấp | T40: VNS-VF-315SI | U40: TH VINASUN | V40: Việt Nam | W40: 7753020 | X40: 105000 | Y40: 892500 | Z40: =ROUND((W40+X40+Y40)*10%,-1) -> 875050 | AA40: =ROUND((W40+X40+Y40+Z40)*7%,-1) -> 673790 | AB40: =W40+X40+Y40+Z40+AA40 -> 10299360 | AC40: =AB40*F40 -> 10299360 | AD40: =AB40*R40 -> 10299360
A41: =A40+1 -> 28 | B41: QUẠT CẤP GIÓ TƯƠI TẦNG 1 | C41: Cái | D41: 1 | E41: 1 | F41: =E41 -> 1 | G41: T1/SF-02 | H41: 2000 | I41: 250 | J41: Axial Fan/In-Line Fan/ Cabinet Fan | K41: 55 | L41: 0.75 | M41: 220/1/50 | N41: ≤ 65 dBA | O41: ≥ 50 % | R41: 1 | S41: Quạt ly tâm dạng hộp độ ồn thấp | T41: VNS-VF-355SI | U41: TH VINASUN | V41: Việt Nam | W41: 8383380 | X41: 105000 | Y41: 892500 | Z41: =ROUND((W41+X41+Y41)*10%,-1) -> 938090 | AA41: =ROUND((W41+X41+Y41+Z41)*7%,-1) -> 722330 | AB41: =W41+X41+Y41+Z41+AA41 -> 11041300 | AC41: =AB41*F41 -> 11041300 | AD41: =AB41*R41 -> 11041300
A42: =A41+1 -> 29 | B42: QUẠT CẤP GIÓ TƯƠI TẦNG 1 | C42: Cái | D42: 1 | E42: 1 | F42: =E42 -> 1 | G42: T1/SF-03 | H42: 2200 | I42: 300 | J42: Axial Fan/In-Line Fan/ Cabinet Fan | K42: 55 | L42: 1.1 | M42: 380/3/50 | N42: ≤ 65 dBA | O42: ≥ 50 % | R42: 3 | S42: Quạt ly tâm dạng hộp độ ồn thấp | T42: VNS-VF-355SI | U42: TH VINASUN | V42: Việt Nam | W42: 8383380 | X42: 173000 | Y42: 892500 | Z42: =ROUND((W42+X42+Y42)*10%,-1) -> 944890 | AA42: =ROUND((W42+X42+Y42+Z42)*7%,-1) -> 727560 | AB42: =W42+X42+Y42+Z42+AA42 -> 11121330 | AC42: =AB42*F42 -> 11121330 | AD42: =AB42*R42 -> 33363990
A43: =A42+1 -> 30 | B43: QUẠT CẤP GIÓ TƯƠI TẦNG 1 | C43: Cái | D43: 1 | E43: 1 | F43: =E43 -> 1 | G43: T1/SF-04 | H43: 5000 | I43: 300 | J43: Axial Fan/In-Line Fan/ Cabinet Fan | K43: 55 | L43: 1.5 | M43: 380/3/50 | N43: ≤ 65 dBA | O43: ≥ 50 % | R43: 1 | S43: Quạt ly tâm dạng hộp độ ồn thấp, ĐC IE3 | T43: VNS-VF-380S Động cơ ATT IE3 | U43: TH VINASUN | V43: Việt Nam | W43: 18469140 | X43: 380000 | Y43: 4053000 | Z43: =ROUND((W43+X43+Y43)*10%,-1) -> 2290210 | AA43: =ROUND((W43+X43+Y43+Z43)*7%,-1) -> 1763460 | AB43: =W43+X43+Y43+Z43+AA43 -> 26955810 | AC43: =AB43*F43 -> 26955810 | AD43: =AB43*R43 -> 26955810
B44: Tầng 2
A45: 29 | B45: QUẠT HÚT MÙI WC | C45: Cái | D45: 1 | E45: 1 | F45: =E45 -> 1 | G45: T2/EF-01 | H45: 1300 | I45: 150 | J45: Axial Fan/In-Line Fan/ Cabinet Fan | K45: 55 | L45: 0.75 | M45: 220/1/50 | N45: ≤ 65 dBA | O45: ≥ 50 % | R45: 1 | S45: Quạt hướng trục, miệng ống phi 245, độ ồn 66Db | T45: VNS-DP250 | U45: TH VINASUN | V45: Việt Nam | W45: 2773380 | X45: 84000 | Y45: 892500 | Z45: =ROUND((W45+X45+Y45)*10%,-1) -> 374990 | AA45: =ROUND((W45+X45+Y45+Z45)*7%,-1) -> 288740 | AB45: =W45+X45+Y45+Z45+AA45 -> 4413610 | AC45: =AB45*F45 -> 4413610 | AD45: =AB45*R45 -> 4413610
A46: =A45+1 -> 30 | B46: QUẠT HÚT MÙI KHO+QUẦY CHẾ BIẾN | C46: Cái | D46: 1 | E46: 1 | F46: =E46 -> 1 | G46: T2/EF-02 | H46: 3000 | I46: 250 | J46: Axial Fan/In-Line Fan/ Cabinet Fan | K46: 55 | L46: 0.75 | M46: 380/3/50 | N46: ≤ 65 dBA | O46: ≥ 50 % | P46: ≤ 1450 rpm | R46: 1 | S46: Quạt ly tâm dạng hộp độ ồn thấp, Động cơ IE3 | T46: VNS-VF-320S Động cơ ATT IE3 | U46: TH VINASUN | V46: Việt Nam | W46: 10728360 | X46: 221000 | Y46: 892500 | Z46: =ROUND((W46+X46+Y46)*10%,-1) -> 1184190 | AA46: =ROUND((W46+X46+Y46+Z46)*7%,-1) -> 911820 | AB46: =W46+X46+Y46+Z46+AA46 -> 13937870 | AC46: =AB46*F46 -> 13937870 | AD46: =AB46*R46 -> 13937870
A47: =A46+1 -> 31 | B47: QUẠT HÚT KHO | C47: Cái | D47: 1 | E47: 1 | F47: =E47 -> 1 | G47: T2/EF-03 | H47: 150 | I47: 20 | J47: Fan wall mounted | K47: 55 | L47: 0.37 | M47: 220/1/50 | N47: ≤ 65 dBA | O47: ≥ 50 % | P47: ≤ 1450 rpm | R47: 1 | S47: Quạt gắn tường | T47: VNS-AV6-15 | U47: TH VINASUN | V47: Việt Nam | W47: 390660 | X47: 42000 | Y47: 472500 | Z47: =ROUND((W47+X47+Y47)*10%,-1) -> 90520 | AA47: =ROUND((W47+X47+Y47+Z47)*7%,-1) -> 69700 | AB47: =W47+X47+Y47+Z47+AA47 -> 1065380 | AC47: =AB47*F47 -> 1065380 | AD47: =AB47*R47 -> 1065380
A48: =A47+1 -> 32 | B48: QUẠT CẤP GIÓ TƯƠI TẦNG 2 | C48: Cái | D48: 1 | E48: 1 | F48: =E48 -> 1 | G48: T2/SF-01 | H48: 5500 | I48: 300 | J48: Axial Fan/In-Line Fan/ Cabinet Fan | K48: 55 | L48: 1.5 | M48: 380/3/50 | N48: ≤ 65 dBA | O48: ≥ 50 % | R48: 1 | S48: Quạt hướng trục | T48: VNS-AF5-5T động cơ ATT IE3 | U48: TH VINASUN | V48: Việt Nam | W48: 12872400 | X48: 265000 | Y48: 4053000 | Z48: =ROUND((W48+X48+Y48)*10%,-1) -> 1719040 | AA48: =ROUND((W48+X48+Y48+Z48)*7%,-1) -> 1323660 | AB48: =W48+X48+Y48+Z48+AA48 -> 20233100 | AC48: =AB48*F48 -> 20233100 | AD48: =AB48*R48 -> 20233100
A49: =A48+1 -> 33 | B49: QUẠT CẤP GIÓ TƯƠI TẦNG 2 | C49: Cái | D49: 1 | E49: 1 | F49: =E49 -> 1 | G49: T2/SF-02 | H49: 5500 | I49: 300 | J49: Axial Fan/In-Line Fan/ Cabinet Fan | K49: 55 | L49: 1.1 | M49: 380/3/50 | N49: ≤ 65 dBA | O49: ≥ 50 % | R49: 1 | S49: Quạt hướng trục | T49: VNS-AF5-5T động cơ ATT IE3 | U49: TH VINASUN | V49: Việt Nam | W49: 12872400 | X49: 265000 | Y49: 4053000 | Z49: =ROUND((W49+X49+Y49)*10%,-1) -> 1719040 | AA49: =ROUND((W49+X49+Y49+Z49)*7%,-1) -> 1323660 | AB49: =W49+X49+Y49+Z49+AA49 -> 20233100 | AC49: =AB49*F49 -> 20233100 | AD49: =AB49*R49 -> 20233100
A50: =A49+1 -> 34 | B50: QUẠT CẤP GIÓ TƯƠI TẦNG 2 | C50: Cái | D50: 1 | E50: 1 | F50: =E50 -> 1 | G50: T2/SF-03 | H50: 4000 | I50: 300 | J50: Axial Fan/In-Line Fan/ Cabinet Fan | K50: 55 | L50: 1.5 | M50: 380/3/50 | N50: ≤ 65 dBA | O50: ≥ 50 % | R50: 1 | S50: Quạt ly tâm dạng hộp độ ồn thấp, ĐC IE3 | T50: VNS-VF-380S Động cơ ATT IE3 | U50: TH VINASUN | V50: Việt Nam | W50: 18469140 | X50: 380000 | Y50: 4053000 | Z50: =ROUND((W50+X50+Y50)*10%,-1) -> 2290210 | AA50: =ROUND((W50+X50+Y50+Z50)*7%,-1) -> 1763460 | AB50: =W50+X50+Y50+Z50+AA50 -> 26955810 | AC50: =AB50*F50 -> 26955810 | AD50: =AB50*R50 -> 26955810
A51: =A50+1 -> 35 | B51: QUẠT CẤP GIÓ TƯƠI TẦNG 2 | C51: Cái | D51: 1 | E51: 1 | F51: =E51 -> 1 | G51: T2/SF-04 | H51: 3500 | I51: 300 | J51: Axial Fan/In-Line Fan/ Cabinet Fan | K51: 55 | L51: 1.5 | M51: 380/3/50 | N51: ≤ 65 dBA | O51: ≥ 50 % | R51: 1 | S51: Quạt ly tâm dạng hộp độ ồn thấp, ĐC IE3 | T51: VNS-VF-380S Động cơ ATT IE3 | U51: TH VINASUN | V51: Việt Nam | W51: 18469140 | X51: 380000 | Y51: 4053000 | Z51: =ROUND((W51+X51+Y51)*10%,-1) -> 2290210 | AA51: =ROUND((W51+X51+Y51+Z51)*7%,-1) -> 1763460 | AB51: =W51+X51+Y51+Z51+AA51 -> 26955810 | AC51: =AB51*F51 -> 26955810 | AD51: =AB51*R51 -> 26955810
A52: =A51+1 -> 36 | B52: QUẠT CẤP GIÓ TƯƠI TẦNG 2 | C52: Cái | D52: 1 | E52: 1 | F52: =E52 -> 1 | G52: T2/SF-05 | H52: 500 | I52: 150 | J52: Axial Fan/In-Line Fan/ Cabinet Fan | K52: 55 | L52: 0.55 | M52: 380/3/50 | N52: ≤ 65 dBA | O52: ≥ 50 % | R52: 1 | S52: Quạt ly tâm dạng hộp độ ồn thấp | T52: VNS-VF-315SI | U52: TH VINASUN | V52: Việt Nam | W52: 6870720 | X52: 141000 | Y52: 892500 | Z52: =ROUND((W52+X52+Y52)*10%,-1) -> 790420 | AA52: =ROUND((W52+X52+Y52+Z52)*7%,-1) -> 608620 | AB52: =W52+X52+Y52+Z52+AA52 -> 9303260 | AC52: =AB52*F52 -> 9303260 | AD52: =AB52*R52 -> 9303260
B53: QUẠT CẤP GIÓ TƯƠI PHÒNG NHÂN VIÊN | C53: Cái | D53: 1 | F53: 1 | G53: T2/SF-** | H53: 600 | I53: 150 | J53: Axial Fan/In-Line Fan/ Cabinet Fan | K53: 55 | L53: 0.55 | M53: 380/3/50 | N53: ≤ 65 dBA | O53: ≥ 50 % | R53: 1 | S53: Quạt ly tâm dạng hộp độ ồn thấp | T53: VNS-VF-315SI | U53: TH VINASUN | V53: Việt Nam | W53: 6870720 | X53: 141000 | Y53: 892500 | Z53: =ROUND((W53+X53+Y53)*10%,-1) -> 790420 | AA53: =ROUND((W53+X53+Y53+Z53)*7%,-1) -> 608620 | AB53: =W53+X53+Y53+Z53+AA53 -> 9303260 | AC53: =AB53*F53 -> 9303260 | AD53: =AB53*R53 -> 9303260
B54: Tầng 3
A55: =A52+1 -> 37 | B55: QUẠT HÚT MÙI WC | C55: Cái | D55: 1 | E55: 1 | F55: =E55 -> 1 | G55: T3/EF-01 | H55: 1300 | I55: 150 | J55: Axial Fan/In-Line Fan/ Cabinet Fan | K55: 55 | L55: 0.75 | M55: 220/1/50 | N55: ≤ 65 dBA | O55: ≥ 50 % | P55: ≤ 1450 rpm | R55: 1 | S55: Quạt hướng trục, miệng ống phi 245, độ ồn 66Db | T55: VNS-DP250 | U55: TH VINASUN | V55: Việt Nam | W55: 2773380 | X55: 84000 | Y55: 892500 | Z55: =ROUND((W55+X55+Y55)*10%,-1) -> 374990 | AA55: =ROUND((W55+X55+Y55+Z55)*7%,-1) -> 288740 | AB55: =W55+X55+Y55+Z55+AA55 -> 4413610 | AC55: =AB55*F55 -> 4413610 | AD55: =AB55*R55 -> 4413610
A56: =A55+1 -> 38 | B56: QUẠT HÚT KHO | C56: Cái | D56: 1 | E56: 1 | F56: =E56 -> 1 | G56: T3/EF-02 | H56: 150 | I56: 20 | J56: Fan wall mounted | K56: 55 | L56: 0.37 | M56: 220/1/50 | N56: ≤ 65 dBA | O56: ≥ 50 % | R56: 1 | S56: Quạt gắn tường | T56: VNS-AV6-15 | U56: TH VINASUN | V56: Việt Nam | W56: 390660 | X56: 42000 | Y56: 472500 | Z56: =ROUND((W56+X56+Y56)*10%,-1) -> 90520 | AA56: =ROUND((W56+X56+Y56+Z56)*7%,-1) -> 69700 | AB56: =W56+X56+Y56+Z56+AA56 -> 1065380 | AC56: =AB56*F56 -> 1065380 | AD56: =AB56*R56 -> 1065380
A57: =A56+1 -> 39 | B57: QUẠT CẤP GIÓ TƯƠI TẦNG 3 | C57: Cái | D57: 2 | E57: 2 | F57: =E57 -> 2 | G57: T3/SF-01,02 | H57: 2500 | I57: 250 | J57: Axial Fan/In-Line Fan/ Cabinet Fan | K57: 55 | L57: 1.1 | M57: 380/3/50 | N57: ≤ 65 dBA | O57: ≥ 50 % | P57: ≤ 1450 rpm | R57: 2 | S57: Quạt ly tâm dạng hộp độ ồn thấp | T57: VNS-VF-355SI | U57: TH VINASUN | V57: Việt Nam | W57: 8383380 | X57: 173000 | Y57: 892500 | Z57: =ROUND((W57+X57+Y57)*10%,-1) -> 944890 | AA57: =ROUND((W57+X57+Y57+Z57)*7%,-1) -> 727560 | AB57: =W57+X57+Y57+Z57+AA57 -> 11121330 | AC57: =AB57*F57 -> 22242660 | AD57: =AB57*R57 -> 22242660
A58: =A57+1 -> 40 | B58: QUẠT CẤP GIÓ TƯƠI TẦNG 3 | C58: Cái | D58: 1 | E58: 1 | F58: =E58 -> 1 | G58: T3/SF-03 | H58: 3800 | I58: 300 | J58: Axial Fan/In-Line Fan/ Cabinet Fan | K58: 55 | L58: 1.5 | M58: 380/3/50 | N58: ≤ 65 dBA | O58: ≥ 50 % | R58: 1 | S58: Quạt ly tâm dạng hộp độ ồn thấp, ĐC IE3 | T58: VNS-VF-380S Động cơ ATT IE3 | U58: TH VINASUN | V58: Việt Nam | W58: 16998300 | X58: 350000 | Y58: 4053000 | Z58: =ROUND((W58+X58+Y58)*10%,-1) -> 2140130 | AA58: =ROUND((W58+X58+Y58+Z58)*7%,-1) -> 1647900 | AB58: =W58+X58+Y58+Z58+AA58 -> 25189330 | AC58: =AB58*F58 -> 25189330 | AD58: =AB58*R58 -> 25189330
A59: =A58+1 -> 41 | B59: QUẠT CẤP GIÓ TƯƠI TẦNG 3 | C59: Cái | D59: 1 | E59: 1 | F59: =E59 -> 1 | G59: T3/SF-04 | H59: 2000 | I59: 200 | J59: Axial Fan/In-Line Fan/ Cabinet Fan | K59: 55 | L59: 0.75 | M59: 220/1/50 | N59: ≤ 65 dBA | O59: ≥ 50 % | R59: 1 | S59: Quạt ly tâm dạng hộp độ ồn thấp | T59: VNS-VF-355SI | U59: TH VINASUN | V59: Việt Nam | W59: 7564320 | X59: 105000 | Y59: 892500 | Z59: =ROUND((W59+X59+Y59)*10%,-1) -> 856180 | AA59: =ROUND((W59+X59+Y59+Z59)*7%,-1) -> 659260 | AB59: =W59+X59+Y59+Z59+AA59 -> 10077260 | AC59: =AB59*F59 -> 10077260 | AD59: =AB59*R59 -> 10077260
A60: =A59+1 -> 42 | B60: QUẠT CẤP GIÓ TƯƠI TẦNG 3 | C60: Cái | D60: 2 | E60: 2 | F60: =E60 -> 2 | G60: T3/SF-05,06 | H60: 4000 | I60: 300 | J60: Axial Fan/In-Line Fan/ Cabinet Fan | K60: 55 | L60: 0.75 | M60: 220/1/50 | N60: ≤ 65 dBA | O60: ≥ 50 % | R60: 2 | S60: Quạt ly tâm dạng hộp độ ồn thấp, ĐC IE3 | T60: VNS-VF-380S Động cơ ATT IE3 | U60: TH VINASUN | V60: Việt Nam | W60: 18469140 | X60: 380000 | Y60: 4053000 | Z60: =ROUND((W60+X60+Y60)*10%,-1) -> 2290210 | AA60: =ROUND((W60+X60+Y60+Z60)*7%,-1) -> 1763460 | AB60: =W60+X60+Y60+Z60+AA60 -> 26955810 | AC60: =AB60*F60 -> 53911620 | AD60: =AB60*R60 -> 53911620
A61: =A60+1 -> 43 | B61: QUẠT CẤP GIÓ TƯƠI TẦNG 3 | C61: Cái | D61: 1 | E61: 1 | F61: =E61 -> 1 | G61: T3/SF-07 | H61: 3500 | I61: 300 | J61: Axial Fan/In-Line Fan/ Cabinet Fan | K61: 55 | L61: 1.5 | M61: 380/3/50 | N61: ≤ 65 dBA | O61: ≥ 50 % | R61: 1 | S61: Quạt ly tâm dạng hộp độ ồn thấp, ĐC IE3 | T61: VNS-VF-380S Động cơ ATT IE3 | U61: TH VINASUN | V61: Việt Nam | W61: 18469140 | X61: 380000 | Y61: 4053000 | Z61: =ROUND((W61+X61+Y61)*10%,-1) -> 2290210 | AA61: =ROUND((W61+X61+Y61+Z61)*7%,-1) -> 1763460 | AB61: =W61+X61+Y61+Z61+AA61 -> 26955810 | AC61: =AB61*F61 -> 26955810 | AD61: =AB61*R61 -> 26955810
A62: =A61+1 -> 44 | B62: QUẠT CẤP GIÓ TƯƠI TẦNG 3 | C62: Cái | D62: 1 | E62: 1 | F62: =E62 -> 1 | G62: T3/SF-08 | H62: 600 | I62: 150 | J62: Axial Fan/In-Line Fan/ Cabinet Fan | K62: 55 | L62: 1.5 | M62: 380/3/50 | N62: ≤ 65 dBA | O62: ≥ 50 % | R62: 1 | S62: Quạt ly tâm dạng hộp độ ồn thấp | T62: VNS-VF-315SI | U62: TH VINASUN | V62: Việt Nam | W62: 6870720 | X62: 141000 | Y62: 892500 | Z62: =ROUND((W62+X62+Y62)*10%,-1) -> 790420 | AA62: =ROUND((W62+X62+Y62+Z62)*7%,-1) -> 608620 | AB62: =W62+X62+Y62+Z62+AA62 -> 9303260 | AC62: =AB62*F62 -> 9303260 | AD62: =AB62*R62 -> 9303260
B63: Tầng 4
A64: 45 | B64: QUẠT HÚT MÙI WC 1 | C64: Cái | D64: 1 | E64: 1 | F64: =E64 -> 1 | G64: T4/EF-01 | H64: 1300 | I64: 150 | J64: Axial Fan/In-Line Fan/ Cabinet Fan | K64: 55 | L64: 0.55 | M64: 220/1/50 | N64: ≤ 65 dBA | O64: ≥ 50 % | R64: 1 | S64: Quạt hướng trục, miệng ống phi 245, độ ồn 66Db | T64: VNS-DP250 | U64: TH VINASUN | V64: Việt Nam | W64: 2773380 | X64: 84000 | Y64: 892500 | Z64: =ROUND((W64+X64+Y64)*10%,-1) -> 374990 | AA64: =ROUND((W64+X64+Y64+Z64)*7%,-1) -> 288740 | AB64: =W64+X64+Y64+Z64+AA64 -> 4413610 | AC64: =AB64*F64 -> 4413610 | AD64: =AB64*R64 -> 4413610
A65: =A64+1 -> 46 | B65: QUẠT HÚT MÙI WC 2 | C65: Cái | D65: 1 | E65: 1 | F65: =E65 -> 1 | G65: T4/EF-02 | H65: 600 | I65: 150 | J65: Axial Fan/In-Line Fan/ Cabinet Fan | K65: 55 | L65: 0.55 | M65: 220/1/50 | N65: ≤ 65 dBA | O65: ≥ 50 % | R65: 1 | S65: Quạt hướng trục, miệng ống phi 195, độ ồn 43Db | T65: VNS-DP200 | U65: TH VINASUN | V65: Việt Nam | W65: 2269500 | X65: 84000 | Y65: 892500 | Z65: =ROUND((W65+X65+Y65)*10%,-1) -> 324600 | AA65: =ROUND((W65+X65+Y65+Z65)*7%,-1) -> 249940 | AB65: =W65+X65+Y65+Z65+AA65 -> 3820540 | AC65: =AB65*F65 -> 3820540 | AD65: =AB65*R65 -> 3820540
A66: =A65+1 -> 47 | B66: QUẠT HÚT KHO | C66: Cái | D66: 1 | E66: 1 | F66: =E66 -> 1 | G66: T4/EF-03 | H66: 150 | I66: 20 | J66: Fan wall mounted | K66: 55 | L66: 0.37 | M66: 220/1/50 | N66: ≤ 65 dBA | O66: ≥ 50 % | R66: 1 | S66: Quạt gắn tường | T66: VNS-AV6-15 | U66: TH VINASUN | V66: Việt Nam | W66: 390660 | X66: 42000 | Y66: 472500 | Z66: =ROUND((W66+X66+Y66)*10%,-1) -> 90520 | AA66: =ROUND((W66+X66+Y66+Z66)*7%,-1) -> 69700 | AB66: =W66+X66+Y66+Z66+AA66 -> 1065380 | AC66: =AB66*F66 -> 1065380 | AD66: =AB66*R66 -> 1065380
A67: =A66+1 -> 48 | B67: QUẠT HÚT KHO | C67: Cái | D67: 3 | E67: 3 | F67: =E67 -> 3 | G67: T4/EF-04,05,06 | H67: 1000 | I67: 50 | J67: Fan wall mounted | K67: 55 | L67: 0.37 | M67: 220/1/50 | N67: ≤ 65 dBA | O67: ≥ 50 % | R67: 3 | S67: Quạt gắn tường | T67: VNS-AV6-25 | U67: TH VINASUN | V67: Việt Nam | W67: 479400 | X67: 42000 | Y67: 714000 | Z67: =ROUND((W67+X67+Y67)*10%,-1) -> 123540 | AA67: =ROUND((W67+X67+Y67+Z67)*7%,-1) -> 95130 | AB67: =W67+X67+Y67+Z67+AA67 -> 1454070 | AC67: =AB67*F67 -> 4362210 | AD67: =AB67*R67 -> 4362210
A68: =A67+1 -> 49 | B68: QUẠT CẤP GIÓ TƯƠI TẦNG 4 | C68: Cái | D68: 1 | E68: 1 | F68: =E68 -> 1 | G68: T4/SF-01 | H68: 600 | I68: 150 | J68: Axial Fan/In-Line Fan/ Cabinet Fan | K68: 55 | L68: 0.37 | M68: 380/3/50 | N68: ≤ 65 dBA | O68: ≥ 50 % | R68: 1 | S68: Quạt hướng trục, miệng ống phi 195, độ ồn 43Db | T68: VNS-DP200 | U68: TH VINASUN | V68: Việt Nam | W68: 2269500 | X68: 84000 | Y68: 892500 | Z68: =ROUND((W68+X68+Y68)*10%,-1) -> 324600 | AA68: =ROUND((W68+X68+Y68+Z68)*7%,-1) -> 249940 | AB68: =W68+X68+Y68+Z68+AA68 -> 3820540 | AC68: =AB68*F68 -> 3820540 | AD68: =AB68*R68 -> 3820540
A69: =A68+1 -> 50 | B69: QUẠT CẤP GIÓ TƯƠI TẦNG 4 | C69: Cái | D69: 1 | E69: 1 | F69: =E69 -> 1 | G69: T4/SF-02 | H69: 2200 | I69: 250 | J69: Axial Fan/In-Line Fan/ Cabinet Fan | K69: 55 | L69: 1.1 | M69: 380/3/50 | N69: ≤ 65 dBA | O69: ≥ 50 % | R69: 1 | S69: Quạt hướng trục | T69: VNS-VF-355SI | U69: TH VINASUN | V69: Việt Nam | W69: 8383380 | X69: 173000 | Y69: 892500 | Z69: =ROUND((W69+X69+Y69)*10%,-1) -> 944890 | AA69: =ROUND((W69+X69+Y69+Z69)*7%,-1) -> 727560 | AB69: =W69+X69+Y69+Z69+AA69 -> 11121330 | AC69: =AB69*F69 -> 11121330 | AD69: =AB69*R69 -> 11121330
A70: =A69+1 -> 51 | B70: QUẠT CẤP GIÓ TƯƠI TẦNG 4 | C70: Cái | D70: 1 | E70: 1 | F70: =E70 -> 1 | G70: T4/SF-03 | H70: 4500 | I70: 300 | J70: Axial Fan/In-Line Fan/ Cabinet Fan | K70: 55 | L70: 1.5 | M70: 380/3/50 | N70: ≤ 65 dBA | O70: ≥ 50 % | R70: 1 | S70: Quạt ly tâm dạng hộp độ ồn thấp, ĐC IE3 | T70: VNS-VF-380S Động cơ ATT IE3 | U70: TH VINASUN | V70: Việt Nam | W70: 18469140 | X70: 380000 | Y70: 4053000 | Z70: =ROUND((W70+X70+Y70)*10%,-1) -> 2290210 | AA70: =ROUND((W70+X70+Y70+Z70)*7%,-1) -> 1763460 | AB70: =W70+X70+Y70+Z70+AA70 -> 26955810 | AC70: =AB70*F70 -> 26955810 | AD70: =AB70*R70 -> 26955810
A71: =A70+1 -> 52 | B71: QUẠT CẤP GIÓ TƯƠI TẦNG 4 | C71: Cái | D71: 1 | E71: 1 | F71: =E71 -> 1 | G71: T4/SF-04 | H71: 6500 | I71: 300 | J71: Axial Fan/In-Line Fan/ Cabinet Fan | K71: 55 | L71: 1.5 | M71: 380/3/50 | N71: ≤ 65 dBA | O71: ≥ 50 % | R71: 1 | S71: Quạt hướng trục | T71: VNS-AF5-5T động cơ ATT IE3 | U71: TH VINASUN | V71: Việt Nam | W71: 12872400 | X71: 265000 | Y71: 4053000 | Z71: =ROUND((W71+X71+Y71)*10%,-1) -> 1719040 | AA71: =ROUND((W71+X71+Y71+Z71)*7%,-1) -> 1323660 | AB71: =W71+X71+Y71+Z71+AA71 -> 20233100 | AC71: =AB71*F71 -> 20233100 | AD71: =AB71*R71 -> 20233100
A72: =A71+1 -> 53 | B72: QUẠT CẤP GIÓ TƯƠI TẦNG 4 | C72: Cái | D72: 1 | E72: 1 | F72: =E72 -> 1 | G72: T4/SF-05 | H72: 5000 | I72: 350 | J72: Axial Fan/In-Line Fan/ Cabinet Fan | K72: 55 | L72: 1.5 | M72: 380/3/50 | N72: ≤ 65 dBA | O72: ≥ 50 % | R72: 1 | S72: Quạt ly tâm dạng hộp độ ồn thấp, ĐC IE3 | T72: VNS-VF-380S Động cơ ATT IE3 | U72: TH VINASUN | V72: Việt Nam | W72: 18469140 | X72: 380000 | Y72: 4053000 | Z72: =ROUND((W72+X72+Y72)*10%,-1) -> 2290210 | AA72: =ROUND((W72+X72+Y72+Z72)*7%,-1) -> 1763460 | AB72: =W72+X72+Y72+Z72+AA72 -> 26955810 | AC72: =AB72*F72 -> 26955810 | AD72: =AB72*R72 -> 26955810
B73: Tầng 5
A74: 50 | B74: QUẠT HÚT MÙI WC 1 | C74: Cái | D74: 1 | E74: 1 | F74: =E74 -> 1 | G74: T5/EF-01 | H74: 1300 | I74: 250 | J74: Axial Fan/In-Line Fan/ Cabinet Fan | K74: 55 | L74: 0.75 | M74: 220/1/50 | N74: ≤ 65 dBA | O74: ≥ 50 % | R74: 1 | S74: Quạt hướng trục, miệng ống phi 245, độ ồn 66Db | T74: VNS-DP250 | U74: TH VINASUN | V74: Việt Nam | W74: 2773380 | X74: 84000 | Y74: 892500 | Z74: =ROUND((W74+X74+Y74)*10%,-1) -> 374990 | AA74: =ROUND((W74+X74+Y74+Z74)*7%,-1) -> 288740 | AB74: =W74+X74+Y74+Z74+AA74 -> 4413610 | AC74: =AB74*F74 -> 4413610 | AD74: =AB74*R74 -> 4413610
A75: =A74+1 -> 51 | B75: QUẠT HÚT MÙI WC 2 | C75: Cái | D75: 1 | E75: 1 | F75: =E75 -> 1 | G75: T5/EF-02 | H75: 2000 | I75: 250 | J75: Axial Fan/In-Line Fan/ Cabinet Fan | K75: 55 | L75: 0.75 | M75: 220/1/50 | N75: ≤ 65 dBA | O75: ≥ 50 % | R75: 1 | S75: Quạt ly tâm dạng hộp độ ồn thấp | T75: VNS-VF-355SI | U75: TH VINASUN | V75: Việt Nam | W75: 8383380 | X75: 105000 | Y75: 892500 | Z75: =ROUND((W75+X75+Y75)*10%,-1) -> 938090 | AA75: =ROUND((W75+X75+Y75+Z75)*7%,-1) -> 722330 | AB75: =W75+X75+Y75+Z75+AA75 -> 11041300 | AC75: =AB75*F75 -> 11041300 | AD75: =AB75*R75 -> 11041300
A76: =A75+1 -> 52 | B76: QUẠT HÚT MÙI WC 3 | C76: Cái | D76: 1 | E76: 1 | F76: =E76 -> 1 | G76: T5/EF-03 | H76: 750 | I76: 250 | J76: Axial Fan/In-Line Fan/ Cabinet Fan | K76: 55 | L76: 0.37 | M76: 220/1/50 | N76: ≤ 65 dBA | O76: ≥ 50 % | R76: 1 | S76: Quạt hướng trục, miệng ống phi 195, độ ồn 43Db | T76: VNS-DP200 | U76: TH VINASUN | V76: Việt Nam | W76: 2269500 | X76: 84000 | Y76: 892500 | Z76: =ROUND((W76+X76+Y76)*10%,-1) -> 324600 | AA76: =ROUND((W76+X76+Y76+Z76)*7%,-1) -> 249940 | AB76: =W76+X76+Y76+Z76+AA76 -> 3820540 | AC76: =AB76*F76 -> 3820540 | AD76: =AB76*R76 -> 3820540
A77: =A76+1 -> 53 | B77: QUẠT HÚT MÙI KHU SƠ CHẾ | C77: Cái | D77: 1 | E77: 1 | F77: =E77 -> 1 | G77: T5/EF-04 | H77: 1200 | I77: 250 | J77: Axial Fan/In-Line Fan/ Cabinet Fan | K77: 55 | L77: 0.75 | M77: 220/1/50 | N77: ≤ 65 dBA | O77: ≥ 50 % | R77: 1 | S77: Quạt hướng trục, miệng ống phi 245, độ ồn 66Db | T77: VNS-DP250 | U77: TH VINASUN | V77: Việt Nam | W77: 2773380 | X77: 84000 | Y77: 892500 | Z77: =ROUND((W77+X77+Y77)*10%,-1) -> 374990 | AA77: =ROUND((W77+X77+Y77+Z77)*7%,-1) -> 288740 | AB77: =W77+X77+Y77+Z77+AA77 -> 4413610 | AC77: =AB77*F77 -> 4413610 | AD77: =AB77*R77 -> 4413610
A78: =A77+1 -> 54 | B78: QUẠT HÚT MÙI WC 4 | C78: Cái | D78: 1 | E78: 1 | F78: =E78 -> 1 | G78: T5/EF-05 | H78: 700 | I78: 250 | J78: Axial Fan/In-Line Fan/ Cabinet Fan | K78: 55 | L78: 0.37 | M78: 220/1/50 | N78: ≤ 65 dBA | O78: ≥ 50 % | R78: 0 | S78: Quạt hướng trục, miệng ống phi 195, độ ồn 43Db | T78: VNS-DP200 | U78: TH VINASUN | V78: Việt Nam | W78: 2269500 | X78: 84000 | Y78: 892500 | Z78: =ROUND((W78+X78+Y78)*10%,-1) -> 324600 | AA78: =ROUND((W78+X78+Y78+Z78)*7%,-1) -> 249940 | AB78: =W78+X78+Y78+Z78+AA78 -> 3820540 | AC78: =AB78*F78 -> 3820540 | AD78: =AB78*R78 -> 0
A79: =A78+1 -> 55 | B79: QUẠT HÚT MÙI KHU NHÀ HÀNG | C79: Cái | D79: 1 | E79: 1 | F79: =E79 -> 1 | G79: T5/EF-06 | H79: 9500 | I79: 300 | J79: Axial Fan/In-Line Fan/ Cabinet Fan | K79: 55 | L79: 4 | M79: 380/3/50 | N79: ≤ 65 dBA | O79: ≥ 50 % | R79: 1 | S79: Quạt hướng trục | T79: VNS-AF5-5.5T động cơ ATT IE3 | U79: TH VINASUN | V79: Việt Nam | W79: 16654560 | X79: 343000 | Y79: 4053000 | Z79: =ROUND((W79+X79+Y79)*10%,-1) -> 2105060 | AA79: =ROUND((W79+X79+Y79+Z79)*7%,-1) -> 1620890 | AB79: =W79+X79+Y79+Z79+AA79 -> 24776510 | AC79: =AB79*F79 -> 24776510 | AD79: =AB79*R79 -> 24776510
A80: =A79+1 -> 56 | B80: QUẠT CẤP GIÓ TƯƠI TẦNG 5 | C80: Cái | D80: 1 | E80: 1 | F80: =E80 -> 1 | G80: T5/SF-01 | H80: 2200 | I80: 300 | J80: Axial Fan/In-Line Fan/ Cabinet Fan | K80: 55 | L80: 1.1 | M80: 380/3/50 | N80: ≤ 65 dBA | O80: ≥ 50 % | P80: ≤ 1450 rpm | R80: 1 | S80: Quạt ly tâm dạng hộp độ ồn thấp | T80: VNS-VF-355SI | U80: TH VINASUN | V80: Việt Nam | W80: 8383380 | X80: 173000 | Y80: 892500 | Z80: =ROUND((W80+X80+Y80)*10%,-1) -> 944890 | AA80: =ROUND((W80+X80+Y80+Z80)*7%,-1) -> 727560 | AB80: =W80+X80+Y80+Z80+AA80 -> 11121330 | AC80: =AB80*F80 -> 11121330 | AD80: =AB80*R80 -> 11121330
A81: =A80+1 -> 57 | B81: QUẠT CẤP GIÓ TƯƠI TẦNG 5 | C81: Cái | D81: 1 | E81: 1 | F81: =E81 -> 1 | G81: T5/SF-02 | H81: 4500 | I81: 300 | J81: Axial Fan/In-Line Fan/ Cabinet Fan | K81: 55 | L81: 1.5 | M81: 380/3/50 | N81: ≤ 65 dBA | O81: ≥ 50 % | R81: 1 | S81: Quạt ly tâm dạng hộp độ ồn thấp, ĐC IE3 | T81: VNS-VF-380S Động cơ ATT IE3 | U81: TH VINASUN | V81: Việt Nam | W81: 18469140 | X81: 380000 | Y81: 4053000 | Z81: =ROUND((W81+X81+Y81)*10%,-1) -> 2290210 | AA81: =ROUND((W81+X81+Y81+Z81)*7%,-1) -> 1763460 | AB81: =W81+X81+Y81+Z81+AA81 -> 26955810 | AC81: =AB81*F81 -> 26955810 | AD81: =AB81*R81 -> 26955810
A82: =A81+1 -> 58 | B82: QUẠT CẤP GIÓ TƯƠI TẦNG 5 | C82: Cái | D82: 1 | E82: 1 | F82: =E82 -> 1 | G82: T5/SF-03 | H82: 6500 | I82: 300 | J82: Axial Fan/In-Line Fan/ Cabinet Fan | K82: 55 | L82: 1.5 | M82: 380/3/50 | N82: ≤ 65 dBA | O82: ≥ 50 % | R82: 1 | S82: Quạt hướng trục | T82: VNS-AF5-5T động cơ ATT IE3 | U82: TH VINASUN | V82: Việt Nam | W82: 12872400 | X82: 265000 | Y82: 4053000 | Z82: =ROUND((W82+X82+Y82)*10%,-1) -> 1719040 | AA82: =ROUND((W82+X82+Y82+Z82)*7%,-1) -> 1323660 | AB82: =W82+X82+Y82+Z82+AA82 -> 20233100 | AC82: =AB82*F82 -> 20233100 | AD82: =AB82*R82 -> 20233100
A83: =A82+1 -> 59 | B83: QUẠT CẤP GIÓ TƯƠI TẦNG 5 | C83: Cái | D83: 2 | E83: 2 | F83: =E83 -> 2 | G83: T5/SF-04,05 | H83: 4000 | I83: 300 | J83: Axial Fan/In-Line Fan/ Cabinet Fan | K83: 55 | L83: 1.5 | M83: 380/3/50 | N83: ≤ 65 dBA | O83: ≥ 50 % | R83: 2 | S83: Quạt ly tâm dạng hộp độ ồn thấp, ĐC IE3 | T83: VNS-VF-380S Động cơ ATT IE3 | U83: TH VINASUN | V83: Việt Nam | W83: 18469140 | X83: 380000 | Y83: 4053000 | Z83: =ROUND((W83+X83+Y83)*10%,-1) -> 2290210 | AA83: =ROUND((W83+X83+Y83+Z83)*7%,-1) -> 1763460 | AB83: =W83+X83+Y83+Z83+AA83 -> 26955810 | AC83: =AB83*F83 -> 53911620 | AD83: =AB83*R83 -> 53911620
A84: =A83+1 -> 60 | B84: QUẠT CẤP GIÓ TƯƠI BẾP TẦNG 5 | C84: Cái | D84: 1 | E84: 1 | F84: =E84 -> 1 | G84: T5/SF-06 | H84: 26000 | I84: 300 | J84: Axial Fan/In-Line Fan/ Cabinet Fan | K84: 55 | L84: 15 | M84: 380/3/50 | N84: ≤ 65 dBA | O84: ≥ 50 % | R84: 1 | S84: Quạt hướng trục | T84: VNS-AF5-7T Động cơ ATT IE3 | U84: TH VINASUN | V84: Việt Nam | W84: 30509220 | X84: 628000 | Y84: 4053000 | Z84: =ROUND((W84+X84+Y84)*10%,-1) -> 3519020 | AA84: =ROUND((W84+X84+Y84+Z84)*7%,-1) -> 2709650 | AB84: =W84+X84+Y84+Z84+AA84 -> 41418890 | AC84: =AB84*F84 -> 41418890 | AD84: =AB84*R84 -> 41418890
B85: Tầng 23
A86: 61 | B86: QUẠT HÚT PHÒNG KT | C86: Cái | D86: 1 | E86: 1 | F86: =E86 -> 1 | G86: T23/EF-01 | H86: 650 | I86: 25 | J86: Fan wall mounted | K86: 55 | L86: 0.37 | M86: 220/1/50 | N86: ≤ 65 dBA | O86: ≥ 50 % | P86: ≤ 1450 rpm | R86: 1 | S86: Quạt gắn tường | T86: VNS-AV6-25 | U86: TH VINASUN | V86: Việt Nam | W86: 479400 | X86: 42000 | Y86: 714000 | Z86: =ROUND((W86+X86+Y86)*10%,-1) -> 123540 | AA86: =ROUND((W86+X86+Y86+Z86)*7%,-1) -> 95130 | AB86: =W86+X86+Y86+Z86+AA86 -> 1454070 | AC86: =AB86*F86 -> 1454070 | AD86: =AB86*R86 -> 1454070
A87: 62 | B87: QUẠT CẤP KHÍ TƯƠI CF | C87: Cái | D87: 1 | E87: 1 | F87: =E87 -> 1 | G87: T23/SF-01 | H87: 700 | I87: 150 | J87: Axial Fan/In-Line Fan/ Cabinet Fan | K87: 55 | L87: 0.37 | M87: 220/1/50 | N87: ≤ 65 dBA | O87: ≥ 50 % | R87: 1 | S87: Quạt hướng trục, miệng ống phi 195, độ ồn 43Db | T87: VNS-DP200 | U87: TH VINASUN | V87: Việt Nam | W87: 2269500 | X87: 84000 | Y87: 892500 | Z87: =ROUND((W87+X87+Y87)*10%,-1) -> 324600 | AA87: =ROUND((W87+X87+Y87+Z87)*7%,-1) -> 249940 | AB87: =W87+X87+Y87+Z87+AA87 -> 3820540 | AC87: =AB87*F87 -> 3820540 | AD87: =AB87*R87 -> 3820540
A88: 63 | B88: QUẠT HÚT WC | C88: Cái | D88: 3 | E88: 3 | F88: =E88 -> 3 | G88: T23/EF-02,03,04 | H88: 100 | I88: 50 | J88: Fan ceiling | K88: 55 | L88: 0.03 | M88: 220/1/50 | N88: ≤ 65 dBA | O88: ≥ 50 % | R88: 3 | S88: Quạt gắn trần | T88: VNS-10-11 | U88: TH VINASUN | V88: Việt Nam | W88: 1197480 | X88: 53000 | Y88: 714000 | Z88: =ROUND((W88+X88+Y88)*10%,-1) -> 196450 | AA88: =ROUND((W88+X88+Y88+Z88)*7%,-1) -> 151270 | AB88: =W88+X88+Y88+Z88+AA88 -> 2312200 | AC88: =AB88*F88 -> 6936600 | AD88: =AB88*R88 -> 6936600
B89: Tầng 24
A90: 64 | B90: QUẠT HÚT PHÒNG KTTM | C90: Cái | D90: 1 | E90: 1 | F90: =E90 -> 1 | G90: T24/EF-01 | H90: 3500 | I90: 50 | J90: Fan wall mounted | K90: 55 | L90: 0.75 | M90: 220/1/50 | N90: ≤ 65 dBA | O90: ≥ 50 % | P90: ≤ 1450 rpm | R90: 1 | S90: Quạt hướng trục vuông, kt 400x400x320mm | T90: VNS-AF9-4T | U90: TH VINASUN | V90: Việt Nam | W90: 3908640 | X90: 105000 | Y90: 892500 | Z90: =ROUND((W90+X90+Y90)*10%,-1) -> 490610 | AA90: =ROUND((W90+X90+Y90+Z90)*7%,-1) -> 377770 | AB90: =W90+X90+Y90+Z90+AA90 -> 5774520 | AC90: =AB90*F90 -> 5774520 | AD90: =AB90*R90 -> 5774520
B91: Tầng 25
A92: 65 | B92: QUẠT HÚT MÙI PHÒNG RÁC | C92: Cái | D92: 2 | E92: 2 | F92: =E92 -> 2 | G92: B-T24/EF-1.01,1.02 | H92: 7000 | I92: 450 | J92: Centrifugal Fan | K92: 55 | L92: 3.7 | M92: 220/1/50 | N92: ≤ 65 dBA | O92: ≥ 50 % | P92: ≤ 1450 rpm | R92: 2 | S92: Quạt ly tâm | T92: VNS-FPC-450T động cơ ATT IE3 | U92: TH VINASUN | V92: Việt Nam | W92: 17977500 | X92: 370000 | Y92: 4042500 | Z92: =ROUND((W92+X92+Y92)*10%,-1) -> 2239000 | AA92: =ROUND((W92+X92+Y92+Z92)*7%,-1) -> 1724030 | AB92: =W92+X92+Y92+Z92+AA92 -> 26353030 | AC92: =AB92*F92 -> 52706060 | AD92: =AB92*R92 -> 52706060
B93: Tầng Tum
A94: 66 | B94: QUẠT HÚT PHÒNG KT1 | C94: Cái | D94: 1 | E94: 1 | F94: =E94 -> 1 | G94: TT/EF-01 | H94: 1200 | I94: 50 | J94: Fan wall mounted | K94: 55 | L94: 0.37 | M94: 220/1/50 | N94: ≤ 65 dBA | O94: ≥ 50 % | P94: ≤ 1450 rpm | R94: 1 | S94: Quạt gắn tường | T94: VNS-AV6-30 | U94: TH VINASUN | V94: Việt Nam | W94: 613020 | X94: 63000 | Y94: 714000 | Z94: =ROUND((W94+X94+Y94)*10%,-1) -> 139000 | AA94: =ROUND((W94+X94+Y94+Z94)*7%,-1) -> 107030 | AB94: =W94+X94+Y94+Z94+AA94 -> 1636050 | AC94: =AB94*F94 -> 1636050 | AD94: =AB94*R94 -> 1636050
A95: 67 | B95: QUẠT HÚT PHÒNG KT2 | C95: Cái | D95: 1 | E95: 1 | F95: =E95 -> 1 | G95: TT/EF-02 | H95: 2200 | I95: 50 | J95: Fan wall mounted | K95: 55 | L95: 0.37 | M95: 220/1/50 | N95: ≤ 65 dBA | O95: ≥ 50 % | R95: 1 | S95: Quạt hướng trục vuông, kt 400x400x320mm | T95: VNS-AF9-4T | U95: TH VINASUN | V95: Việt Nam | W95: 3908640 | X95: 105000 | Y95: 892500 | Z95: =ROUND((W95+X95+Y95)*10%,-1) -> 490610 | AA95: =ROUND((W95+X95+Y95+Z95)*7%,-1) -> 377770 | AB95: =W95+X95+Y95+Z95+AA95 -> 5774520 | AC95: =AB95*F95 -> 5774520 | AD95: =AB95*R95 -> 5774520
A96: 68 | B96: QUẠT HÚT PHÒNG KTTM | C96: Cái | D96: 2 | E96: 2 | F96: =E96 -> 2 | G96: TT/EF-03,04 | H96: 3500 | I96: 50 | J96: Fan wall mounted | K96: 55 | L96: 0.55 | M96: 220/1/50 | N96: ≤ 65 dBA | O96: ≥ 50 % | R96: 2 | S96: Quạt hướng trục vuông, kt 400x400x320mm | T96: VNS-AF9-4T | U96: TH VINASUN | V96: Việt Nam | W96: 3908640 | X96: 105000 | Y96: 892500 | Z96: =ROUND((W96+X96+Y96)*10%,-1) -> 490610 | AA96: =ROUND((W96+X96+Y96+Z96)*7%,-1) -> 377770 | AB96: =W96+X96+Y96+Z96+AA96 -> 5774520 | AC96: =AB96*F96 -> 11549040 | AD96: =AB96*R96 -> 11549040
A97: 69 | B97: QUẠT HÚT MÙI BẾP THƯƠNG MẠI T5 | C97: Cái | D97: 2 | E97: 2 | F97: =E97 -> 2 | G97: A-TT/KEF-01,01,1 | H97: 30000 | I97: 550 | J97: Centrifugal Fan | K97: 55 | L97: 15 | M97: 380/3/50 | N97: ≤ 65 dBA | O97: ≥ 50 % | R97: 2 | S97: Quạt ly tâm | T97: VNS-FPC-820T động cơ ATT IE3 | U97: TH VINASUN | V97: Việt Nam | W97: 57299520 | X97: 1180000 | Y97: 5040000 | Z97: =ROUND((W97+X97+Y97)*10%,-1) -> 6351950 | AA97: =ROUND((W97+X97+Y97+Z97)*7%,-1) -> 4891000 | AB97: =W97+X97+Y97+Z97+AA97 -> 74762470 | AC97: =AB97*F97 -> 149524940 | AD97: =AB97*R97 -> 149524940
B98: Tầng Mái
A99: 70 | B99: QUẠT HÚT MÙI BẾP ẨM THỰC T3 | C99: Cái | D99: 2 | E99: 2 | F99: =E99 -> 2 | G99: A-TM/KEF-01,01,1 | H99: 50000 | I99: 600 | J99: Centrifugal Fan | K99: 55 | L99: 22 | M99: 380/3/50 | N99: ≤ 65 dBA | O99: ≥ 50 % | R99: 2 | S99: Quạt ly tâm | T99: VNS-CF1-9T động cơ ATT IE3 | U99: TH VINASUN | V99: Việt Nam | W99: 73474680 | X99: 1513000 | Y99: 8925000 | Z99: =ROUND((W99+X99+Y99)*10%,-1) -> 8391270 | AA99: =ROUND((W99+X99+Y99+Z99)*7%,-1) -> 6461280 | AB99: =W99+X99+Y99+Z99+AA99 -> 98765230 | AC99: =AB99*F99 -> 197530460 | AD99: =AB99*R99 -> 197530460
A100: 71 | B100: QUẠT HÚT MÙI PHÒNG RÁC | C100: Cái | D100: 2 | E100: 2 | F100: =E100 -> 2 | G100: A-TM/EF-01 | H100: 4500 | I100: 400 | J100: Centrifugal Fan | K100: 55 | L100: 4 | M100: 380/3/50 | N100: ≤ 65 dBA | O100: ≥ 50 % | R100: 2 | S100: Quạt ly tâm | T100: VNS-FPC-450T động cơ ATT IE3 | U100: TH VINASUN | V100: Việt Nam | W100: 17977500 | X100: 370000 | Y100: 4042500 | Z100: =ROUND((W100+X100+Y100)*10%,-1) -> 2239000 | AA100: =ROUND((W100+X100+Y100+Z100)*7%,-1) -> 1724030 | AB100: =W100+X100+Y100+Z100+AA100 -> 26353030 | AC100: =AB100*F100 -> 52706060 | AD100: =AB100*R100 -> 52706060
A101: II | B101: QUẠT TĂNG ÁP - HÚT KHÓI TẦNG HẦM - MÁI
...

Sheet 4.3 DHKK & TG
A1: Dự án: TOÀ NHÀ HỖN HỢP HACOM MALL
A2: Gói thầu: CUNG CẤP VTTB VÀ THI CÔNG LẮP ĐẶT HỆ THỐNG CƠ ĐIỆN
A3: Hạng mục: HỆ THỐNG HVAC
A5: KHỐI LƯỢNG MỜI THẦU | F5: LIÊN DANH CÔNG TY TNHH VĂN LANG VÀ CÔNG TY TNHH XÂY DỰNG CƠ ĐIỆN TRÍ TRUNG
A6: STT | B6: Diễn giải | C6: Đơn vị | D6: KL Mời thầu Lần 2 | E6: GHI CHÚ | F6: KL Nhà thầu chào | G6: THÔNG TIN VỀ VẬT LIỆU CHÍNH | K6: ĐƠN GIÁ (chưa bao gồm VAT) | Q6: Thành tiền BOQ | S6: Ghi chú
G7: Mô tả/ Quy cách | H7: Mã hiệu | I7: Thương hiệu | J7: Xuất xứ | K7: VL chính | L7: VL phụ | M7: NC&M | N7: CF quản lý | O7: Lợi nhuận | P7: ĐG tổng hợp | Q7: Thành tiền KLMT | R7: Thành tiền Nhà thầu chào
A8: 1 | B8: 2 | C8: 3 | D8: 4 | E8: 5 | F8: 6 | G8: 7 | H8: 8 | I8: 9 | J8: 10 | K8: 11 | L8: 12 | M8: 13 | N8: 14 | O8: 15 | P8: 16=11+12+13+14+15 | Q8: 17=4*16 | R8: 18=6*16 | S8: 19
A9: A | B9: ĐẦU MỤC CÔNG VIỆC THEO KLMT | Q9: =SUBTOTAL(9,Q11:Q1110) -> 4.6083875e+10 | R9: =SUBTOTAL(9,R11:R1110) -> 4.7235872e+10
B10: THIẾT BỊ & VẬT TƯ LẮP ĐẶT ĐIỀU HÒA KHÔNG KHÍ & THÔNG GIÓ PHẦN CHUNG
A11: A1 | B11: PHÂN VẬT TƯ LẮP ĐẶT ỐNG GIÓ
A12: I | B12: HỆ THỐNG THÔNG GIÓ SỰ CỐ
A13: 1. | B13: HỆ THỐNG THÔNG GIÓ HÚT TẦNG HẦM
A14: 1.1 | B14: Ống gió gió tôn tráng kẽm có giới hạn chịu lửa EI 60
B15: KT 600x300 | C15: M | D15: 87 | F15: 87 | G15: Cấu tạo gồm: Lớp tôn mạ kẽm Z08 + lớp tấm chống cháy SMD /Mgo | I15: Eusteel / Tân Thạnh Phát | J15: Việt Nam | K15: 706860 | L15: 22000 | M15: 480800 | N15: =ROUND((K15+L15+M15)*10%,-1) -> 120970 | O15: =ROUND((K15+L15+M15+N15)*7%,-1) -> 93140 | P15: =K15+L15+M15+N15+O15 -> 1423770 | Q15: =P15*D15 -> 123867990 | R15: =P15*F15 -> 123867990
B16: KT 900x300 | C16: M | D16: 112 | F16: 112 | G16: Cấu tạo gồm: Lớp tôn mạ kẽm Z08 + lớp tấm chống cháy SMD /Mgo | I16: Eusteel / Tân Thạnh Phát | J16: Việt Nam | K16: 942480 | L16: 29000 | M16: 641870 | N16: =ROUND((K16+L16+M16)*10%,-1) -> 161340 | O16: =ROUND((K16+L16+M16+N16)*7%,-1) -> 124230 | P16: =K16+L16+M16+N16+O16 -> 1898920 | Q16: =P16*D16 -> 212679040 | R16: =P16*F16 -> 212679040
B17: KT 1200x300 | C17: M | D17: 93 | F17: 93 | G17: Cấu tạo gồm: Lớp tôn mạ kẽm Z08 + lớp tấm chống cháy SMD /Mgo | I17: Eusteel / Tân Thạnh Phát | J17: Việt Nam | K17: 1178100 | L17: 36000 | M17: 802830 | N17: =ROUND((K17+L17+M17)*10%,-1) -> 201690 | O17: =ROUND((K17+L17+M17+N17)*7%,-1) -> 155300 | P17: =K17+L17+M17+N17+O17 -> 2373920 | Q17: =P17*D17 -> 220774560 | R17: =P17*F17 -> 220774560
B18: KT 1200x350 | C18: M | D18: 23 | F18: 23 | G18: Cấu tạo gồm: Lớp tôn mạ kẽm Z08 + lớp tấm chống cháy SMD /Mgo | I18: Eusteel / Tân Thạnh Phát | J18: Việt Nam | K18: 1217880 | L18: 37000 | M18: 830130 | N18: =ROUND((K18+L18+M18)*10%,-1) -> 208500 | O18: =ROUND((K18+L18+M18+N18)*7%,-1) -> 160550 | P18: =K18+L18+M18+N18+O18 -> 2454060 | Q18: =P18*D18 -> 56443380 | R18: =P18*F18 -> 56443380
B19: KT 1400x300 | C19: M | D19: 125 | F19: 125 | G19: Cấu tạo gồm: Lớp tôn mạ kẽm Z08 + lớp tấm chống cháy SMD /Mgo | I19: Eusteel / Tân Thạnh Phát | J19: Việt Nam | K19: 1335180 | L19: 41000 | M19: 909510 | N19: =ROUND((K19+L19+M19)*10%,-1) -> 228570 | O19: =ROUND((K19+L19+M19+N19)*7%,-1) -> 176000 | P19: =K19+L19+M19+N19+O19 -> 2690260 | Q19: =P19*D19 -> 336282500 | R19: =P19*F19 -> 336282500
B20: KT 1400x350 | C20: M | D20: 46 | F20: 46 | G20: Cấu tạo gồm: Lớp tôn mạ kẽm Z08 + lớp tấm chống cháy SMD /Mgo | I20: Eusteel / Tân Thạnh Phát | J20: Việt Nam | K20: 1374960 | L20: 42000 | M20: 936710 | N20: =ROUND((K20+L20+M20)*10%,-1) -> 235370 | O20: =ROUND((K20+L20+M20+N20)*7%,-1) -> 181230 | P20: =K20+L20+M20+N20+O20 -> 2770270 | Q20: =P20*D20 -> 127432420 | R20: =P20*F20 -> 127432420
B21: KT 1600x300 | C21: M | D21: 32 | F21: 32 | G21: Cấu tạo gồm: Lớp tôn mạ kẽm Z08 + lớp tấm chống cháy SMD /Mgo | I21: Eusteel / Tân Thạnh Phát | J21: Việt Nam | K21: 1492260 | L21: 46000 | M21: 1016090 | N21: =ROUND((K21+L21+M21)*10%,-1) -> 255440 | O21: =ROUND((K21+L21+M21+N21)*7%,-1) -> 196690 | P21: =K21+L21+M21+N21+O21 -> 3006480 | Q21: =P21*D21 -> 96207360 | R21: =P21*F21 -> 96207360
B22: KT 1600x350 | C22: M | D22: 16 | F22: 16 | G22: Cấu tạo gồm: Lớp tôn mạ kẽm Z08 + lớp tấm chống cháy SMD /Mgo | I22: Eusteel / Tân Thạnh Phát | J22: Việt Nam | K22: 1532040 | L22: 47000 | M22: 1043280 | N22: =ROUND((K22+L22+M22)*10%,-1) -> 262230 | O22: =ROUND((K22+L22+M22+N22)*7%,-1) -> 201920 | P22: =K22+L22+M22+N22+O22 -> 3086470 | Q22: =P22*D22 -> 49383520 | R22: =P22*F22 -> 49383520
B23: KT 1700x3200 | C23: M | D23: 7 | F23: 7 | G23: Cấu tạo gồm: Lớp tôn mạ kẽm Z08 + lớp tấm chống cháy SMD /Mgo | I23: Eusteel / Tân Thạnh Phát | J23: Việt Nam | K23: 3849480 | L23: 118000 | M23: 2621850 | N23: =ROUND((K23+L23+M23)*10%,-1) -> 658930 | O23: =ROUND((K23+L23+M23+N23)*7%,-1) -> 507380 | P23: =K23+L23+M23+N23+O23 -> 7755640 | Q23: =P23*D23 -> 54289480 | R23: =P23*F23 -> 54289480
B24: KT 1800x300 | C24: M | D24: 7 | F24: 7 | G24: Cấu tạo gồm: Lớp tôn mạ kẽm Z08 + lớp tấm chống cháy SMD /Mgo | I24: Eusteel / Tân Thạnh Phát | J24: Việt Nam | K24: 1649340 | L24: 50000 | M24: 1124970 | N24: =ROUND((K24+L24+M24)*10%,-1) -> 282430 | O24: =ROUND((K24+L24+M24+N24)*7%,-1) -> 217470 | P24: =K24+L24+M24+N24+O24 -> 3324210 | Q24: =P24*D24 -> 23269470 | R24: =P24*F24 -> 23269470
B25: KT 1800x350 | C25: M | D25: 58 | F25: 58 | G25: Cấu tạo gồm: Lớp tôn mạ kẽm Z08 + lớp tấm chống cháy SMD /Mgo | I25: Eusteel / Tân Thạnh Phát | J25: Việt Nam | K25: 1689120 | L25: 52000 | M25: 1149860 | N25: =ROUND((K25+L25+M25)*10%,-1) -> 289100 | O25: =ROUND((K25+L25+M25+N25)*7%,-1) -> 222610 | P25: =K25+L25+M25+N25+O25 -> 3402690 | Q25: =P25*D25 -> 197356020 | R25: =P25*F25 -> 197356020
B26: KT 2500x1000 | C26: M | D26: 9 | F26: 9 | G26: Cấu tạo gồm: Lớp tôn mạ kẽm Z08 + lớp tấm chống cháy SMD /Mgo | I26: Eusteel / Tân Thạnh Phát | J26: Việt Nam | K26: 2749920 | L26: 84000 | M26: 1873410 | N26: =ROUND((K26+L26+M26)*10%,-1) -> 470730 | O26: =ROUND((K26+L26+M26+N26)*7%,-1) -> 362460 | P26: =K26+L26+M26+N26+O26 -> 5540520 | Q26: =P26*D26 -> 49864680 | R26: =P26*F26 -> 49864680
... B28: KT: 1100x600 | C28: m | D28: 4 | F28: 4 | G28: Cấu tạo gồm: Lớp tôn mạ kẽm Z08 + lớp tấm chống cháy SMD /Mgo | I28: Eusteel / Tân Thạnh Phát | J28: Việt Nam | K28: 1335180 | L28: 41000 | M28: 864150 | N28: =ROUND((K28+L28+M28)*10%,-1) -> 224030 | O28: =ROUND((K28+L28+M28+N28)*7%,-1) -> 172510 | P28: =K28+L28+M28+N28+O28 -> 2636870 | Q28: =P28*D28 -> 10547480 | R28: =P28*F28 -> 10547480
A29: 1.2 | B29: Cút 90 độ ống gió tôn tráng kẽm có giới hạn chịu lửa EI 60
B30: KT 1200x300 | C30: Cái | D30: 4 | F30: 4 | G30: Cấu tạo gồm: Lớp tôn mạ kẽm Z08 + lớp tấm chống cháy SMD /Mgo | I30: Eusteel / Tân Thạnh Phát | J30: Việt Nam | K30: 3331320 | L30: 102000 | M30: 673580 | N30: =ROUND((K30+L30+M30)*10%,-1) -> 410690 | O30: =ROUND((K30+L30+M30+N30)*7%,-1) -> 316230 | P30: =K30+L30+M30+N30+O30 -> 4833820 | Q30: =P30*D30 -> 19335280 | R30: =P30*F30 -> 19335280
B31: KT 1200x350 | C31: Cái | D31: 2 | F31: 3 | G31: Cấu tạo gồm: Lớp tôn mạ kẽm Z08 + lớp tấm chống cháy SMD /Mgo | I31: Eusteel / Tân Thạnh Phát | J31: Việt Nam | K31: 3443520 | L31: 105000 | M31: 696260 | N31: =ROUND((K31+L31+M31)*10%,-1) -> 424480 | O31: =ROUND((K31+L31+M31+N31)*7%,-1) -> 326850 | P31: =K31+L31+M31+N31+O31 -> 4996110 | Q31: =P31*D31 -> 9992220 | R31: =P31*F31 -> 14988330
B32: KT 1400x300 | C32: Cái | D32: 4 | F32: 4 | G32: Cấu tạo gồm: Lớp tôn mạ kẽm Z08 + lớp tấm chống cháy SMD /Mgo | I32: Eusteel / Tân Thạnh Phát | J32: Việt Nam | K32: 4406400 | L32: 135000 | M32: 890190 | N32: =ROUND((K32+L32+M32)*10%,-1) -> 543160 | O32: =ROUND((K32+L32+M32+N32)*7%,-1) -> 418230 | P32: =K32+L32+M32+N32+O32 -> 6392980 | Q32: =P32*D32 -> 25571920 | R32: =P32*F32 -> 25571920
B33: KT: 1800x350 | C33: Cái | D33: 5 | F33: 5 | G33: Cấu tạo gồm: Lớp tôn mạ kẽm Z08 + lớp tấm chống cháy SMD /Mgo | I33: Eusteel / Tân Thạnh Phát | J33: Việt Nam | K33: 7164480 | L33: 219000 | M33: 1448160 | N33: =ROUND((K33+L33+M33)*10%,-1) -> 883160 | O33: =ROUND((K33+L33+M33+N33)*7%,-1) -> 680040 | P33: =K33+L33+M33+N33+O33 -> 10394840 | Q33: =P33*D33 -> 51974200 | R33: =P33*F33 -> 51974200
B34: KT: 900x300 | C34: Cái | D34: 2 | F34: 4 | G34: Cấu tạo gồm: Lớp tôn mạ kẽm Z08 + lớp tấm chống cháy SMD /Mgo | I34: Eusteel / Tân Thạnh Phát | J34: Việt Nam | K34: 1999200 | L34: 61000 | M34: 403730 | N34: =ROUND((K34+L34+M34)*10%,-1) -> 246390 | O34: =ROUND((K34+L34+M34+N34)*7%,-1) -> 189720 | P34: =K34+L34+M34+N34+O34 -> 2900040 | Q34: =P34*D34 -> 5800080 | R34: =P34*F34 -> 11600160
B35: KT: 1600x350 | C35: Cái | D35: 2 | F35: 2 | G35: Cấu tạo gồm: Lớp tôn mạ kẽm Z08 + lớp tấm chống cháy SMD /Mgo | I35: Eusteel / Tân Thạnh Phát | J35: Việt Nam | K35: 5775240 | L35: 176000 | M35: 1166870 | N35: =ROUND((K35+L35+M35)*10%,-1) -> 711810 | O35: =ROUND((K35+L35+M35+N35)*7%,-1) -> 548090 | P35: =K35+L35+M35+N35+O35 -> 8378010 | Q35: =P35*D35 -> 16756020 | R35: =P35*F35 -> 16756020
B36: KT: 1800x300 | C36: Cái | D36: 1 | F36: 1 | G36: Cấu tạo gồm: Lớp tôn mạ kẽm Z08 + lớp tấm chống cháy SMD /Mgo | I36: Eusteel / Tân Thạnh Phát | J36: Việt Nam | K36: 6997200 | L36: 214000 | M36: 1414140 | N36: =ROUND((K36+L36+M36)*10%,-1) -> 862530 | O36: =ROUND((K36+L36+M36+N36)*7%,-1) -> 664150 | P36: =K36+L36+M36+N36+O36 -> 10152020 | Q36: =P36*D36 -> 10152020 | R36: =P36*F36 -> 10152020
A37: 1.3 | B37: Côn thu ống gió tôn tráng kẽm có giới hạn chịu lửa EI 60
B38: KT 900x300/600x300 | C38: Cái | D38: 4 | F38: 4 | G38: Cấu tạo gồm: Lớp tôn mạ kẽm Z08 + lớp tấm chống cháy SMD /Mgo | I38: Eusteel / Tân Thạnh Phát | J38: Việt Nam | K38: 523260 | L38: 16000 | M38: 105420 | N38: =ROUND((K38+L38+M38)*10%,-1) -> 64470 | O38: =ROUND((K38+L38+M38+N38)*7%,-1) -> 49640 | P38: =K38+L38+M38+N38+O38 -> 758790 | Q38: =P38*D38 -> 3035160 | R38: =P38*F38 -> 3035160
B39: KT 1200x300/900x300 | C39: Cái | D39: 4 | F39: 4 | G39: Cấu tạo gồm: Lớp tôn mạ kẽm Z08 + lớp tấm chống cháy SMD /Mgo | I39: Eusteel / Tân Thạnh Phát | J39: Việt Nam | K39: 1064880 | L39: 33000 | M39: 215460 | N39: =ROUND((K39+L39+M39)*10%,-1) -> 131330 | O39: =ROUND((K39+L39+M39+N39)*7%,-1) -> 101130 | P39: =K39+L39+M39+N39+O39 -> 1545800 | Q39: =P39*D39 -> 6183200 | R39: =P39*F39 -> 6183200
B40: KT 1200x300/1200x200 | C40: Cái | D40: 0 | F40: 0 | G40: Cấu tạo gồm: Lớp tôn mạ kẽm Z08 + lớp tấm chống cháy SMD /Mgo | I40: Eusteel / Tân Thạnh Phát | J40: Việt Nam | K40: 1141380 | L40: 35000 | M40: 230160 | N40: =ROUND((K40+L40+M40)*10%,-1) -> 140650 | O40: =ROUND((K40+L40+M40+N40)*7%,-1) -> 108300 | P40: =K40+L40+M40+N40+O40 -> 1655490 | Q40: =P40*D40 -> 0 | R40: =P40*F40 -> 0
B41: KT 1200x350/900x300 | C41: Cái | D41: 1 | F41: 1 | G41: Cấu tạo gồm: Lớp tôn mạ kẽm Z08 + lớp tấm chống cháy SMD /Mgo | I41: Eusteel / Tân Thạnh Phát | J41: Việt Nam | K41: 1085280 | L41: 33000 | M41: 218820 | N41: =ROUND((K41+L41+M41)*10%,-1) -> 133710 | O41: =ROUND((K41+L41+M41+N41)*7%,-1) -> 102960 | P41: =K41+L41+M41+N41+O41 -> 1573770 | Q41: =P41*D41 -> 1573770 | R41: =P41*F41 -> 1573770
B42: KT 1400x300/900x300 | C42: Cái | D42: 3 | F42: 3 | G42: Cấu tạo gồm: Lớp tôn mạ kẽm Z08 + lớp tấm chống cháy SMD /Mgo | I42: Eusteel / Tân Thạnh Phát | J42: Việt Nam | K42: 1151580 | L42: 35000 | M42: 232470 | N42: =ROUND((K42+L42+M42)*10%,-1) -> 141910 | O42: =ROUND((K42+L42+M42+N42)*7%,-1) -> 109270 | P42: =K42+L42+M42+N42+O42 -> 1670230 | Q42: =P42*D42 -> 5010690 | R42: =P42*F42 -> 5010690
B43: KT 1400x300/1200x300 | C43: Cái | D43: 1 | F43: 1 | G43: Cấu tạo gồm: Lớp tôn mạ kẽm Z08 + lớp tấm chống cháy SMD /Mgo | I43: Eusteel / Tân Thạnh Phát | J43: Việt Nam | K43: 1258680 | L43: 38000 | M43: 254000 | N43: =ROUND((K43+L43+M43)*10%,-1) -> 155070 | O43: =ROUND((K43+L43+M43+N43)*7%,-1) -> 119400 | P43: =K43+L43+M43+N43+O43 -> 1825150 | Q43: =P43*D43 -> 1825150 | R43: =P43*F43 -> 1825150
B44: KT 1400x350/1200x300 | C44: Cái | D44: 1 | F44: 1 | G44: Cấu tạo gồm: Lớp tôn mạ kẽm Z08 + lớp tấm chống cháy SMD /Mgo | I44: Eusteel / Tân Thạnh Phát | J44: Việt Nam | K44: 1279080 | L44: 39000 | M44: 258510 | N44: =ROUND((K44+L44+M44)*10%,-1) -> 157660 | O44: =ROUND((K44+L44+M44+N44)*7%,-1) -> 121400 | P44: =K44+L44+M44+N44+O44 -> 1855650 | Q44: =P44*D44 -> 1855650 | R44: =P44*F44 -> 1855650
B45: KT 1400x350/1200x350 | C45: Cái | D45: 1 | F45: 1 | G45: Cấu tạo gồm: Lớp tôn mạ kẽm Z08 + lớp tấm chống cháy SMD /Mgo | I45: Eusteel / Tân Thạnh Phát | J45: Việt Nam | K45: 1298460 | L45: 40000 | M45: 261980 | N45: =ROUND((K45+L45+M45)*10%,-1) -> 160040 | O45: =ROUND((K45+L45+M45+N45)*7%,-1) -> 123230 | P45: =K45+L45+M45+N45+O45 -> 1883710 | Q45: =P45*D45 -> 1883710 | R45: =P45*F45 -> 1883710
B46: KT 1600x300/1400x300 | C46: Cái | D46: 2 | F46: 2 | G46: Cấu tạo gồm: Lớp tôn mạ kẽm Z08 + lớp tấm chống cháy SMD /Mgo | I46: Eusteel / Tân Thạnh Phát | J46: Việt Nam | K46: 1415760 | L46: 43000 | M46: 285810 | N46: =ROUND((K46+L46+M46)*10%,-1) -> 174460 | O46: =ROUND((K46+L46+M46+N46)*7%,-1) -> 134330 | P46: =K46+L46+M46+N46+O46 -> 2053360 | Q46: =P46*D46 -> 4106720 | R46: =P46*F46 -> 4106720
B47: KT 1600x350/1400x350 | C47: Cái | D47: 2 | F47: 2 | G47: Cấu tạo gồm: Lớp tôn mạ kẽm Z08 + lớp tấm chống cháy SMD /Mgo | I47: Eusteel / Tân Thạnh Phát | J47: Việt Nam | K47: 1455540 | L47: 44000 | M47: 293690 | N47: =ROUND((K47+L47+M47)*10%,-1) -> 179320 | O47: =ROUND((K47+L47+M47+N47)*7%,-1) -> 138080 | P47: =K47+L47+M47+N47+O47 -> 2110630 | Q47: =P47*D47 -> 4221260 | R47: =P47*F47 -> 4221260
B48: KT 1800x350/1400x300 | C48: Cái | D48: 2 | F48: 1 | G48: Cấu tạo gồm: Lớp tôn mạ kẽm Z08 + lớp tấm chống cháy SMD /Mgo | I48: Eusteel / Tân Thạnh Phát | J48: Việt Nam | K48: 1520820 | L48: 46000 | M48: 307340 | N48: =ROUND((K48+L48+M48)*10%,-1) -> 187420 | O48: =ROUND((K48+L48+M48+N48)*7%,-1) -> 144310 | P48: =K48+L48+M48+N48+O48 -> 2205890 | Q48: =P48*D48 -> 4411780 | R48: =P48*F48 -> 2205890
B49: KT: 1000x300/900x300 | C49: Cái | D49: 1 | F49: 1 | G49: Cấu tạo gồm: Lớp tôn mạ kẽm Z08 + lớp tấm chống cháy SMD /Mgo | I49: Eusteel / Tân Thạnh Phát | J49: Việt Nam | K49: 615060 | L49: 19000 | M49: 124740 | N49: =ROUND((K49+L49+M49)*10%,-1) -> 75880 | O49: =ROUND((K49+L49+M49+N49)*7%,-1) -> 58430 | P49: =K49+L49+M49+N49+O49 -> 893110 | Q49: =P49*D49 -> 893110 | R49: =P49*F49 -> 893110
... B53: KT: 2500x450/1000x1000 | C53: Cái | D53: 1 | F53: 1 | G53: Cấu tạo gồm: Lớp tôn mạ kẽm Z08 + lớp tấm chống cháy SMD /Mgo | I53: Eusteel / Tân Thạnh Phát | J53: Việt Nam | K53: 1687080 | L53: 52000 | M53: 341360 | N53: =ROUND((K53+L53+M53)*10%,-1) -> 208040 | O53: =ROUND((K53+L53+M53+N53)*7%,-1) -> 160190 | P53: =K53+L53+M53+N53+O53 -> 2448670 | Q53: =P53*D53 -> 2448670 | R53: =P53*F53 -> 2448670
A54: 1.4 | B54: Chạc ba ống gió tôn tráng kẽm có giới hạn chịu lửa EI 60
B55: KT 1400x300/900x300/600x300 | C55: Cái | D55: 2 | F55: 2 | G55: Cấu tạo gồm: Lớp tôn mạ kẽm Z08 + lớp tấm chống cháy SMD /Mgo | I55: Eusteel / Tân Thạnh Phát | J55: Việt Nam | K55: 4685880 | L55: 143000 | M55: 946890 | N55: =ROUND((K55+L55+M55)*10%,-1) -> 577580 | O55: =ROUND((K55+L55+M55+N55)*7%,-1) -> 444730 | P55: =K55+L55+M55+N55+O55 -> 6798080 | Q55: =P55*D55 -> 13596160 | R55: =P55*F55 -> 13596160
B56: KT 1400x300/1200x300/600x300 | C56: Cái | D56: 2 | F56: 2 | G56: Cấu tạo gồm: Lớp tôn mạ kẽm Z08 + lớp tấm chống cháy SMD /Mgo | I56: Eusteel / Tân Thạnh Phát | J56: Việt Nam | K56: 4843980 | L56: 148000 | M56: 978600 | N56: =ROUND((K56+L56+M56)*10%,-1) -> 597060 | O56: =ROUND((K56+L56+M56+N56)*7%,-1) -> 459730 | P56: =K56+L56+M56+N56+O56 -> 7027370 | Q56: =P56*D56 -> 14054740 | R56: =P56*F56 -> 14054740
B57: KT 1800x350/1400x300/1200x300 | C57: Cái | D57: 2 | F57: 2 | G57: Cấu tạo gồm: Lớp tôn mạ kẽm Z08 + lớp tấm chống cháy SMD /Mgo | I57: Eusteel / Tân Thạnh Phát | J57: Việt Nam | K57: 9395220 | L57: 287000 | M57: 1899450 | N57: =ROUND((K57+L57+M57)*10%,-1) -> 1158170 | O57: =ROUND((K57+L57+M57+N57)*7%,-1) -> 891790 | P57: =K57+L57+M57+N57+O57 -> 13631630 | Q57: =P57*D57 -> 27263260 | R57: =P57*F57 -> 27263260
B58: KT 2500x450/1800x300/1600x300 | C58: Cái | D58: 1 | F58: 1 | G58: Cấu tạo gồm: Lớp tôn mạ kẽm Z08 + lớp tấm chống cháy SMD /Mgo | I58: Eusteel / Tân Thạnh Phát | J58: Việt Nam | K58: 17234940 | L58: 526000 | M58: 3483690 | N58: =ROUND((K58+L58+M58)*10%,-1) -> 2124460 | O58: =ROUND((K58+L58+M58+N58)*7%,-1) -> 1635840 | P58: =K58+L58+M58+N58+O58 -> 25004930 | Q58: =P58*D58 -> 25004930 | R58: =P58*F58 -> 25004930
A59: 1.5 | B59: Cửa gió hút khói nhôm sơn tĩnh điện
B60: KT 1000x300+Van điều chỉnh lưu lượng OBD | C60: Cái | D60: 123 | F60: 123 | I60: Eusteel / Tân Thạnh Phát | J60: Việt Nam | K60: 476340 | L60: 14000 | M60: 437750 | N60: =ROUND((K60+L60+M60)*10%,-1) -> 92810 | O60: =ROUND((K60+L60+M60+N60)*7%,-1) -> 71460 | P60: =K60+L60+M60+N60+O60 -> 1092360 | Q60: =P60*D60 -> 134360280 | R60: =P60*F60 -> 134360280
A61: 1.6 | B61: Gót miệng gió tôn tráng kẽm có giới hạn chịu lửa EI 60 | C61: 0
B62: KT: 1000x300/1000x300 | C62: Cái | D62: 123 | F62: 123 | G62: Cấu tạo gồm: Lớp tôn mạ kẽm Z08 + lớp tấm chống cháy SMD /Mgo | I62: Eusteel / Tân Thạnh Phát | J62: Việt Nam | K62: 282540 | L62: 9000 | M62: 56700 | N62: =ROUND((K62+L62+M62)*10%,-1) -> 34820 | O62: =ROUND((K62+L62+M62+N62)*7%,-1) -> 26810 | P62: =K62+L62+M62+N62+O62 -> 409870 | Q62: =P62*D62 -> 50414010 | R62: =P62*F62 -> 50414010
A63: 1.7 | B63: Lượn tôn tráng kẽm có giới hạn chịu lửa EI 60 | C63: 0
B64: KT: 300x900-lệch tâm 150mm | C64: Cái | D64: 1 | F64: 1 | G64: Cấu tạo gồm: Lớp tôn mạ kẽm Z08 + lớp tấm chống cháy SMD /Mgo | I64: Eusteel / Tân Thạnh Phát | J64: Việt Nam | K64: 834360 | L64: 25000 | M64: 168950 | N64: =ROUND((K64+L64+M64)*10%,-1) -> 102830 | O64: =ROUND((K64+L64+M64+N64)*7%,-1) -> 79180 | P64: =K64+L64+M64+N64+O64 -> 1210320 | Q64: =P64*D64 -> 1210320 | R64: =P64*F64 -> 1210320
B65: KT: 300x900-lệch tâm 300mm | C65: Cái | D65: 1 | F65: 1 | G65: Cấu tạo gồm: Lớp tôn mạ kẽm Z08 + lớp tấm chống cháy SMD /Mgo | I65: Eusteel / Tân Thạnh Phát | J65: Việt Nam | K65: 1006740 | L65: 31000 | M65: 202970 | N65: =ROUND((K65+L65+M65)*10%,-1) -> 124070 | O65: =ROUND((K65+L65+M65+N65)*7%,-1) -> 95530 | P65: =K65+L65+M65+N65+O65 -> 1460310 | Q65: =P65*D65 -> 1460310 | R65: =P65*F65 -> 1460310
B66: KT: 300x1600-lệch tâm 300mm | C66: Cái | D66: 1 | F66: 1 | G66: Cấu tạo gồm: Lớp tôn mạ kẽm Z08 + lớp tấm chống cháy SMD /Mgo | I66: Eusteel / Tân Thạnh Phát | J66: Việt Nam | K66: 2613240 | L66: 80000 | M66: 528470 | N66: =ROUND((K66+L66+M66)*10%,-1) -> 322170 | O66: =ROUND((K66+L66+M66+N66)*7%,-1) -> 248070 | P66: =K66+L66+M66+N66+O66 -> 3791950 | Q66: =P66*D66 -> 3791950 | R66: =P66*F66 -> 3791950
A67: 1.8 | B67: Van 1 chiều (NRD)
B68: KT 1800x350 | C68: Cái | D68: 1 | F68: 1 | G68: L=200 | I68: Eusteel / Tân Thạnh Phát | J68: Việt Nam | K68: 1318860 | L68: 40000 | M68: 532980 | N68: =ROUND((K68+L68+M68)*10%,-1) -> 189180 | O68: =ROUND((K68+L68+M68+N68)*7%,-1) -> 145670 | P68: =K68+L68+M68+N68+O68 -> 2226690 | Q68: =P68*D68 -> 2226690 | R68: =P68*F68 -> 2226690
B69: KT 1000x1000 | C69: Cái | D69: 1 | F69: 1 | G69: L=200 | I69: Eusteel / Tân Thạnh Phát | J69: Việt Nam | K69: 1290300 | L69: 39000 | M69: 426410 | N69: =ROUND((K69+L69+M69)*10%,-1) -> 175570 | O69: =ROUND((K69+L69+M69+N69)*7%,-1) -> 135190 | P69: =K69+L69+M69+N69+O69 -> 2066470 | Q69: =P69*D69 -> 2066470 | R69: =P69*F69 -> 2066470
B70: KT 1100x600 | C70: Cái | D70: 3 | F70: 3 | G70: L=200 | I70: Eusteel / Tân Thạnh Phát | J70: Việt Nam | K70: 1055700 | L70: 32000 | M70: 426410 | N70: =ROUND((K70+L70+M70)*10%,-1) -> 151410 | O70: =ROUND((K70+L70+M70+N70)*7%,-1) -> 116590 | P70: =K70+L70+M70+N70+O70 -> 1782110 | Q70: =P70*D70 -> 5346330 | R70: =P70*F70 -> 5346330
B71: KT: 1500x800 | C71: Cái | D71: 1 | F71: 1 | G71: L=200 | I71: Eusteel / Tân Thạnh Phát | J71: Việt Nam | K71: 1576920 | L71: 48000 | M71: 1118150 | N71: =ROUND((K71+L71+M71)*10%,-1) -> 274310 | O71: =ROUND((K71+L71+M71+N71)*7%,-1) -> 211220 | P71: =K71+L71+M71+N71+O71 -> 3228600 | Q71: =P71*D71 -> 3228600 | R71: =P71*F71 -> 3228600
A72: 1.9 | B72: Van chặn lửa kèm động cơ (MFD)
B73: KT 1800x350 | C73: Cái | D73: 1 | F73: 1 | G73: Van MFD L220, bọc EI60, động cơ NENUTEC NASA1-20, 20N.m/24V/230V, ON/OFF, thời gian đóng mở 20s | I73: Eusteel / Tân Thạnh Phát | J73: Việt Nam | K73: 16436280 | L73: 502000 | M73: 1118150 | N73: =ROUND((K73+L73+M73)*10%,-1) -> 1805640 | O73: =ROUND((K73+L73+M73+N73)*7%,-1) -> 1390340 | P73: =K73+L73+M73+N73+O73 -> 21252410 | Q73: =P73*D73 -> 21252410 | R73: =P73*F73 -> 21252410
B74: KT 1000x1000 | C74: Cái | D74: 1 | F74: 1 | G74: Van MFD L220, bọc EI60, động cơ NENUTEC NASA1-20, 20N.m/24V/230V, ON/OFF, thời gian đóng mở 20s | I74: Eusteel / Tân Thạnh Phát | J74: Việt Nam | K74: 27734820 | L74: 847000 | M74: 1701000 | N74: =ROUND((K74+L74+M74)*10%,-1) -> 3028280 | O74: =ROUND((K74+L74+M74+N74)*7%,-1) -> 2331780 | P74: =K74+L74+M74+N74+O74 -> 35642880 | Q74: =P74*D74 -> 35642880 | R74: =P74*F74 -> 35642880
B75: KT 1100x600 | C75: Cái | D75: 1 | F75: 1 | G75: Van MFD L220, bọc EI60, động cơ NENUTEC NASA1-20, 20N.m/24V/230V, ON/OFF, thời gian đóng mở 20s | I75: Eusteel / Tân Thạnh Phát | J75: Việt Nam | K75: 15439740 | L75: 472000 | M75: 1018290 | N75: =ROUND((K75+L75+M75)*10%,-1) -> 1693000 | O75: =ROUND((K75+L75+M75+N75)*7%,-1) -> 1303610 | P75: =K75+L75+M75+N75+O75 -> 19926640 | Q75: =P75*D75 -> 19926640 | R75: =P75*F75 -> 19926640
B76: KT 1200x1000 | C76: Cái | D76: 1 | F76: 1 | G76: Van MFD L220, bọc EI60, động cơ NENUTEC NASA1-20, 20N.m/24V/230V, ON/OFF, thời gian đóng mở 20s | I76: Eusteel / Tân Thạnh Phát | J76: Việt Nam | K76: 28585500 | L76: 873000 | M76: 1701000 | N76: =ROUND((K76+L76+M76)*10%,-1) -> 3115950 | O76: =ROUND((K76+L76+M76+N76)*7%,-1) -> 2399280 | P76: =K76+L76+M76+N76+O76 -> 36674730 | Q76: =P76*D76 -> 36674730 | R76: =P76*F76 -> 36674730
A77: 1.1 | B77: Van điều chỉnh lưu lượng bằng tay (VD)
B78: KT 1800x300 | C78: Cái | D78: 1 | F78: 1 | G78: L=200 | I78: Eusteel / Tân Thạnh Phát | J78: Việt Nam | K78: 1285200 | L78: 39000 | M78: 532980 | N78: =ROUND((K78+L78+M78)*10%,-1) -> 185720 | O78: =ROUND((K78+L78+M78+N78)*7%,-1) -> 143000 | P78: =K78+L78+M78+N78+O78 -> 2185900 | Q78: =P78*D78 -> 2185900 | R78: =P78*F78 -> 2185900
B79: KT 1600x350 | C79: Cái | D79: 2 | F79: 2 | G79: L=200 | I79: Eusteel / Tân Thạnh Phát | J79: Việt Nam | K79: 1181160 | L79: 36000 | M79: 532980 | N79: =ROUND((K79+L79+M79)*10%,-1) -> 175010 | O79: =ROUND((K79+L79+M79+N79)*7%,-1) -> 134760 | P79: =K79+L79+M79+N79+O79 -> 2059910 | Q79: =P79*D79 -> 4119820 | R79: =P79*F79 -> 4119820
B80: KT 1600x300 | C80: Cái | D80: 1 | F80: 1 | G80: L=200 | I80: Eusteel / Tân Thạnh Phát | J80: Việt Nam | K80: 1131180 | L80: 35000 | M80: 532980 | N80: =ROUND((K80+L80+M80)*10%,-1) -> 169920 | O80: =ROUND((K80+L80+M80+N80)*7%,-1) -> 130840 | P80: =K80+L80+M80+N80+O80 -> 1999920 | Q80: =P80*D80 -> 1999920 | R80: =P80*F80 -> 1999920
B81: KT 1400x300 | C81: Cái | D81: 2 | F81: 2 | G81: L=200 | I81: Eusteel / Tân Thạnh Phát | J81: Việt Nam | K81: 1012860 | L81: 31000 | M81: 532980 | N81: =ROUND((K81+L81+M81)*10%,-1) -> 157680 | O81: =ROUND((K81+L81+M81+N81)*7%,-1) -> 121420 | P81: =K81+L81+M81+N81+O81 -> 1855940 | Q81: =P81*D81 -> 3711880 | R81: =P81*F81 -> 3711880
B82: KT 1200x300 | C82: Cái | D82: 2 | F82: 2 | G82: L=200 | I82: Eusteel / Tân Thạnh Phát | J82: Việt Nam | K82: 895560 | L82: 27000 | M82: 532980 | N82: =ROUND((K82+L82+M82)*10%,-1) -> 145550 | O82: =ROUND((K82+L82+M82+N82)*7%,-1) -> 112080 | P82: =K82+L82+M82+N82+O82 -> 1713170 | Q82: =P82*D82 -> 3426340 | R82: =P82*F82 -> 3426340
B83: KT 600x300 | C83: Cái | D83: 3 | F83: 3 | G83: L=200 | I83: Eusteel / Tân Thạnh Phát | J83: Việt Nam | K83: 418200 | L83: 13000 | M83: 219980 | N83: =ROUND((K83+L83+M83)*10%,-1) -> 65120 | O83: =ROUND((K83+L83+M83+N83)*7%,-1) -> 50140 | P83: =K83+L83+M83+N83+O83 -> 766440 | Q83: =P83*D83 -> 2299320 | R83: =P83*F83 -> 2299320
A84: 1.11 | B84: Tiêu âm đường ống trước quạt bằng tôn soi lỗ dày 0.5mm + Vải thủy tinh + Rockwool dày 50-100mm, tỷ trọng 48kg/m3 (Chiều dày tiêu âm được điều chỉnh theo vật liệu được phê duyệt bởi CĐT)
B85: KT 1900x450,L1500 | C85: Cái | D85: 8 | E85: Kích thước tiêu âm là kích thước trong lòng ống gió | F85: 8 | G85: Tôn soi lỗ 0.38 - Bông khoáng 50mm - Tỷ trọng 50KG/m3 | I85: Eusteel / Tân Thạnh Phát | J85: Việt Nam | K85: 6775860 | L85: 207000 | M85: 1610280 | N85: =ROUND((K85+L85+M85)*10%,-1) -> 859310 | O85: =ROUND((K85+L85+M85+N85)*7%,-1) -> 661670 | P85: =K85+L85+M85+N85+O85 -> 10114120 | Q85: =P85*D85 -> 80912960 | R85: =P85*F85 -> 80912960
B86: KT 2600x550,L2000 | C86: Cái | D86: 4 | F86: 4 | G86: Tôn soi lỗ 0.38 - Bông khoáng 50mm - Tỷ trọng 50KG/m3 | I86: Eusteel / Tân Thạnh Phát | J86: Việt Nam | K86: 11867700 | L86: 362000 | M86: 2857680 | N86: =ROUND((K86+L86+M86)*10%,-1) -> 1508740 | O86: =ROUND((K86+L86+M86+N86)*7%,-1) -> 1161730 | P86: =K86+L86+M86+N86+O86 -> 17757850 | Q86: =P86*D86 -> 71031400 | R86: =P86*F86 -> 71031400
A87: 1.12 | B87: Khớp nối mềm chống cháy, kèm mặt bích | C87: Cái | D87: 12 | F87: 12 | G87: (bích TDC)- (May tôn 50mm) | J87: Việt Nam | K87: 607920 | L87: 18000 | M87: 238140 | N87: =ROUND((K87+L87+M87)*10%,-1) -> 86410 | O87: =ROUND((K87+L87+M87+N87)*7%,-1) -> 66530 | P87: =K87+L87+M87+N87+O87 -> 1017000 | Q87: =P87*D87 -> 12204000 | R87: =P87*F87 -> 12204000
A88: 2. | B88: HỆ THỐNG HÚT KHÓI CÁC KHÔNG GIAN CÔNG CỘNG CÓ DIỆN TÍCH LỚN HƠN 200M2
A89: 2.1 | B89: Ống gió gió tôn tráng kẽm có giới hạn chịu lửa EI 45
B90: KT 600x250 | C90: M | D90: 265 | F90: 265 | G90: Cấu tạo gồm: Lớp tôn mạ kẽm Z08 + lớp tấm chống cháy SMD /Mgo | I90: Eusteel / Tân Thạnh Phát | J90: Việt Nam | K90: 647700 | L90: 20000 | M90: 430920 | N90: =ROUND((K90+L90+M90)*10%,-1) -> 109860 | O90: =ROUND((K90+L90+M90+N90)*7%,-1) -> 84590 | P90: =K90+L90+M90+N90+O90 -> 1293070 | Q90: =P90*D90 -> 342663550 | R90: =P90*F90 -> 342663550
B91: KT 800x300 | C91: M | D91: 119 | F91: 119 | G91: Cấu tạo gồm: Lớp tôn mạ kẽm Z08 + lớp tấm chống cháy SMD /Mgo | I91: Eusteel / Tân Thạnh Phát | J91: Việt Nam | K91: 838440 | L91: 26000 | M91: 557970 | N91: =ROUND((K91+L91+M91)*10%,-1) -> 142240 | O91: =ROUND((K91+L91+M91+N91)*7%,-1) -> 109530 | P91: =K91+L91+M91+N91+O91 -> 1674180 | Q91: =P91*D91 -> 199227420 | R91: =P91*F91 -> 199227420
B92: KT 800x400 | C92: M | D92: 18 | F92: 18 | G92: Cấu tạo gồm: Lớp tôn mạ kẽm Z08 + lớp tấm chống cháy SMD /Mgo | I92: Eusteel / Tân Thạnh Phát | J92: Việt Nam | K92: 914940 | L92: 28000 | M92: 610050 | N92: =ROUND((K92+L92+M92)*10%,-1) -> 155300 | O92: =ROUND((K92+L92+M92+N92)*7%,-1) -> 119580 | P92: =K92+L92+M92+N92+O92 -> 1827870 | Q92: =P92*D92 -> 32901660 | R92: =P92*F92 -> 32901660
B93: KT 1000x300 | C93: M | D93: 47 | F93: 47 | G93: Cấu tạo gồm: Lớp tôn mạ kẽm Z08 + lớp tấm chống cháy SMD /Mgo | I93: Eusteel / Tân Thạnh Phát | J93: Việt Nam | K93: 990420 | L93: 30000 | M93: 660030 | N93: =ROUND((K93+L93+M93)*10%,-1) -> 168050 | O93: =ROUND((K93+L93+M93+N93)*7%,-1) -> 129400 | P93: =K93+L93+M93+N93+O93 -> 1977900 | Q93: =P93*D93 -> 92961300 | R93: =P93*F93 -> 92961300
B94: KT 1000x1000 | C94: M | D94: 2 | F94: 2 | G94: Cấu tạo gồm: Lớp tôn mạ kẽm Z08 + lớp tấm chống cháy SMD /Mgo | I94: Eusteel / Tân Thạnh Phát | J94: Việt Nam | K94: 1523880 | L94: 47000 | M94: 1016090 | N94: =ROUND((K94+L94+M94)*10%,-1) -> 258700 | O94: =ROUND((K94+L94+M94+N94)*7%,-1) -> 199200 | P94: =K94+L94+M94+N94+O94 -> 3044870 | Q94: =P94*D94 -> 6089740 | R94: =P94*F94 -> 6089740
B95: KT 1200x400 | C95: M | D95: 17 | F95: 17 | G95: Cấu tạo gồm: Lớp tôn mạ kẽm Z08 + lớp tấm chống cháy SMD /Mgo | I95: Eusteel / Tân Thạnh Phát | J95: Việt Nam | K95: 1218900 | L95: 37000 | M95: 811970 | N95: =ROUND((K95+L95+M95)*10%,-1) -> 206790 | O95: =ROUND((K95+L95+M95+N95)*7%,-1) -> 159230 | P95: =K95+L95+M95+N95+O95 -> 2433890 | Q95: =P95*D95 -> 41376130 | R95: =P95*F95 -> 41376130
B96: KT 1200x300 | C96: M | D96: 44 | F96: 44 | G96: Cấu tạo gồm: Lớp tôn mạ kẽm Z08 + lớp tấm chống cháy SMD /Mgo | I96: Eusteel / Tân Thạnh Phát | J96: Việt Nam | K96: 1142400 | L96: 35000 | M96: 762090 | N96: =ROUND((K96+L96+M96)*10%,-1) -> 193950 | O96: =ROUND((K96+L96+M96+N96)*7%,-1) -> 149340 | P96: =K96+L96+M96+N96+O96 -> 2282780 | Q96: =P96*D96 -> 100442320 | R96: =P96*F96 -> 100442320
B97: KT 1250x300 | C97: M | D97: 15 | F97: 15 | G97: Cấu tạo gồm: Lớp tôn mạ kẽm Z08 + lớp tấm chống cháy SMD /Mgo | I97: Eusteel / Tân Thạnh Phát | J97: Việt Nam | K97: 1180140 | L97: 36000 | M97: 786980 | N97: =ROUND((K97+L97+M97)*10%,-1) -> 200310 | O97: =ROUND((K97+L97+M97+N97)*7%,-1) -> 154240 | P97: =K97+L97+M97+N97+O97 -> 2357670 | Q97: =P97*D97 -> 35365050 | R97: =P97*F97 -> 35365050
B98: KT 1400x400 | C98: M | D98: 180 | F98: 180 | G98: Cấu tạo gồm: Lớp tôn mạ kẽm Z08 + lớp tấm chống cháy SMD /Mgo | I98: Eusteel / Tân Thạnh Phát | J98: Việt Nam | K98: 1370880 | L98: 42000 | M98: 914030 | N98: =ROUND((K98+L98+M98)*10%,-1) -> 232690 | O98: =ROUND((K98+L98+M98+N98)*7%,-1) -> 179170 | P98: =K98+L98+M98+N98+O98 -> 2738770 | Q98: =P98*D98 -> 492978600 | R98: =P98*F98 -> 492978600
B99: KT 1500x500 | C99: M | D99: 11 | F99: 11 | G99: Cấu tạo gồm: Lớp tôn mạ kẽm Z08 + lớp tấm chống cháy SMD /Mgo | I99: Eusteel / Tân Thạnh Phát | J99: Việt Nam | K99: 1523880 | L99: 47000 | M99: 1016090 | N99: =ROUND((K99+L99+M99)*10%,-1) -> 258700 | O99: =ROUND((K99+L99+M99+N99)*7%,-1) -> 199200 | P99: =K99+L99+M99+N99+O99 -> 3044870 | Q99: =P99*D99 -> 33493570 | R99: =P99*F99 -> 33493570
B100: KT 1600x600 | C100: M | D100: 83 | F100: 83 | G100: Cấu tạo gồm: Lớp tôn mạ kẽm Z08 + lớp tấm chống cháy SMD /Mgo | I100: Eusteel / Tân Thạnh Phát | J100: Việt Nam | K100: 1675860 | L100: 51000 | M100: 1118150 | N100: =ROUND((K100+L100+M100)*10%,-1) -> 284500 | O100: =ROUND((K100+L100+M100+N100)*7%,-1) -> 219070 | P100: =K100+L100+M100+N100+O100 -> 3348580 | Q100: =P100*D100 -> 277932140 | R100: =P100*F100 -> 277932140
B101: KT: 1400x500 | C101: m | D101: 16 | F101: 16 | G101: Cấu tạo gồm: Lớp tôn mạ kẽm Z08 + lớp tấm chống cháy SMD /Mgo | I101: Eusteel / Tân Thạnh Phát | J101: Việt Nam | K101: 1447380 | L101: 44000 | M101: 966210 | N101: =ROUND((K101+L101+M101)*10%,-1) -> 245760 | O101: =ROUND((K101+L101+M101+N101)*7%,-1) -> 189230 | P101: =K101+L101+M101+N101+O101 -> 2892580 | Q101: =P101*D101 -> 46281280 | R101: =P101*F101 -> 46281280
... B106: KT: 1000x550 | C106: m | D106: 10 | F106: 10 | G106: Cấu tạo gồm: Lớp tôn mạ kẽm Z08 + lớp tấm chống cháy SMD /Mgo | I106: Eusteel / Tân Thạnh Phát | J106: Việt Nam | K106: 1180140 | L106: 36000 | M106: 786980 | N106: =ROUND((K106+L106+M106)*10%,-1) -> 200310 | O106: =ROUND((K106+L106+M106+N106)*7%,-1) -> 154240 | P106: =K106+L106+M106+N106+O106 -> 2357670 | Q106: =P106*D106 -> 23576700 | R106: =P106*F106 -> 23576700
A107: 2.2 | B107: Ống gió gió tôn tráng kẽm có giới hạn chịu lửa E45
B108: KT 1000x1000 | C108: m | D108: 80 | F108: 80 | G108: Cấu tạo gồm: Lớp tôn mạ kẽm Z08 + lớp tấm chống cháy SMD /Mgo | I108: Eusteel / Tân Thạnh Phát | J108: Việt Nam | K108: 1523880 | L108: 47000 | M108: 1016090 | N108: =ROUND((K108+L108+M108)*10%,-1) -> 258700 | O108: =ROUND((K108+L108+M108+N108)*7%,-1) -> 199200 | P108: =K108+L108+M108+N108+O108 -> 3044870 | Q108: =P108*D108 -> 243589600 | R108: =P108*F108 -> 243589600
B109: Cút cong 45 độ kèm lưới chắn côn trùng E45
...

Sheet 5. Ngăn cháy lan
A1: Dự án: TOÀ NHÀ HỖN HỢP HACOM MALL
A2: Gói thầu: CUNG CẤP VTTB VÀ THI CÔNG LẮP ĐẶT HỆ THỐNG CƠ ĐIỆN
A3: Hạng mục: Ngăn cháy lan
A5: KHỐI LƯỢNG MỜI THẦU | F5: LIÊN DANH CÔNG TY TNHH VĂN LANG VÀ CÔNG TY TNHH XÂY DỰNG CƠ ĐIỆN TRÍ TRUNG
A6: STT | B6: Nội dung công việc | C6: Đơn vị | D6: KL Mời thầu Lần 2 | E6: Ghi chú | F6: KL Nhà thầu chào | G6: THÔNG TIN VỀ VẬT LIỆU CHÍNH | K6: ĐƠN GIÁ (chưa bao gồm VAT) | Q6: Thành tiền BOQ | S6: Ghi chú
G7: Mô tả/ Quy cách | H7: Mã hiệu | I7: Thương hiệu | J7: Xuất xứ | K7: VL chính | L7: VL phụ | M7: NC&M | N7: CF quản lý | O7: Lợi nhuận | P7: ĐG tổng hợp | Q7: Thành tiền KLMT | R7: Thành tiền Nhà thầu chào
A8: 1 | B8: 2 | C8: 3 | D8: 4 | E8: 5 | F8: 6 | G8: 7 | H8: 8 | I8: 9 | J8: 10 | K8: 11 | L8: 12 | M8: 13 | N8: 14 | O8: 15 | P8: 16=11+12+13+14+15 | Q8: 17=4*16 | R8: 18=6*16 | S8: 19
A9: A | B9: ĐẦU MỤC CÔNG VIỆC THEO KLMT | Q9: =SUBTOTAL(9,Q10:Q24) -> 1.528773e+09 | R9: =SUBTOTAL(9,R10:R24) -> 1.5309678e+09
A10: I | B10: Trục điện - Điện nhẹ (theo phạm vi tính toán)
A11: 1 | B11: Vữa ngăn cháy lan (Mô tả lắp đặt: vữa + rockwool) | C11: Bao | D11: 113.43948 | E11: 30 kg/ 1 bao | F11: 113.44 | H11: VIT-MFH | I11: VitSiL | J11: Việt Nam | K11: 594860 | L11: 0 | M11: 0 | N11: =ROUND((K11+L11+M11)*10%,-1) -> 59490 | O11: =ROUND((K11+L11+M11+N11)*7%,-1) -> 45800 | P11: =K11+L11+M11+N11+O11 -> 700150 | Q11: =P11*D11 -> 79424649 | R11: =P11*F11 -> 79425016
A12: 2 | B12: Keo ngăn cháy lan trương nở (mô tả lắp đặt: Keo + rockwool) | C12: Lít | D12: 268.56362 | F12: 268.56 | H12: VIT-XF | I12: VitSiL | J12: Việt Nam | K12: 372340 | L12: 0 | M12: 0 | N12: =ROUND((K12+L12+M12)*10%,-1) -> 37230 | O12: =ROUND((K12+L12+M12+N12)*7%,-1) -> 28670 | P12: =K12+L12+M12+N12+O12 -> 438240 | Q12: =P12*D12 -> 1.1769532e+08 | R12: =P12*F12 -> 1.1769373e+08
A13: 3 | B13: Nhân công thi công xuyên sàn và vật tư phụ (lập là thép mạ kẽm điện phân 30x3, bông khoáng >=100kg/m3, tôn mạ kẽm >=0.42, dây thít, bulong, vít…). Tính theo diện tích lỗ mở không trừ thiết bị chiếm chỗ | C13: m2 | D13: 55.3842 | F13: 55.38 | K13: 0 | L13: 0 | M13: 2992500 | N13: =ROUND((K13+L13+M13)*10%,-1) -> 299250 | O13: =ROUND((K13+L13+M13+N13)*7%,-1) -> 230420 | P13: =K13+L13+M13+N13+O13 -> 3522170 | Q13: =P13*D13 -> 1.9507257e+08 | R13: =P13*F13 -> 1.9505777e+08
A14: II | B14: Hệ CTN (theo phạm vi tính toán)
A15: 1 | B15: Vữa ngăn cháy lan (Mô tả lắp đặt: vữa + rockwool) | C15: Bao | D15: 144.3928 | E15: 30 kg/ 1 bao | F15: 144 | H15: VIT-MFH | I15: VitSiL | J15: Việt Nam | K15: 594860 | L15: 0 | M15: 0 | N15: =ROUND((K15+L15+M15)*10%,-1) -> 59490 | O15: =ROUND((K15+L15+M15+N15)*7%,-1) -> 45800 | P15: =K15+L15+M15+N15+O15 -> 700150 | Q15: =P15*D15 -> 1.0109662e+08 | R15: =P15*F15 -> 100821600
A16: 2 | B16: Băng quấn ngăn cháy lan FR pipe wrap | C16: m | D16: 627.94065 | F16: 658 | H16: VIT-WSF | I16: VitSiL | J16: Việt Nam | K16: 198290 | L16: 0 | M16: 0 | N16: =ROUND((K16+L16+M16)*10%,-1) -> 19830 | O16: =ROUND((K16+L16+M16+N16)*7%,-1) -> 15270 | P16: =K16+L16+M16+N16+O16 -> 233390 | Q16: =P16*D16 -> 1.4655507e+08 | R16: =P16*F16 -> 1.5357062e+08
B17: Keo ngăn cháy FR ASF (mô tả lắp đặt: keo + rockwool) (dùng kết hợp băng cuốn ngăn cháy với ống nhựa xuyên tường) | C17: Lít | D17: 0 | F17: 0 | H17: VIT-1F | I17: Khải Hoàn | J17: Việt Nam | K17: 212610 | L17: 0 | M17: 0 | N17: =ROUND((K17+L17+M17)*10%,-1) -> 21260 | O17: =ROUND((K17+L17+M17+N17)*7%,-1) -> 16370 | P17: =K17+L17+M17+N17+O17 -> 250240 | Q17: =P17*D17 -> 0 | R17: =P17*F17 -> 0
A18: 3 | B18: Keo ngăn cháy lan trương nở (mô tả lắp đặt: Keo + rockwool) (có thể dùng cho ống nhựa D<=75mm xuyên tường), khe quanh ống >=20mm, chi tiết theo tính toán | C18: Lít | D18: 93.121881 | F18: 152 | H18: VIT-XF | I18: VitSiL | J18: Việt Nam | K18: 372340 | L18: 0 | M18: 0 | N18: =ROUND((K18+L18+M18)*10%,-1) -> 37230 | O18: =ROUND((K18+L18+M18+N18)*7%,-1) -> 28670 | P18: =K18+L18+M18+N18+O18 -> 438240 | Q18: =P18*D18 -> 40809733 | R18: =P18*F18 -> 66612480
A19: 4 | B19: Nhân công thi công và vật tư phụ (đường ống tròn xuyên tường). Tính theo vị trí | C19: Vị trí | D19: 547 | F19: 623 | K19: 0 | L19: 0 | M19: 105000 | N19: =ROUND((K19+L19+M19)*10%,-1) -> 10500 | O19: =ROUND((K19+L19+M19+N19)*7%,-1) -> 8090 | P19: =K19+L19+M19+N19+O19 -> 123590 | Q19: =P19*D19 -> 67603730 | R19: =P19*F19 -> 76996570
A20: 5 | B20: Nhân công thi công xuyên sàn và vật tư phụ (lập là thép mạ kẽm điện phân 30x3, bông khoáng >=100kg/m3, tôn mạ kẽm >=0.42, dây thít, bulong, vít…). Tính theo diện tích lỗ mở không trừ thiết bị chiếm chỗ | C20: m2 | D20: 40.730416 | F20: 53.3125 | K20: 0 | L20: 0 | M20: 2992500 | N20: =ROUND((K20+L20+M20)*10%,-1) -> 299250 | O20: =ROUND((K20+L20+M20+N20)*7%,-1) -> 230420 | P20: =K20+L20+M20+N20+O20 -> 3522170 | Q20: =P20*D20 -> 1.4345945e+08 | R20: =P20*F20 -> 1.8777569e+08
A21: III | B21: Hệ Duct - HVAC (xuyên tường) (theo phạm vi tính toán)
A22: 1 | B22: Keo ngăn cháy lan trương nở Specseal LCI (mô tả lắp đặt: keo + rockwool) (dùng cho ống Duct bảo ôn hoặc không bảo ôn) | C22: Lít | D22: 671.68 | F22: 671.68 | H22: VIT-XF | I22: VitSiL | J22: Việt Nam | K22: 699520 | L22: 0 | M22: 0 | N22: =ROUND((K22+L22+M22)*10%,-1) -> 69950 | O22: =ROUND((K22+L22+M22+N22)*7%,-1) -> 53860 | P22: =K22+L22+M22+N22+O22 -> 823330 | Q22: =P22*D22 -> 5.5301429e+08 | R22: =P22*F22 -> 5.5301429e+08
A23: 2 | B23: Keo ngăn cháy Protecta FR ASF (mô tả lắp đặt: keo + rockwool) (dùng cho ống Duct trần, Duct EI) | C23: Lít | D23: 0 | H23: VIT-1F | I23: VitSiL | J23: Việt Nam | K23: 358020 | L23: 0 | M23: 0 | N23: =ROUND((K23+L23+M23)*10%,-1) -> 35800 | O23: =ROUND((K23+L23+M23+N23)*7%,-1) -> 27570 | P23: =K23+L23+M23+N23+O23 -> 421390 | Q23: =P23*D23 -> 0 | R23: =P23*F23 -> 0
A24: 3 | B24: Nhân công thi công và vật tư phụ (ống Duct xuyên tường). Tính theo chu vi ống Duct | C24: m | D24: 377.8 | K24: 0 | L24: 0 | M24: 189000 | N24: =ROUND((K24+L24+M24)*10%,-1) -> 18900 | O24: =ROUND((K24+L24+M24+N24)*7%,-1) -> 14550 | P24: =K24+L24+M24+N24+O24 -> 222450 | Q24: =P24*D24 -> 84041610 | R24: =P24*F24 -> 0
A25: B | B25: Phát sinh ngoài KLMT Nhà thầu bổ sung | Q25: =SUBTOTAL(9,Q26:Q26) -> 0 | R25: =SUBTOTAL(9,R26:R26) -> 0
B26: ….......................
A27: C | B27: TỔNG CỘNG TRƯỚC VAT: C = A + B | Q27: =SUBTOTAL(9,Q9:Q26) -> 1.528773e+09 | R27: =SUBTOTAL(9,R9:R26) -> 1.5309678e+09
