Workbook
Name Print_Area_Reset: OFFSET(Full_Print,0,0,Last_Row)

Sheet TỔNG HỢP
E1: Mẫu số 03.1
A2: DỰ ÁN: TOÀ NHÀ HỖN HỢP HACOM MALL
A3: GÓI THẦU: CUNG CẤP VTTB VÀ THI CÔNG LẮP ĐẶT HỆ THỐNG CƠ ĐIỆN
A4: NHÀ THẦU: SEAREFICO
A6: BẢNG CHÀO GIÁ TỔNG HỢP
A8: Stt | B8: Mô tả công việc mời thầu | C8: Thành tiền | E8: Ghi chú
C9: Theo KLMT | D9: Nhà thầu chào
A10: A | B10: ĐẦU MỤC CÔNG VIỆC THEO KLMT | C10: =SUBTOTAL(9,C11:C18) -> 1.754e+11 | D10: =SUBTOTAL(9,D11:D18) -> 1.754e+11
A11: I | B11: HẠNG MỤC: ĐIỆN | C11: ='1. HT điện'!Q2731 -> 8.6074206e+10 | D11: ='1. HT điện'!R2731 -> 8.6074206e+10
A12: II | B12: HẠNG MỤC: ĐIỆN NHẸ | C12: ='2. HT điện nhẹ'!Q61 -> 1806831740 | D12: ='2. HT điện nhẹ'!R61 -> 1806831740
A13: III | B13: HẠNG MỤC: CẤP THOÁT NƯỚC | C13: ='3. HT CTN'!Q905 -> 3.4968185e+10 | D13: ='3. HT CTN'!R905 -> 3.4968185e+10
A14: IV | B14: HẠNG MỤC: HVAC | C14: =SUBTOTAL(9,C15:C17) -> 5.0616174e+10 | D14: =SUBTOTAL(9,D15:D17) -> 5.0616174e+10
A15: 4.1 | B15: ĐIỀU HÒA VRV | C15: ='4.1 ĐH VRV'!AF51 -> 1437739800 | D15: ='4.1 ĐH VRV'!AG51 -> 1437739800
A16: 4.2 | B16: QUẠT | C16: ='4.2 Quạt'!AC148 -> 4227522600 | D16: ='4.2 Quạt'!AD148 -> 4227522600
A17: 4.3 | B17: ĐIỀU HÒA KHÔNG KHÍ VÀ THÔNG GIÓ | C17: ='4.3 DHKK & TG'!Q1116 -> 4.4950912e+10 | D17: ='4.3 DHKK & TG'!R1116 -> 4.4950912e+10
A18: V | B18: HẠNG MỤC: NGĂN CHÁY LAN | C18: ='5. Ngăn cháy lan'!Q27 -> 1.9346025e+09 | D18: ='5. Ngăn cháy lan'!R27 -> 1.9346025e+09
A19: B | B19: ĐẦU MỤC CÔNG VIỆC PHÁT SINH NGOÀI KLMT | C19: =SUBTOTAL(9,C20:C20) -> 0 | D19: =SUBTOTAL(9,D20:D20) -> 0
D20: 0
A21: C | B21: TỔNG CỘNG GIÁ CHÀO TRƯỚC THUẾ: (C = A + B) (VNĐ) | C21: =SUBTOTAL(9,C11:C19) -> 1.754e+11 | D21: =SUBTOTAL(9,D11:D19) -> 1.754e+11
B22: Thuế Vat (tạm tính 10%) (VNĐ) | C22: =C21*10% -> 1.754e+10 | D22: =D21*10% -> 1.754e+10
A23: D | B23: TỔNG CỘNG GIÁ CHÀO SAU THUẾ (VNĐ) | C23: =C21+C22 -> 1.9294e+11 | D23: =D21+D22 -> 1.9294e+11
A25: Lưu ý: Đối với các vật tư/ thiết bị CĐT cung cấp nhà thầu lắp đặt. Tỷ lệ phí sẽ được thống nhất theo biểu phí đính kèm hồ sơ dự thầu

Sheet 1. HT điện
A1: Dự án: TOÀ NHÀ HỖN HỢP HACOM MALL
A2: Gói thầu: CUNG CẤP VTTB VÀ THI CÔNG LẮP ĐẶT HỆ THỐNG CƠ ĐIỆN
A3: Hạng mục: HỆ THỐNG ĐIỆN
A5: KHỐI LƯỢNG MỜI THẦU | F5: NHÀ THẦU SEAREFICO
A6: STT | B6: Diễn giải | C6: Đơn vị | D6: KL Mời thầu Lần 2 | E6: Ghi chú | F6: KL Nhà thầu chào | G6: THÔNG TIN VỀ VẬT LIỆU CHÍNH | K6: ĐƠN GIÁ (chưa bao gồm VAT) | Q6: Thành tiền BOQ | S6: Ghi chú
G7: Mô tả/ Quy cách | H7: Mã hiệu | I7: Thương hiệu | J7: Xuất xứ | K7: VL chính | L7: VL phụ | M7: NC&M | N7: CF quản lý | O7: Lợi nhuận | P7: ĐG tổng hợp | Q7: Thành tiền KLMT | R7: Thành tiền Nhà thầu chào
A8: 1 | B8: 2 | C8: 3 | D8: 4 | E8: 5 | F8: 6 | G8: 7 | H8: 8 | I8: 9 | J8: 10 | K8: 11 | L8: 12 | M8: 13 | N8: 14 | O8: 15 | P8: 16=11+12+13+14+15 | Q8: 17=4*16 | R8: 18=6*16 | S8: 19
A9: A | B9: ĐẦU MỤC CÔNG VIỆC THEO KLMT
A10: I | B10: Tủ điện hạ thế
A11: 1 | B11: Tủ điện LV-G.1+LV-G.2+LV-G.3+LV-G.4+LV-G.5+LV-G.6 | C11: Tủ | D11: 1 | F11: 1 | G11: Tủ điện LV-G.1+G.2+G.3+G.4+G.5+G.6 | H11: Form 3B, IP42 | I11: Nhà sản xuất tủ: ACIT - Á Châu Thiết bị đóng cắt: Schneider | J11: Việt Nam Châu Á | K11: 1910614577 | M11: 42500200 | P11: =+K11+L11+M11+N11+O11 -> 1953114777 | Q11: =+P11*D11 -> 1953114777 | R11: =P11*F11 -> 1953114777 | S11: Nhà thầu đính kèm bảng chi tiết tủ điện
B12: Vỏ tủ form 3B | C12: Cái | D12: 1 | G12: 0 | H12: 0 | I12: 0 | J12: 0 | K12: 0 | M12: 0 | P12: =+K12+L12+M12+N12+O12 -> 0 | Q12: =+P12*D12 -> 0 | R12: =P12*F12 -> 0 | S12: 0
B13: Đầu vào: | S13: 0
B14: ACB Fixed 4P 3200AT 3200AF 65kA , bảo vệ quá dòng, chạm đất, quá áp, thấp áp, đo lường class 1, kết nối NFC/ Bluetooth. | C14: Cái | D14: 2 | G14: 0 | H14: 0 | I14: 0 | J14: 0 | K14: 0 | M14: 0 | P14: =+K14+L14+M14+N14+O14 -> 0 | Q14: =+P14*D14 -> 0 | R14: =P14*F14 -> 0 | S14: 0
B15: Motor sạc 220VAC cho ACB Fixed 4P 3200A 65kA | C15: Cái | D15: 2 | G15: 0 | H15: 0 | I15: 0 | J15: 0 | K15: 0 | M15: 0 | P15: =+K15+L15+M15+N15+O15 -> 0 | Q15: =+P15*D15 -> 0 | R15: =P15*F15 -> 0 | S15: 0
B16: Cuộn đóng 220VAC cho ACB Fixed 4P 3200A 65kA | C16: Cái | D16: 2 | G16: 0 | H16: 0 | I16: 0 | J16: 0 | K16: 0 | M16: 0 | P16: =+K16+L16+M16+N16+O16 -> 0 | Q16: =+P16*D16 -> 0 | R16: =P16*F16 -> 0 | S16: 0
B17: Cuộn cắt 220VAC cho ACB Fixed dòng MTZ | C17: Cái | D17: 2 | G17: 0 | H17: 0 | I17: 0 | J17: 0 | K17: 0 | M17: 0 | P17: =+K17+L17+M17+N17+O17 -> 0 | Q17: =+P17*D17 -> 0 | R17: =P17*F17 -> 0 | S17: 0
B18: Cuộn UVT 220VAC cho ACB Fixed dòng MTZ | C18: Cái | D18: 2 | G18: 0 | H18: 0 | I18: 0 | J18: 0 | K18: 0 | M18: 0 | P18: =+K18+L18+M18+N18+O18 -> 0 | Q18: =+P18*D18 -> 0 | R18: =P18*F18 -> 0 | S18: 0
B19: Khóa đóng cắt ACB | C19: Cái | D19: 2 | G19: 0 | H19: 0 | I19: 0 | J19: 0 | K19: 0 | M19: 0 | P19: =+K19+L19+M19+N19+O19 -> 0 | Q19: =+P19*D19 -> 0 | R19: =P19*F19 -> 0 | S19: 0
B20: Bộ hòa đồng bộ 2 máy phát | C20: Bộ | D20: 1 | G20: 0 | H20: 0 | I20: 0 | J20: 0 | K20: 0 | M20: 0 | P20: =+K20+L20+M20+N20+O20 -> 0 | Q20: =+P20*D20 -> 0 | R20: =P20*F20 -> 0 | S20: 0
B21: Đèn báo trạng thái On/OFF/TRIP ACB | C21: Cái | D21: 6 | G21: 0 | H21: 0 | I21: 0 | J21: 0 | K21: 0 | M21: 0 | P21: =+K21+L21+M21+N21+O21 -> 0 | Q21: =+P21*D21 -> 0 | R21: =P21*F21 -> 0 | S21: 0
B22: Biến dòng hạ thế 3200/5A | C22: Quả | D22: 12 | G22: 0 | H22: 0 | I22: 0 | J22: 0 | K22: 0 | M22: 0 | P22: =+K22+L22+M22+N22+O22 -> 0 | Q22: =+P22*D22 -> 0 | R22: =P22*F22 -> 0 | S22: 0
B23: Đồng hồ Volt 0-450VAC | C23: Cái | D23: 2 | G23: 0 | H23: 0 | I23: 0 | J23: 0 | K23: 0 | M23: 0 | P23: =+K23+L23+M23+N23+O23 -> 0 | Q23: =+P23*D23 -> 0 | R23: =P23*F23 -> 0 | S23: 0
B24: Chuyển mạch Volt 7 vị trí | C24: Cái | D24: 2 | G24: 0 | H24: 0 | I24: 0 | J24: 0 | K24: 0 | M24: 0 | P24: =+K24+L24+M24+N24+O24 -> 0 | Q24: =+P24*D24 -> 0 | R24: =P24*F24 -> 0 | S24: 0
B25: Đồng hồ Ampe 0-3200A | C25: Cái | D25: 6 | G25: 0 | H25: 0 | I25: 0 | J25: 0 | K25: 0 | M25: 0 | P25: =+K25+L25+M25+N25+O25 -> 0 | Q25: =+P25*D25 -> 0 | R25: =P25*F25 -> 0 | S25: 0
... B27: Cầu chi 2A | C27: Cái | D27: 18 | G27: 0 | H27: 0 | I27: 0 | J27: 0 | K27: 0 | M27: 0 | P27: =+K27+L27+M27+N27+O27 -> 0 | Q27: =+P27*D27 -> 0 | R27: =P27*F27 -> 0 | S27: 0
B28: Đầu ra: | S28: 0
B29: ACB Fixed 4P 3000AT 3200AF 65kA | C29: Cái | D29: 1 | G29: 0 | H29: 0 | I29: 0 | J29: 0 | K29: 0 | M29: 0 | P29: =+K29+L29+M29+N29+O29 -> 0 | Q29: =+P29*D29 -> 0 | R29: =P29*F29 -> 0 | S29: 0
B30: Motor sạc 220VAC cho ACB Fixed 4P 3000AT 3200AF 65kA | C30: Cái | D30: 1 | G30: 0 | H30: 0 | I30: 0 | J30: 0 | K30: 0 | M30: 0 | P30: =+K30+L30+M30+N30+O30 -> 0 | Q30: =+P30*D30 -> 0 | R30: =P30*F30 -> 0 | S30: 0
B31: Cuộn đóng 220VAC cho ACB Fixed 4P 3000AT 3200AF 65kA | C31: Cái | D31: 1 | G31: 0 | H31: 0 | I31: 0 | J31: 0 | K31: 0 | M31: 0 | P31: =+K31+L31+M31+N31+O31 -> 0 | Q31: =+P31*D31 -> 0 | R31: =P31*F31 -> 0 | S31: 0
B32: Cuộn cắt 220VAC cho ACB Fixed dòng MTZ | C32: Cái | D32: 1 | G32: 0 | H32: 0 | I32: 0 | J32: 0 | K32: 0 | M32: 0 | P32: =+K32+L32+M32+N32+O32 -> 0 | Q32: =+P32*D32 -> 0 | R32: =P32*F32 -> 0 | S32: 0
B33: ACB 4P 1600AT 1600AF 65kA Fixed | C33: Cái | D33: 1 | G33: 0 | H33: 0 | I33: 0 | J33: 0 | K33: 0 | M33: 0 | P33: =+K33+L33+M33+N33+O33 -> 0 | Q33: =+P33*D33 -> 0 | R33: =P33*F33 -> 0 | S33: 0
B34: Motor sạc 220VAC cho ACB 4P 1600AT 1600AF 65kA Fixed | C34: Cái | D34: 1 | G34: 0 | H34: 0 | I34: 0 | J34: 0 | K34: 0 | M34: 0 | P34: =+K34+L34+M34+N34+O34 -> 0 | Q34: =+P34*D34 -> 0 | R34: =P34*F34 -> 0 | S34: 0
B35: Cuộn đóng 220VAC cho ACB 4P 1600AT 1600AF 65kA Fixed | C35: Cái | D35: 1 | G35: 0 | H35: 0 | I35: 0 | J35: 0 | K35: 0 | M35: 0 | P35: =+K35+L35+M35+N35+O35 -> 0 | Q35: =+P35*D35 -> 0 | R35: =P35*F35 -> 0 | S35: 0
B36: Cuộn cắt 220VAC cho ACB 4P 1600AT 1600AF 65kA Fixed | C36: Cái | D36: 2 | G36: 0 | H36: 0 | I36: 0 | J36: 0 | K36: 0 | M36: 0 | P36: =+K36+L36+M36+N36+O36 -> 0 | Q36: =+P36*D36 -> 0 | R36: =P36*F36 -> 0 | S36: 0
B37: Đèn báo trạng thái On/OFF/TRIP ACB | C37: Cái | D37: 6 | G37: 0 | H37: 0 | I37: 0 | J37: 0 | K37: 0 | M37: 0 | P37: =+K37+L37+M37+N37+O37 -> 0 | Q37: =+P37*D37 -> 0 | R37: =P37*F37 -> 0 | S37: 0
B38: Khóa đóng cắt ACB | C38: Cái | D38: 2 | G38: 0 | H38: 0 | I38: 0 | J38: 0 | K38: 0 | M38: 0 | P38: =+K38+L38+M38+N38+O38 -> 0 | Q38: =+P38*D38 -> 0 | R38: =P38*F38 -> 0 | S38: 0
B39: MCCB 4P 1250AT 1250AF 50kA | C39: Cái | D39: 1 | G39: 0 | H39: 0 | I39: 0 | J39: 0 | K39: 0 | M39: 0 | P39: =+K39+L39+M39+N39+O39 -> 0 | Q39: =+P39*D39 -> 0 | R39: =P39*F39 -> 0 | S39: 0
B40: Tiếp điểm báo trạng thái cho MCCB 4P 1250AT 1250AF 50kA | C40: Cái | D40: 2 | G40: 0 | H40: 0 | I40: 0 | J40: 0 | K40: 0 | M40: 0 | P40: =+K40+L40+M40+N40+O40 -> 0 | Q40: =+P40*D40 -> 0 | R40: =P40*F40 -> 0 | S40: 0
... B53: Nhân công + phụ kiện lắp đặt | C53: Tủ | D53: 1 | G53: 0 | H53: 0 | I53: 0 | J53: 0 | K53: 0 | M53: 0 | P53: =+K53+L53+M53+N53+O53 -> 0 | Q53: =+P53*D53 -> 0 | R53: =P53*F53 -> 0 | S53: 0
A54: 2 | B54: Tủ điện MSB1.7+MSB1.8+MSB1.9 | C54: Tủ | D54: 1 | F54: 1 | G54: Tủ điện MSB1.7+MSB1.8+MSB1.9 | H54: Form 3B, IP42 | I54: Nhà sản xuất tủ: ACIT - Á Châu Thiết bị đóng cắt: Schneider | J54: Việt Nam Châu Á | K54: 228249100 | M54: 8060000 | P54: =+K54+L54+M54+N54+O54 -> 236309100 | Q54: =+P54*D54 -> 236309100 | R54: =P54*F54 -> 236309100 | S54: Nhà thầu đính kèm bảng chi tiết tủ điện
B55: Vỏ tủ form 3B | C55: Cái | D55: 1 | G55: 0 | H55: 0 | I55: 0 | J55: 0 | K55: 0 | M55: 0 | P55: =+K55+L55+M55+N55+O55 -> 0 | Q55: =+P55*D55 -> 0 | R55: =P55*F55 -> 0 | S55: 0
B56: Đầu vào: | S56: 0
B57: MCCB 4P 320AT 400AF 50kA, kèm Vigi Module bảo vệ dòng rò | C57: Cái | D57: 1 | G57: 0 | H57: 0 | I57: 0 | J57: 0 | K57: 0 | M57: 0 | P57: =+K57+L57+M57+N57+O57 -> 0 | Q57: =+P57*D57 -> 0 | R57: =P57*F57 -> 0 | S57: 0
B58: Tiếp điểm báo trạng thái cho MCCB 4P 320A 50kA | C58: Cái | D58: 2 | G58: 0 | H58: 0 | I58: 0 | J58: 0 | K58: 0 | M58: 0 | P58: =+K58+L58+M58+N58+O58 -> 0 | Q58: =+P58*D58 -> 0 | R58: =P58*F58 -> 0 | S58: 0
B59: Cuộn cắt 220VAC cho MCCB 4P 320A 50kA | C59: Cái | D59: 2 | G59: 0 | H59: 0 | I59: 0 | J59: 0 | K59: 0 | M59: 0 | P59: =+K59+L59+M59+N59+O59 -> 0 | Q59: =+P59*D59 -> 0 | R59: =P59*F59 -> 0 | S59: 0
B60: ATS 4P 400A | C60: Cái | D60: 1 | G60: 0 | H60: 0 | I60: 0 | J60: 0 | K60: 0 | M60: 0 | P60: =+K60+L60+M60+N60+O60 -> 0 | Q60: =+P60*D60 -> 0 | R60: =P60*F60 -> 0 | S60: 0
B61: Bộ điều khiển ATS | C61: Cái | D61: 1 | G61: 0 | H61: 0 | I61: 0 | J61: 0 | K61: 0 | M61: 0 | P61: =+K61+L61+M61+N61+O61 -> 0 | Q61: =+P61*D61 -> 0 | R61: =P61*F61 -> 0 | S61: 0
B62: Biến dòng hạ thế 400/5A | C62: Quả | D62: 6 | G62: 0 | H62: 0 | I62: 0 | J62: 0 | K62: 0 | M62: 0 | P62: =+K62+L62+M62+N62+O62 -> 0 | Q62: =+P62*D62 -> 0 | R62: =P62*F62 -> 0 | S62: 0
B63: Đồng hồ Volt 0-450VAC | C63: Cái | D63: 2 | G63: 0 | H63: 0 | I63: 0 | J63: 0 | K63: 0 | M63: 0 | P63: =+K63+L63+M63+N63+O63 -> 0 | Q63: =+P63*D63 -> 0 | R63: =P63*F63 -> 0 | S63: 0
B64: Chuyển mạch Volt 7 vị trí | C64: Cái | D64: 2 | G64: 0 | H64: 0 | I64: 0 | J64: 0 | K64: 0 | M64: 0 | P64: =+K64+L64+M64+N64+O64 -> 0 | Q64: =+P64*D64 -> 0 | R64: =P64*F64 -> 0 | S64: 0
B65: Đồng hồ KTS đa chức năng (đo lường I, U, F, P, Q, S, PF, THD, Accuracy 0.5%, kết nối BMS), truyền thông Modbus | C65: Cái | D65: 2 | G65: 0 | H65: 0 | I65: 0 | J65: 0 | K65: 0 | M65: 0 | P65: =+K65+L65+M65+N65+O65 -> 0 | Q65: =+P65*D65 -> 0 | R65: =P65*F65 -> 0 | S65: 0
B66: Đèn báo pha | C66: Cái | D66: 6 | G66: 0 | H66: 0 | I66: 0 | J66: 0 | K66: 0 | M66: 0 | P66: =+K66+L66+M66+N66+O66 -> 0 | Q66: =+P66*D66 -> 0 | R66: =P66*F66 -> 0 | S66: 0
B67: Cầu chi 2A | C67: Cái | D67: 6 | G67: 0 | H67: 0 | I67: 0 | J67: 0 | K67: 0 | M67: 0 | P67: =+K67+L67+M67+N67+O67 -> 0 | Q67: =+P67*D67 -> 0 | R67: =P67*F67 -> 0 | S67: 0
B68: Đầu ra: | S68: 0
B69: MCCB 3P 125AT 160AF 50kA | C69: Cái | D69: 1 | G69: 0 | H69: 0 | I69: 0 | J69: 0 | K69: 0 | M69: 0 | P69: =+K69+L69+M69+N69+O69 -> 0 | Q69: =+P69*D69 -> 0 | R69: =P69*F69 -> 0 | S69: 0
B70: MCCB 3P 80AT 100AF 50kA | C70: Cái | D70: 1 | G70: 0 | H70: 0 | I70: 0 | J70: 0 | K70: 0 | M70: 0 | P70: =+K70+L70+M70+N70+O70 -> 0 | Q70: =+P70*D70 -> 0 | R70: =P70*F70 -> 0 | S70: 0
B71: MCCB 3P 63AT 100AF 50kA | C71: Cái | D71: 2 | G71: 0 | H71: 0 | I71: 0 | J71: 0 | K71: 0 | M71: 0 | P71: =+K71+L71+M71+N71+O71 -> 0 | Q71: =+P71*D71 -> 0 | R71: =P71*F71 -> 0 | S71: 0
B72: MCCB 3P 50AT 100AF 50kA | C72: Cái | D72: 2 | G72: 0 | H72: 0 | I72: 0 | J72: 0 | K72: 0 | M72: 0 | P72: =+K72+L72+M72+N72+O72 -> 0 | Q72: =+P72*D72 -> 0 | R72: =P72*F72 -> 0 | S72: 0
B73: MCCB 3P 100AT 100AF 50kA | C73: Cái | D73: 2 | G73: 0 | H73: 0 | I73: 0 | J73: 0 | K73: 0 | M73: 0 | P73: =+K73+L73+M73+N73+O73 -> 0 | Q73: =+P73*D73 -> 0 | R73: =P73*F73 -> 0 | S73: 0
B74: MCCB 3P 32AT 100AF 50kA | C74: Cái | D74: 3 | G74: 0 | H74: 0 | I74: 0 | J74: 0 | K74: 0 | M74: 0 | P74: =+K74+L74+M74+N74+O74 -> 0 | Q74: =+P74*D74 -> 0 | R74: =P74*F74 -> 0 | S74: 0
B75: Công tơ 3 pha đo gián tiếp | C75: Cái | D75: 1 | G75: 0 | H75: 0 | I75: 0 | J75: 0 | K75: 0 | M75: 0 | P75: =+K75+L75+M75+N75+O75 -> 0 | Q75: =+P75*D75 -> 0 | R75: =P75*F75 -> 0 | S75: 0
B76: Biến dòng hạ thế 100/5A | C76: Cái | D76: 3 | G76: 0 | H76: 0 | I76: 0 | J76: 0 | K76: 0 | M76: 0 | P76: =+K76+L76+M76+N76+O76 -> 0 | Q76: =+P76*D76 -> 0 | R76: =P76*F76 -> 0 | S76: 0
B77: Bộ nguồn 1P 220VAC/24VDC 100W | C77: Cái | D77: 1 | G77: 0 | H77: 0 | I77: 0 | J77: 0 | K77: 0 | M77: 0 | P77: =+K77+L77+M77+N77+O77 -> 0 | Q77: =+P77*D77 -> 0 | R77: =P77*F77 -> 0 | S77: 0
B78: Đồng thanh cái chính 320A+100%N+25%E mạ thiếc | C78: Bộ | D78: 1 | G78: 0 | H78: 0 | I78: 0 | J78: 0 | K78: 0 | M78: 0 | P78: =+K78+L78+M78+N78+O78 -> 0 | Q78: =+P78*D78 -> 0 | R78: =P78*F78 -> 0 | S78: 0
B79: Đồng thanh cái nhánh mạ thiếc | C79: Bộ | D79: 1 | G79: 0 | H79: 0 | I79: 0 | J79: 0 | K79: 0 | M79: 0 | P79: =+K79+L79+M79+N79+O79 -> 0 | Q79: =+P79*D79 -> 0 | R79: =P79*F79 -> 0 | S79: 0
B80: Nhân công+phụ kiện lắp đặt | C80: Tủ | D80: 1 | G80: 0 | H80: 0 | I80: 0 | J80: 0 | K80: 0 | M80: 0 | P80: =+K80+L80+M80+N80+O80 -> 0 | Q80: =+P80*D80 -> 0 | R80: =P80*F80 -> 0 | S80: 0
A81: 3 | B81: Tủ điện MSB1.5+MSB1.6 | C81: Tủ | D81: 1 | F81: 1 | G81: Tủ điện MSB1.5+MSB1.6 | H81: Form 3B, IP42 | I81: Nhà sản xuất tủ: ACIT - Á Châu Thiết bị đóng cắt: Schneider | J81: Việt Nam Châu Á | K81: 283760500 | M81: 8060000 | P81: =+K81+L81+M81+N81+O81 -> 291820500 | Q81: =+P81*D81 -> 291820500 | R81: =P81*F81 -> 291820500 | S81: Nhà thầu đính kèm bảng chi tiết tủ điện
B82: Vỏ tủ form 3B | C82: Cái | D82: 1 | G82: 0 | H82: 0 | I82: 0 | J82: 0 | K82: 0 | M82: 0 | P82: =+K82+L82+M82+N82+O82 -> 0 | Q82: =+P82*D82 -> 0 | R82: =P82*F82 -> 0 | S82: 0
B83: Đầu vào: | S83: 0
B84: MCCB 4P 250AT 250AF 50kA, kèm Vigi Module bảo vệ dòng rò | C84: Cái | D84: 1 | G84: 0 | H84: 0 | I84: 0 | J84: 0 | K84: 0 | M84: 0 | P84: =+K84+L84+M84+N84+O84 -> 0 | Q84: =+P84*D84 -> 0 | R84: =P84*F84 -> 0 | S84: 0
B85: Tiếp điểm báo trạng thái cho MCCB 4P 250A 50kA | C85: Cái | D85: 2 | G85: 0 | H85: 0 | I85: 0 | J85: 0 | K85: 0 | M85: 0 | P85: =+K85+L85+M85+N85+O85 -> 0 | Q85: =+P85*D85 -> 0 | R85: =P85*F85 -> 0 | S85: 0
B86: Cuộn cắt 220VAC cho MCCB 4P 250A 50kA | C86: Cái | D86: 2 | G86: 0 | H86: 0 | I86: 0 | J86: 0 | K86: 0 | M86: 0 | P86: =+K86+L86+M86+N86+O86 -> 0 | Q86: =+P86*D86 -> 0 | R86: =P86*F86 -> 0 | S86: 0
B87: ATS 4P 250A | C87: Cái | D87: 1 | G87: 0 | H87: 0 | I87: 0 | J87: 0 | K87: 0 | M87: 0 | P87: =+K87+L87+M87+N87+O87 -> 0 | Q87: =+P87*D87 -> 0 | R87: =P87*F87 -> 0 | S87: 0
B88: Bộ điều khiển ATS | C88: Cái | D88: 1 | G88: 0 | H88: 0 | I88: 0 | J88: 0 | K88: 0 | M88: 0 | P88: =+K88+L88+M88+N88+O88 -> 0 | Q88: =+P88*D88 -> 0 | R88: =P88*F88 -> 0 | S88: 0
B89: Biến dòng hạ thế 250/5A | C89: Quả | D89: 6 | G89: 0 | H89: 0 | I89: 0 | J89: 0 | K89: 0 | M89: 0 | P89: =+K89+L89+M89+N89+O89 -> 0 | Q89: =+P89*D89 -> 0 | R89: =P89*F89 -> 0 | S89: 0
B90: Đồng hồ Volt 0-450VAC | C90: Cái | D90: 2 | G90: 0 | H90: 0 | I90: 0 | J90: 0 | K90: 0 | M90: 0 | P90: =+K90+L90+M90+N90+O90 -> 0 | Q90: =+P90*D90 -> 0 | R90: =P90*F90 -> 0 | S90: 0
B91: Chuyển mạch Volt 7 vị trí | C91: Cái | D91: 2 | G91: 0 | H91: 0 | I91: 0 | J91: 0 | K91: 0 | M91: 0 | P91: =+K91+L91+M91+N91+O91 -> 0 | Q91: =+P91*D91 -> 0 | R91: =P91*F91 -> 0 | S91: 0
B92: Đồng hồ KTS đa chức năng (đo lường I, U, F, P, Q, S, PF, THD, Accuracy 0.5%, kết nối BMS), truyền thông Modbus | C92: Cái | D92: 2 | G92: 0 | H92: 0 | I92: 0 | J92: 0 | K92: 0 | M92: 0 | P92: =+K92+L92+M92+N92+O92 -> 0 | Q92: =+P92*D92 -> 0 | R92: =P92*F92 -> 0 | S92: 0
B93: Đèn báo pha | C93: Cái | D93: 6 | G93: 0 | H93: 0 | I93: 0 | J93: 0 | K93: 0 | M93: 0 | P93: =+K93+L93+M93+N93+O93 -> 0 | Q93: =+P93*D93 -> 0 | R93: =P93*F93 -> 0 | S93: 0
B94: Cầu chi 2A | C94: Cái | D94: 6 | G94: 0 | H94: 0 | I94: 0 | J94: 0 | K94: 0 | M94: 0 | P94: =+K94+L94+M94+N94+O94 -> 0 | Q94: =+P94*D94 -> 0 | R94: =P94*F94 -> 0 | S94: 0
B95: Đầu ra: | S95: 0
B96: MCCB 3P 125AT 160AF 50kA | C96: Cái | D96: 1 | G96: 0 | H96: 0 | I96: 0 | J96: 0 | K96: 0 | M96: 0 | P96: =+K96+L96+M96+N96+O96 -> 0 | Q96: =+P96*D96 -> 0 | R96: =P96*F96 -> 0 | S96: 0
B97: MCCB 3P 80AT 100AF 50kA | C97: Cái | D97: 1 | G97: 0 | H97: 0 | I97: 0 | J97: 0 | K97: 0 | M97: 0 | P97: =+K97+L97+M97+N97+O97 -> 0 | Q97: =+P97*D97 -> 0 | R97: =P97*F97 -> 0 | S97: 0
B98: MCCB 3P 63AT 100AF 50kA | C98: Cái | D98: 2 | G98: 0 | H98: 0 | I98: 0 | J98: 0 | K98: 0 | M98: 0 | P98: =+K98+L98+M98+N98+O98 -> 0 | Q98: =+P98*D98 -> 0 | R98: =P98*F98 -> 0 | S98: 0
B99: MCCB 3P 50AT 100AF 50kA | C99: Cái | D99: 3 | G99: 0 | H99: 0 | I99: 0 | J99: 0 | K99: 0 | M99: 0 | P99: =+K99+L99+M99+N99+O99 -> 0 | Q99: =+P99*D99 -> 0 | R99: =P99*F99 -> 0 | S99: 0
B100: MCCB 3P 40AT 100AF 50kA | C100: Cái | D100: 1 | G100: 0 | H100: 0 | I100: 0 | J100: 0 | K100: 0 | M100: 0 | P100: =+K100+L100+M100+N100+O100 -> 0 | Q100: =+P100*D100 -> 0 | R100: =P100*F100 -> 0 | S100: 0
B101: MCCB 3P 32AT 100AF 50kA | C101: Cái | D101: 2 | G101: 0 | H101: 0 | I101: 0 | J101: 0 | K101: 0 | M101: 0 | P101: =+K101+L101+M101+N101+O101 -> 0 | Q101: =+P101*D101 -> 0 | R101: =P101*F101 -> 0 | S101: 0
B102: Bộ nguồn 1P 220VAC/24VDC 100W | C102: Cái | D102: 1 | G102: 0 | H102: 0 | I102: 0 | J102: 0 | K102: 0 | M102: 0 | P102: =+K102+L102+M102+N102+O102 -> 0 | Q102: =+P102*D102 -> 0 | R102: =P102*F102 -> 0 | S102: 0
B103: Đồng thanh cái chính 250A+100%N+25%E mạ thiếc | C103: Bộ | D103: 1 | G103: 0 | H103: 0 | I103: 0 | J103: 0 | K103: 0 | M103: 0 | P103: =+K103+L103+M103+N103+O103 -> 0 | Q103: =+P103*D103 -> 0 | R103: =P103*F103 -> 0 | S103: 0
B104: Đồng thanh cái nhánh mạ thiếc | C104: Bộ | D104: 1 | G104: 0 | H104: 0 | I104: 0 | J104: 0 | K104: 0 | M104: 0 | P104: =+K104+L104+M104+N104+O104 -> 0 | Q104: =+P104*D104 -> 0 | R104: =P104*F104 -> 0 | S104: 0
B105: Nhân công+phụ kiện lắp đặt | C105: Tủ | D105: 1 | G105: 0 | H105: 0 | I105: 0 | J105: 0 | K105: 0 | M105: 0 | P105: =+K105+L105+M105+N105+O105 -> 0 | Q105: =+P105*D105 -> 0 | R105: =P105*F105 -> 0 | S105: 0
A106: 4 | B106: Tủ điện MSB1.1+MSB1.2+MSB1.3+MSB1.4 | C106: Tủ | D106: 1 | F106: 1 | G106: Tủ điện MSB1.1+MSB1.2+MSB1.3+MSB1.4 | H106: Form 3B, IP42 | I106: Nhà sản xuất tủ: ACIT - Á Châu Thiết bị đóng cắt: Schneider | J106: Việt Nam Châu Á | K106: 1703359400 | M106: 37200000 | P106: =+K106+L106+M106+N106+O106 -> 1740559400 | Q106: =+P106*D106 -> 1740559400 | R106: =P106*F106 -> 1740559400 | S106: Nhà thầu đính kèm bảng chi tiết tủ điện
B107: Vỏ tủ form 3B | C107: Cái | D107: 1 | G107: 0 | H107: 0 | I107: 0 | J107: 0 | K107: 0 | M107: 0 | P107: =+K107+L107+M107+N107+O107 -> 0 | Q107: =+P107*D107 -> 0 | R107: =P107*F107 -> 0 | S107: 0
B108: Đầu vào: | S108: 0
B109: ACB Fixed 4P 3200AT 3200AF 65kA , bảo vệ quá dòng, chạm đất, quá áp, thấp áp, đo lường class 1, kết nối NFC/ Bluetooth. | C109: Cái | D109: 1 | G109: 0 | H109: 0 | I109: 0 | J109: 0 | K109: 0 | M109: 0 | P109: =+K109+L109+M109+N109+O109 -> 0 | Q109: =+P109*D109 -> 0 | R109: =P109*F109 -> 0 | S109: 0
B110: Motor sạc 220VAC cho ACB Fixed 4P 3200A 65kA | C110: Cái | D110: 1 | G110: 0 | H110: 0 | I110: 0 | J110: 0 | K110: 0 | M110: 0 | P110: =+K110+L110+M110+N110+O110 -> 0 | Q110: =+P110*D110 -> 0 | R110: =P110*F110 -> 0 | S110: 0
B111: Cuộn đóng 220VAC cho ACB Fixed 4P 3200A 65kA | C111: Cái | D111: 1 | G111: 0 | H111: 0 | I111: 0 | J111: 0 | K111: 0 | M111: 0 | P111: =+K111+L111+M111+N111+O111 -> 0 | Q111: =+P111*D111 -> 0 | R111: =P111*F111 -> 0 | S111: 0
B112: Cuộn cắt 220VAC cho ACB Fixed dòng MTZ | C112: Cái | D112: 1 | G112: 0 | H112: 0 | I112: 0 | J112: 0 | K112: 0 | M112: 0 | P112: =+K112+L112+M112+N112+O112 -> 0 | Q112: =+P112*D112 -> 0 | R112: =P112*F112 -> 0 | S112: 0
B113: Khóa đóng cắt ACB | C113: Cái | D113: 1 | G113: 0 | H113: 0 | I113: 0 | J113: 0 | K113: 0 | M113: 0 | P113: =+K113+L113+M113+N113+O113 -> 0 | Q113: =+P113*D113 -> 0 | R113: =P113*F113 -> 0 | S113: 0
B114: Đèn báo trạng thái On/OFF/TRIP ACB | C114: Cái | D114: 3 | G114: 0 | H114: 0 | I114: 0 | J114: 0 | K114: 0 | M114: 0 | P114: =+K114+L114+M114+N114+O114 -> 0 | Q114: =+P114*D114 -> 0 | R114: =P114*F114 -> 0 | S114: 0
...

Sheet 2. HT điện nhẹ
A1: Dự án: TOÀ NHÀ HỖN HỢP HACOM MALL
A2: Gói thầu: CUNG CẤP VTTB VÀ THI CÔNG LẮP ĐẶT HỆ THỐNG CƠ ĐIỆN
A3: Hạng mục: HỆ THỐNG ĐIỆN NHẸ
A5: KHỐI LƯỢNG MỜI THẦU | F5: NHÀ THẦU SEAREFICO
A6: Stt | B6: Diễn giải | C6: Đơn vị | D6: KL Mời thầu Lần 2 | E6: Ghi chú | F6: KL Nhà thầu chào | G6: THÔNG TIN VỀ VẬT LIỆU CHÍNH | K6: ĐƠN GIÁ (chưa bao gồm VAT) | Q6: Thành tiền BOQ | S6: Ghi chú
G7: Mô tả/ Quy cách | H7: Mã hiệu | I7: Thương hiệu | J7: Xuất xứ | K7: VL chính | L7: VL phụ | M7: NC&M | N7: CF quản lý | O7: Lợi nhuận | P7: ĐG tổng hợp | Q7: Thành tiền KLMT | R7: Thành tiền Nhà thầu chào
A8: 1 | B8: 2 | C8: 3 | D8: 4 | E8: 5 | F8: 6 | G8: 7 | H8: 8 | I8: 9 | J8: 10 | K8: 11 | L8: 12 | M8: 13 | N8: 14 | O8: 15 | P8: 16=11+12+13+14+15 | Q8: 17=4*16 | R8: 18=6*16 | S8: 19
A9: A | B9: ĐẦU MỤC CÔNG VIỆC THEO KLMT
A10: I | B10: Vật tư thiết bị đầu tư cho BQL tòa nhà
A11: 1 | B11: Ổ cắm mạng đơn 1xRJ45, bao gồm mặt và hạt | C11: Cái | D11: 10 | E11: NT chỉ cung cấp và lắp đặt đế âm | F11: 10 | G11: 0 | H11: 0 | I11: 0 | J11: 0 | K11: 7600 | M11: 38300 | P11: =+K11+L11+M11+N11+O11 -> 45900 | Q11: =+P11*D11 -> 459000 | R11: =+P11*D11 -> 459000 | S11: NT chỉ cung cấp và lắp đặt đế âm
A12: 2 | B12: Ống PVC D20 | C12: m | D12: 100 | F12: 100 | G12: Ống luồn tròn PVC - Medium duty phi 20mm - ARC20/M | H12: ARC20/M | I12: AC | J12: Việt Nam | K12: 9000 | M12: 23200 | P12: =+K12+L12+M12+N12+O12 -> 32200 | Q12: =+P12*D12 -> 3220000 | R12: =+P12*D12 -> 3220000 | S12: Ống đi nổi. Không bao gồm cắt đục, trám trét và đóng lưới hoàn thiện
A13: II | B13: PHẦN VẬT TƯ THIẾT BỊ ĐẦU TƯ CHO CĂN HỘ | D13: 0
A14: 1 | B14: Ổ cắm mạng đơn 1xRJ45, bao gồm cả mặt và hạt | C14: Cái | D14: 1109 | E14: NT chỉ cung cấp và lắp đặt đế âm | F14: 1109 | G14: 0 | H14: 0 | I14: 0 | J14: 0 | K14: 7600 | M14: 38300 | P14: =+K14+L14+M14+N14+O14 -> 45900 | Q14: =+P14*D14 -> 50903100 | R14: =+P14*D14 -> 50903100 | S14: NT chỉ cung cấp và lắp đặt đế âm
A15: 2 | B15: Ổ cắm truyền hình, bao gồm mặt cả hạt | C15: Cái | D15: 1109 | E15: NT chỉ cung cấp và lắp đặt đế âm | F15: 1109 | G15: 0 | H15: 0 | I15: 0 | J15: 0 | K15: 7600 | M15: 38300 | P15: =+K15+L15+M15+N15+O15 -> 45900 | Q15: =+P15*D15 -> 50903100 | R15: =+P15*D15 -> 50903100 | S15: NT chỉ cung cấp và lắp đặt đế âm
A16: 3 | B16: Ống PVC D20 | C16: m | D16: 15826 | F16: 15826 | G16: Ống luồn tròn PVC - Medium duty phi 20mm - ARC20/M | H16: ARC20/M | I16: AC | J16: Việt Nam | K16: 9000 | M16: 23200 | P16: =+K16+L16+M16+N16+O16 -> 32200 | Q16: =+P16*D16 -> 509597200 | R16: =+P16*D16 -> 509597200 | S16: Ống đi nổi. Không bao gồm cắt đục, trám trét và đóng lưới hoàn thiện
A17: 4 | B17: Vật tư phụ hoàn thiện toàn bộ hệ thống | C17: Lô | D17: 1 | F17: 1 | G17: 0 | H17: 0 | I17: 0 | J17: Việt Nam | K17: 0 | M17: 0 | P17: =+K17+L17+M17+N17+O17 -> 0 | Q17: =+P17*D17 -> 0 | R17: =+P17*D17 -> 0 | S17: Đã bao gồm
A18: III | B18: Thang máng cáp | D18: 0
A19: 1 | B19: Thang cáp kim loại WxH-500x100mm | C19: m | D19: 209.3 | F19: 209.3 | G19: Thang cáp kim loại WxH-500x100mm | H19: Độ dày 2.0mm, Sơn tĩnh điện | I19: BHT | J19: Việt Nam | K19: 271200 | M19: 155200 | P19: =+K19+L19+M19+N19+O19 -> 426400 | Q19: =+P19*D19 -> 89245520 | R19: =+P19*D19 -> 89245520 | S19: 0
B20: Tê nối thang cáp WxH=(500x100)mm | C20: Cái | D20: 2 | F20: 2 | G20: Tê đều thang cáp WxH=(500x100)mm | H20: Sơn tĩnh điện | I20: BHT | J20: Việt Nam | K20: 331200 | M20: 172300 | P20: =+K20+L20+M20+N20+O20 -> 503500 | Q20: =+P20*D20 -> 1007000 | R20: =+P20*D20 -> 1007000 | S20: 0
B21: Chuyển hướng ngang 90 độ thang cáp WxH=(500x100)mm | C21: Cái | D21: 8 | F21: 8 | G21: Chuyển hướng ngang 90 độ thang cáp WxH=(500x100)mm | H21: Sơn tĩnh điện | I21: BHT | J21: Việt Nam | K21: 265000 | M21: 155200 | P21: =+K21+L21+M21+N21+O21 -> 420200 | Q21: =+P21*D21 -> 3361600 | R21: =+P21*D21 -> 3361600 | S21: 0
B22: Chuyển hướng dọc 90 độ thang cáp WxH=(500x100)mm | C22: Cái | D22: 4 | F22: 4 | G22: Chuyển hướng ngang 90 độ thang cáp WxH=(500x100)mm | H22: Sơn tĩnh điện | I22: BHT | J22: Việt Nam | K22: 265000 | M22: 155200 | P22: =+K22+L22+M22+N22+O22 -> 420200 | Q22: =+P22*D22 -> 1680800 | R22: =+P22*D22 -> 1680800 | S22: 0
A23: 2 | B23: Thang cáp kim loại WxH-400x100mm | C23: m | D23: 48.8 | F23: 48.8 | G23: Thang cáp kim loại WxH-400x100mm | H23: Độ dày 2.0mm, Sơn tĩnh điện | I23: BHT | J23: Việt Nam | K23: 257300 | M23: 124000 | P23: =+K23+L23+M23+N23+O23 -> 381300 | Q23: =+P23*D23 -> 18607440 | R23: =+P23*D23 -> 18607440 | S23: 0
B24: Tê nối máng cáp WxH=(400x100)mm | C24: Cái | D24: 0 | F24: 0 | G24: Tê giảm thang cáp WxH=(400x100)mm | H24: Sơn tĩnh điện | I24: BHT | J24: Việt Nam | K24: 330000 | M24: 155200 | P24: =+K24+L24+M24+N24+O24 -> 485200 | Q24: =+P24*D24 -> 0 | R24: =+P24*D24 -> 0 | S24: 0
B25: Chuyển hướng ngang 90 độ máng cáp WxH=(400x100)mm | C25: Cái | D25: 0 | F25: 0 | G25: Chuyển hướng ngang 90 độ máng cáp WxH=(400x100)mm | H25: Sơn tĩnh điện | I25: BHT | J25: Việt Nam | K25: 762500 | M25: 158200 | P25: =+K25+L25+M25+N25+O25 -> 920700 | Q25: =+P25*D25 -> 0 | R25: =+P25*D25 -> 0 | S25: 0
B26: Chữ thập nối thang cáp WxH=(400x100)mm | C26: Cái | D26: 1 | F26: 1 | G26: Thập thang cáp WxH=(400x100)mm | H26: Sơn tĩnh điện | I26: BHT | J26: Việt Nam | K26: 395800 | M26: 193500 | P26: =+K26+L26+M26+N26+O26 -> 589300 | Q26: =+P26*D26 -> 589300 | R26: =+P26*D26 -> 589300 | S26: 0
B27: Chuyển hướng ngang 90 độ thang cáp WxH=(400x100)mm | C27: Cái | D27: 5 | F27: 5 | G27: Co lơi thang cáp WxH=(400x100)mm | H27: Sơn tĩnh điện | I27: BHT | J27: Việt Nam | K27: 194500 | M27: 124000 | P27: =+K27+L27+M27+N27+O27 -> 318500 | Q27: =+P27*D27 -> 1592500 | R27: =+P27*D27 -> 1592500 | S27: 0
B28: Chuyển hướng dọc 90 độ thang cáp WxH=(400x100)mm | C28: Cái | D28: 1 | F28: 1 | G28: Co lơi thang cáp WxH=(400x100)mm | H28: Sơn tĩnh điện | I28: BHT | J28: Việt Nam | K28: 194500 | M28: 124000 | P28: =+K28+L28+M28+N28+O28 -> 318500 | Q28: =+P28*D28 -> 318500 | R28: =+P28*D28 -> 318500 | S28: 0
A29: 3 | B29: Máng cáp kim loại WxH-200x100mm | C29: m | D29: 0 | F29: 0 | G29: Máng cáp WxH=(200x100)mm | H29: Độ dày 1.2mm, Loại đục lỗ, Sơn tĩnh điện | I29: BHT | J29: Việt Nam | K29: 344200 | M29: 120900 | P29: =+K29+L29+M29+N29+O29 -> 465100 | Q29: =+P29*D29 -> 0 | R29: =+P29*D29 -> 0 | S29: 0
B30: Chuyển hướng ngang 90 độ máng cáp WxH=(200x100)mm | C30: Cái | D30: 0 | F30: 0 | G30: Chuyển hướng ngang 90 độ máng cáp WxH=(200x100)mm | H30: Sơn tĩnh điện | I30: BHT | J30: Việt Nam | K30: 336300 | M30: 120900 | P30: =+K30+L30+M30+N30+O30 -> 457200 | Q30: =+P30*D30 -> 0 | R30: =+P30*D30 -> 0 | S30: 0
B31: Tê nối máng cáp WxH=(200x100)mm | C31: Cái | D31: 0 | F31: 0 | G31: Tê nối máng cáp WxH=(200x100)mm | H31: Sơn tĩnh điện | I31: BHT | J31: Việt Nam | K31: 420200 | M31: 130000 | P31: =+K31+L31+M31+N31+O31 -> 550200 | Q31: =+P31*D31 -> 0 | R31: =+P31*D31 -> 0 | S31: 0
A32: 4 | B32: Máng cáp kim loại WxH-200x50mm | C32: m | D32: 871.99 | F32: 871.99 | G32: Máng cáp WxH=(200x50)mm | H32: Độ dày 1.2mm, Loại đục lỗ | I32: BHT | J32: Việt Nam | K32: 290500 | M32: 120900 | P32: =+K32+L32+M32+N32+O32 -> 411400 | Q32: =+P32*D32 -> 3.5873669e+08 | R32: =+P32*D32 -> 3.5873669e+08 | S32: 0
B33: Chuyển hướng ngang 90 độ máng cáp WxH=(200x50)mm | C33: Cái | D33: 40 | F33: 40 | G33: Chuyển hướng ngang 90 độ máng cáp WxH=(200x50)mm | H33: Sơn tĩnh điện | I33: BHT | J33: Việt Nam | K33: 283800 | M33: 120900 | P33: =+K33+L33+M33+N33+O33 -> 404700 | Q33: =+P33*D33 -> 16188000 | R33: =+P33*D33 -> 16188000 | S33: 0
B34: Chuyển hướng dọc 90 độ máng cáp WxH=(200x50)mm | C34: Cái | D34: 5 | F34: 5 | G34: Chuyển hướng ngang 90 độ máng cáp WxH=(200x50)mm | H34: Sơn tĩnh điện | I34: BHT | J34: Việt Nam | K34: 283800 | M34: 120900 | P34: =+K34+L34+M34+N34+O34 -> 404700 | Q34: =+P34*D34 -> 2023500 | R34: =+P34*D34 -> 2023500 | S34: 0
B35: Tê nối máng cáp WxH=(200x50)mm | C35: Cái | D35: 26 | F35: 26 | G35: Tê nối máng cáp WxH=(200x50)mm | H35: Sơn tĩnh điện | I35: BHT | J35: Việt Nam | K35: 363300 | M35: 130000 | P35: =+K35+L35+M35+N35+O35 -> 493300 | Q35: =+P35*D35 -> 12825800 | R35: =+P35*D35 -> 12825800 | S35: 0
A36: 5 | B36: Máng cáp kim loại WxH-150x50mm | C36: m | D36: 1724.49 | F36: 1724.49 | G36: Máng cáp kim loại WxH-150x50mm | H36: Độ dày 1.0mm, Loại đục lỗ, Sơn tĩnh điện | I36: BHT | J36: Việt Nam | K36: 218700 | M36: 111900 | P36: =+K36+L36+M36+N36+O36 -> 330600 | Q36: =+P36*D36 -> 5.7011639e+08 | R36: =+P36*D36 -> 5.7011639e+08 | S36: 0
B37: Tê nối máng cáp WxH=(150x50)mm | C37: Cái | D37: 20 | F37: 20 | G37: Tê nối máng cáp WxH=(150x50)mm | H37: Sơn tĩnh điện | I37: BHT | J37: Việt Nam | K37: 267000 | M37: 120900 | P37: =+K37+L37+M37+N37+O37 -> 387900 | Q37: =+P37*D37 -> 7758000 | R37: =+P37*D37 -> 7758000 | S37: 0
B38: Chuyển hướng ngang 90 độ máng cáp WxH=(150x50)mm | C38: Cái | D38: 89 | F38: 89 | G38: Chuyển hướng ngang 90 độ máng cáp WxH=(150x50)mm | H38: Sơn tĩnh điện | I38: BHT | J38: Việt Nam | K38: 213600 | M38: 111900 | P38: =+K38+L38+M38+N38+O38 -> 325500 | Q38: =+P38*D38 -> 28969500 | R38: =+P38*D38 -> 28969500 | S38: 0
B39: Chuyển hướng dọc 90 độ máng cáp WxH=(150x50)mm | C39: Cái | D39: 19 | F39: 19 | G39: Chuyển hướng ngang 90 độ máng cáp WxH=(150x50)mm | H39: Sơn tĩnh điện | I39: BHT | J39: Việt Nam | K39: 213600 | M39: 111900 | P39: =+K39+L39+M39+N39+O39 -> 325500 | Q39: =+P39*D39 -> 6184500 | R39: =+P39*D39 -> 6184500 | S39: 0
B40: Thang cáp WxH=(400x50)mm | C40: m | D40: 66 | F40: 66 | G40: Thang cáp kim loại WxH-400x50mm | H40: 2mm, Sơn tĩnh điện | I40: BHT | J40: Việt Nam | K40: 181000 | M40: 124000 | P40: =+K40+L40+M40+N40+O40 -> 305000 | Q40: =+P40*D40 -> 20130000 | R40: =+P40*D40 -> 20130000 | S40: 0
B41: Chuyển hướng ngang 90 độ thang cáp WxH=(400x50)mm | C41: Cái | D41: 4 | F41: 4 | G41: Chuyển hướng ngang 90 độ thang cáp WxH=(400x50)mm | H41: Sơn tĩnh điện | I41: BHT | J41: Việt Nam | K41: 176800 | M41: 124000 | P41: =+K41+L41+M41+N41+O41 -> 300800 | Q41: =+P41*D41 -> 1203200 | R41: =+P41*D41 -> 1203200 | S41: 0
B42: Chuyển hướng dọc 90 độ thang cáp WxH=(400x50)mm | C42: Cái | D42: 1 | F42: 1 | G42: Co lơi thang cáp WxH=(400x50)mm | H42: Sơn tĩnh điện | I42: BHT | J42: Việt Nam | K42: 176800 | M42: 124000 | P42: =+K42+L42+M42+N42+O42 -> 300800 | Q42: =+P42*D42 -> 300800 | R42: =+P42*D42 -> 300800 | S42: 0
B43: Tê nối thang cáp WxH=(400x50)mm | C43: Cái | D43: 3 | F43: 3 | G43: Tê giảm thang cáp WxH=(400x100)mm | H43: Sơn tĩnh điện | I43: BHT | J43: Việt Nam | K43: 330000 | M43: 155200 | P43: =+K43+L43+M43+N43+O43 -> 485200 | Q43: =+P43*D43 -> 1455600 | R43: =+P43*D43 -> 1455600 | S43: 0
A44: 6 | B44: Thanh đỡ thép L50x50x5 | C44: m | D44: 578.64625 | F44: 578.64625 | G44: 0 | H44: 0 | I44: 0 | J44: Việt Nam | K44: 0 | M44: 0 | P44: =+K44+L44+M44+N44+O44 -> 0 | Q44: =+P44*D44 -> 0 | R44: =+P44*D44 -> 0 | S44: Đã bao gồm
A45: 7 | B45: Ti treo thép M12 | C45: m | D45: 2614 | F45: 2614 | G45: 0 | H45: 0 | I45: 0 | J45: Việt Nam | K45: 0 | M45: 0 | P45: =+K45+L45+M45+N45+O45 -> 0 | Q45: =+P45*D45 -> 0 | R45: =+P45*D45 -> 0 | S45: Đã bao gồm
A46: 8 | B46: Vật tư phụ hoàn thiện toàn bộ hệ thống | C46: Lô | D46: 1 | F46: 1 | G46: 0 | H46: 0 | I46: 0 | J46: Việt Nam | K46: 0 | M46: 0 | P46: =+K46+L46+M46+N46+O46 -> 0 | Q46: =+P46*D46 -> 0 | R46: =+P46*D46 -> 0 | S46: Đã bao gồm
A47: IV | B47: Hệ thống nối đất thông tin | D47: 0 | F47: 0 | G47: 0 | H47: 0 | I47: 0 | J47: 0 | K47: 0 | M47: 0 | P47: =+K47+L47+M47+N47+O47 -> 0 | Q47: =+P47*D47 -> 0 | R47: =+P47*D47 -> 0 | S47: 0
A48: 1 | B48: Tấm nối đất (150x50x5)mm | C48: cái | D48: 19 | F48: 19 | G48: Tấm nối đất(150x50x5)mm, bao gồm bulong, sứ cách điện, chân đế bằng inox | H48: 0 | I48: 0 | J48: Việt Nam | K48: 898200 | M48: 335500 | P48: =+K48+L48+M48+N48+O48 -> 1233700 | Q48: =+P48*D48 -> 23440300 | R48: =+P48*D48 -> 23440300 | S48: 0
A49: 2 | B49: Dây nối đất Cu/PVC (1x16)mm2 | C49: m | D49: 284 | F49: 284 | G49: 0 | H49: C 16 | I49: Cadivi | J49: Vietnam | K49: 68400 | M49: 23200 | P49: =+K49+L49+M49+N49+O49 -> 91600 | Q49: =+P49*D49 -> 26014400 | R49: =+P49*D49 -> 26014400 | S49: 0
A50: B | B50: Phát sinh ngoài KLMT Nhà thầu bổ sung
A51: I | B51: Vật tư thiết bị đầu tư cho BQL tòa nhà | F51: 0 | G51: 0 | H51: 0 | I51: 0 | J51: 0 | K51: 0 | M51: 0 | P51: =+K51+L51+M51+N51+O51 -> 0 | Q51: =+P51*D51 -> 0 | R51: =+P51*D51 -> 0 | S51: 0
A52: 0 | B52: Ống PVC D20 lắp đặt ngầm tường | F52: 0 | G52: Ống luồn tròn PVC - Medium duty phi 20mm - ARC20/M | H52: ARC20/M | I52: AC | J52: Việt Nam | K52: 9000 | M52: 41700 | P52: =+K52+L52+M52+N52+O52 -> 50700 | Q52: =+P52*D52 -> 0 | R52: =+P52*D52 -> 0 | S52: Bao gồm cắt đục, trám trét và đóng lưới hoàn thiện thô bàn giao xây dựng
A53: II | B53: PHẦN VẬT TƯ THIẾT BỊ ĐẦU TƯ CHO CĂN HỘ | F53: 0 | G53: 0 | H53: 0 | I53: 0 | J53: 0 | K53: 0 | M53: 0 | P53: =+K53+L53+M53+N53+O53 -> 0 | Q53: =+P53*D53 -> 0 | R53: =+P53*D53 -> 0 | S53: 0
A54: 0 | B54: Ống PVC D20 lắp đặt ngầm tường | F54: 0 | G54: Ống luồn tròn PVC - Medium duty phi 20mm - ARC20/M | H54: ARC20/M | I54: AC | J54: Việt Nam | K54: 9000 | M54: 41700 | P54: =+K54+L54+M54+N54+O54 -> 50700 | Q54: =+P54*D54 -> 0 | R54: =+P54*D54 -> 0 | S54: Bao gồm cắt đục, trám trét và đóng lưới hoàn thiện thô bàn giao xây dựng
A55: III | B55: Thang máng cáp | F55: 0 | G55: 0 | H55: 0 | I55: 0 | J55: 0 | K55: 0 | M55: 0 | P55: =+K55+L55+M55+N55+O55 -> 0 | Q55: =+P55*D55 -> 0 | R55: =+P55*D55 -> 0 | S55: 0
A56: 0 | B56: Giảm thang cáp WxH=(500x100/150x50)mm | F56: 0 | G56: Giảm thang cáp WxH=(500x100/150x50)mm | H56: Sơn tĩnh điện | I56: BHT | J56: Việt Nam | K56: 265000 | M56: 155200 | P56: =+K56+L56+M56+N56+O56 -> 420200 | Q56: =+P56*D56 -> 0 | R56: =+P56*D56 -> 0 | S56: 0
A57: 0 | B57: Tê nối máng cáp WxH=(150x50/200x50)mm | F57: 0 | G57: Tê nối máng cáp WxH=(150x50/200x50)mm | H57: Sơn tĩnh điện | I57: BHT | J57: Việt Nam | K57: 267000 | M57: 124000 | P57: =+K57+L57+M57+N57+O57 -> 391000 | Q57: =+P57*D57 -> 0 | R57: =+P57*D57 -> 0 | S57: 0
A58: IV | B58: Hệ thống nối đất thông tin | F58: 0 | G58: 0 | H58: 0 | I58: 0 | J58: 0 | K58: 0 | M58: 0 | P58: =+K58+L58+M58+N58+O58 -> 0 | Q58: =+P58*D58 -> 0 | R58: =+P58*D58 -> 0 | S58: 0
A59: 0 | B59: Hộp nối cáp | F59: 0 | G59: Hộp nối vuông 83*83*44 - ABU332 | H59: ABU332 | I59: AC | J59: Việt Nam | K59: 12600 | M59: 43400 | P59: =+K59+L59+M59+N59+O59 -> 56000 | Q59: =+P59*D59 -> 0 | R59: =+P59*D59 -> 0 | S59: 0
B60: ….......................
A61: C | B61: TỔNG CỘNG TRƯỚC VAT: C = A + B | Q61: =SUBTOTAL(9,Q9:Q60) -> 1806831740 | R61: =SUBTOTAL(9,R9:R60) -> 1806831740

Sheet 3. HT CTN
A1: Dự án: TOÀ NHÀ HỖN HỢP HACOM MALL
A2: Gói thầu: CUNG CẤP VTTB VÀ THI CÔNG LẮP ĐẶT HỆ THỐNG CƠ ĐIỆN
A3: Hạng mục: HỆ THỐNG CẤP THOÁT NƯỚC
A5: KHỐI LƯỢNG MỜI THẦU | F5: NHÀ THẦU SEAREFICO
A6: STT | B6: Diễn giải | C6: Đơn vị | D6: KL Mời thầu Lần 2 | E6: Ghi chú | F6: KL Nhà thầu chào | G6: THÔNG TIN VỀ VẬT LIỆU CHÍNH | K6: ĐƠN GIÁ (chưa bao gồm VAT) | Q6: Thành tiền BOQ | S6: Ghi chú
G7: Mô tả/ Quy cách | H7: Mã hiệu | I7: Thương hiệu | J7: Xuất xứ | K7: VL chính | L7: VL phụ | M7: NC&M | N7: CF quản lý | O7: Lợi nhuận | P7: ĐG tổng hợp | Q7: Thành tiền KLMT | R7: Thành tiền Nhà thầu chào
A8: 1 | B8: 2 | C8: 3 | D8: 4 | F8: 6 | G8: 7 | H8: 8 | I8: 9 | J8: 10 | K8: 11 | L8: 12 | M8: 13 | N8: 14 | O8: 15 | P8: 16=11+12+13+14+15 | Q8: 17=4*16 | R8: 18=6*16 | S8: 19
A9: A | B9: ĐẦU MỤC CÔNG VIỆC THEO KLMT
A10: I | B10: Phần thiết bị + phụ kiện chính
A11: 1 | B11: Bơm thoát nước sàn hầm ( thông số 1 bơm Q=12m3/h. H=15m, N=2,5KW), ( bao gồm phụ kiện : khớp nối nhanh, xích kéo, thanh dẫn hướng…) | C11: Cụm | D11: 3 | E11: Bơm thả chìm, nguyên cụm (bao gồm 02 bơm) | F11: 3 | G11: Đơn giá 2 bơm kèm khớp nối nhanh, chưa bao gồm van và tủ điện | H11: FAG 50C 20.30/15 | I11: Wilo | J11: Trung Quốc | K11: 72682000 | M11: 4030000 | P11: =K11+L11+M11+N11+O11 -> 76712000 | Q11: =$P11*D11 -> 230136000 | R11: =$P11*F11 -> 230136000 | S11: Đơn giá 2 bơm kèm khớp nối nhanh, chưa bao gồm van và tủ điện
A12: 2 | B12: Bơm hố pít thang máy ( thông số 1 bơm Q=10m3/h. H=15m, N=1,5KW), ( bao gồm phụ kiện : khớp nối nhanh, xích kéo, thanh dẫn hướng…) | C12: Cụm | D12: 2 | E12: Bơm thả chìm, nguyên cụm (bao gồm 02 bơm) | F12: 2 | G12: Đơn giá 2 bơm kèm khớp nối nhanh, chưa bao gồm van và tủ điện | H12: FAG 50C 20.30/15 | I12: Wilo | J12: Trung Quốc | K12: 72682000 | M12: 4030000 | P12: =K12+L12+M12+N12+O12 -> 76712000 | Q12: =$P12*D12 -> 153424000 | R12: =$P12*F12 -> 153424000 | S12: Đơn giá 2 bơm kèm khớp nối nhanh, chưa bao gồm van và tủ điện
A13: 3 | B13: Bơm bể bơm trung chuyển ( thông số bơm Q=6m3/h. H=6m), ( bao gồm phụ kiện : khớp nối nhanh, xích kéo, thanh dẫn hướng…) | C13: Cụm | D13: 2 | E13: Bơm thả chìm, nguyên cụm (bao gồm 02 bơm) | F13: 2 | G13: Đơn giá 2 bơm kèm khớp nối nhanh, chưa bao gồm van và tủ điện | H13: FAG 50Z 11.14/4.5 | I13: Wilo | J13: Trung Quốc | K13: 49834000 | M13: 4030000 | P13: =K13+L13+M13+N13+O13 -> 53864000 | Q13: =$P13*D13 -> 107728000 | R13: =$P13*F13 -> 107728000 | S13: Đơn giá 2 bơm kèm khớp nối nhanh, chưa bao gồm van và tủ điện
A14: 4 | B14: Bơm cấp nước lên mái khối A ( thông số 1 bơm Q=40m3/h. H=130m, N=22KW), ( bao gồm phụ kiện ) | C14: Cụm | D14: 1 | E14: Bơm trục đứng, đa tầng cánh, nguyên cụm (bao gồm 02 bơm) | F14: 1 | G14: Đơn giá 2 bơm, chưa bao gồm cụm van và tủ điện | H14: Helix FIRST V 3608-5/25/E/KS/400-50 | I14: Wilo | J14: Trung Quốc | K14: 333200000 | M14: 8886200 | P14: =K14+L14+M14+N14+O14 -> 342086200 | Q14: =$P14*D14 -> 342086200 | R14: =$P14*F14 -> 342086200 | S14: Đơn giá 2 bơm, chưa bao gồm cụm van và tủ điện
A15: 5 | B15: Bơm cấp nước lên mái khối B ( thông số 1 bơm Q=40m3/h. H=120m, N=22KW), ( bao gồm phụ kiện ) | C15: Cụm | D15: 1 | E15: Bơm trục đứng, đa tầng cánh, nguyên cụm (bao gồm 02 bơm) | F15: 1 | G15: Đơn giá 2 bơm, chưa bao gồm cụm van và tủ điện | H15: Helix FIRST V 3607-5/25/E/KS/400-50 | I15: Wilo | J15: Trung Quốc | K15: 311780000 | M15: 8886200 | P15: =K15+L15+M15+N15+O15 -> 320666200 | Q15: =$P15*D15 -> 320666200 | R15: =$P15*F15 -> 320666200 | S15: Đơn giá 2 bơm, chưa bao gồm cụm van và tủ điện
A16: 6 | B16: Bơm biến tần tăng áp khối đế (thông số 1 bơm Q=40m3/h. H=56m,N=11KW), ( bao gồm phụ kiện ) | C16: Cụm | D16: 1 | E16: Bơm trục đứng, đa tầng cánh, nguyên cụm (bao gồm 02 bơm) | F16: 1 | G16: Bơm trục đứng đa tầng cánh bao gồm bệ, ống gom phía hút-xả bằng Inox, van đồng Miha, đồng hồ đo áp…..và các thiết bị liên quan. Thân gang Lắp ráp tại Việt Nam | H16: FIRST V 3604/2-5/16/E/S/400-50 | I16: Wilo, lắp ráp cụm cơ khí Việt Nam | J16: Trung Quốc, Việt Nam | K16: 351407000 | M16: 8886200 | P16: =K16+L16+M16+N16+O16 -> 360293200 | Q16: =$P16*D16 -> 360293200 | R16: =$P16*F16 -> 360293200 | S16: Bơm trục đứng đa tầng cánh bao gồm bệ, ống gom phía hút-xả bằng Inox, van đồng Miha, đồng hồ đo áp…..và các thiết bị liên quan. Thân gang Lắp ráp tại Việt Nam
A17: 7 | B17: Bơm biến tần tăng áp mái khối A (thông số 1 bơm Q=27m3/h. H=25m,N=3.7KW), ( bao gồm phụ kiện ) | C17: Cụm | D17: 1 | E17: Bơm trục đứng, đa tầng cánh, nguyên cụm (bao gồm 02 bơm) | F17: 1 | G17: Bơm trục ngang đơn tầng cánh bao gồm bệ, ống gom phía hút-xả bằng Inox, van đồng Miha, đồng hồ đo áp…..và các thiết bị liên quan. Lắp ráp tại Việt Nam | H17: Atmos BST 40/125-3/2-V1 | I17: Wilo, lắp ráp cụm cơ khí Việt Nam | J17: Trung Quốc, Việt Nam | K17: 132923000 | M17: 8886200 | P17: =K17+L17+M17+N17+O17 -> 141809200 | Q17: =$P17*D17 -> 141809200 | R17: =$P17*F17 -> 141809200 | S17: Bơm trục ngang đơn tầng cánh bao gồm bệ, ống gom phía hút-xả bằng Inox, van đồng Miha, đồng hồ đo áp…..và các thiết bị liên quan. Lắp ráp tại Việt Nam
A18: 8 | B18: Bơm biến tần tăng áp mái khối B (thông số 1 bơm Q=30m3/h. H=25m,N=3.7KW), ( bao gồm phụ kiện ) | C18: Cụm | D18: 1 | E18: Bơm trục đứng, đa tầng cánh, nguyên cụm (bao gồm 02 bơm) | F18: 1 | G18: Bơm trục ngang đơn tầng cánh bao gồm bệ, ống gom phía hút-xả bằng Inox, van đồng Miha, đồng hồ đo áp…..và các thiết bị liên quan. Lắp ráp tại Việt Nam | H18: Atmos BST 50/160-4/2-V2 | I18: Wilo, lắp ráp cụm cơ khí Việt Nam | J18: Trung Quốc, Việt Nam | K18: 150773000 | M18: 8886200 | P18: =K18+L18+M18+N18+O18 -> 159659200 | Q18: =$P18*D18 -> 159659200 | R18: =$P18*F18 -> 159659200 | S18: Bơm trục ngang đơn tầng cánh bao gồm bệ, ống gom phía hút-xả bằng Inox, van đồng Miha, đồng hồ đo áp…..và các thiết bị liên quan. Lắp ráp tại Việt Nam
A19: 9 | B19: Bình tích áp 500L (bao gồm đồng hồ đo áp, công tắc áp lực liên động bơm tăng áp), ( bao gồm phụ kiện) | C19: Cụm | D19: 3 | F19: 3 | G19: 0 | H19: US500461CS000000 | I19: Varem | J19: Ý | K19: 31037600 | M19: 1612000 | P19: =K19+L19+M19+N19+O19 -> 32649600 | Q19: =$P19*D19 -> 97948800 | R19: =$P19*F19 -> 97948800 | S19: 0
A20: 10 | B20: Cụm đồng hồ nước DN100 (gồm 01 đồng hồ, 02 van bướm, 01 mối nối mềm) | C20: Cụm | D20: 1 | F20: 1 | G20: 1 cụm bao gồm 1 đồng hồ 2 bướm, 1 Y lọc Vật liệu gang Loại cơ, không kết nối BMS, Lắp ngang - PN10,Van bướm DN100 PN16 ,Nối mềm DN110 PN16, SS304 | H20: WTM - 100,FSNG.16,FSSEF.16 | I20: KVS,Flowsure,Flowsure | J20: Trung Quốc, Châu Á | K20: 19055500 | M20: 1608000 | P20: =K20+L20+M20+N20+O20 -> 20663500 | Q20: =$P20*D20 -> 20663500 | R20: =$P20*F20 -> 20663500 | S20: 1 cụm bao gồm 1 đồng hồ 2 bướm, 1 Y lọc Vật liệu gang Loại cơ, không kết nối BMS, Lắp ngang - PN10,Van bướm DN100 PN16 ,Nối mềm DN110 PN16, SS304
A21: 11 | B21: Cụm đồng hồ nước DN80 (gồm 01 đồng hồ, 02 van khóa, kèm phụ kiện) | C21: Cụm | D21: 1 | F21: 1 | G21: 1 cụm bao gồm 1 đồng hồ 2 van cổng Vật liệu gang Loại cơ, không kết nối BMS, Lắp ngang,Van DN80 PN16 | H21: WTM - 80,FSNG.16 | I21: KVS,Flowsure | J21: Trung Quốc, Châu Á | K21: 12591200 | M21: 915900 | P21: =K21+L21+M21+N21+O21 -> 13507100 | Q21: =$P21*D21 -> 13507100 | R21: =$P21*F21 -> 13507100 | S21: 1 cụm bao gồm 1 đồng hồ 2 van cổng Vật liệu gang Loại cơ, không kết nối BMS, Lắp ngang,Van DN80 PN16
A22: 12 | B22: Cụm đồng hồ nước DN50 (gồm 01 đồng hồ, 02 van khóa, kèm phụ kiện) | C22: Cụm | D22: 2 | F22: 2 | G22: 1 cụm bao gồm 1 đồng hồ 2 van cổng Vật liệu gang Loại cơ, không kết nối BMS, Lắp ngang,Van DN50 PN16 | H22: MTF - 55,FSGT.16, đồng thau | I22: KVS,Flowsure | J22: Trung Quốc, Châu Á | K22: 3906700 | M22: 752700 | P22: =K22+L22+M22+N22+O22 -> 4659400 | Q22: =$P22*D22 -> 9318800 | R22: =$P22*F22 -> 9318800 | S22: 1 cụm bao gồm 1 đồng hồ 2 van cổng Vật liệu gang Loại cơ, không kết nối BMS, Lắp ngang,Van DN50 PN16
A23: 13 | B23: Cụm đồng hồ nước DN40 (gồm 01 đồng hồ, 02 van khóa, kèm phụ kiện) | C23: Cụm | D23: 5 | F23: 5 | G23: 1 cụm bao gồm 1 đồng hồ 2 van cổng Vật liệu gang Loại cơ, không kết nối BMS, Lắp ngang,Van DN40 PN16 | H23: MTM - 55,FSGT.16, đồng thau | I23: KVS,Flowsure | J23: Trung Quốc, Châu Á | K23: 2575000 | M23: 680100 | P23: =K23+L23+M23+N23+O23 -> 3255100 | Q23: =$P23*D23 -> 16275500 | R23: =$P23*F23 -> 16275500 | S23: 1 cụm bao gồm 1 đồng hồ 2 van cổng Vật liệu gang Loại cơ, không kết nối BMS, Lắp ngang,Van DN40 PN16
A24: 14 | B24: Cụm đồng hồ nước DN32 (gồm 01 đồng hồ, 02 van khóa, kèm phụ kiện) | C24: Cụm | D24: 2 | F24: 2 | G24: 1 cụm bao gồm 1 đồng hồ 2 van cổng Vật liệu gang Loại cơ, không kết nối BMS, Lắp ngang,Van DN32 PN16 | H24: MTM - 55,FSGT.16, đồng thau | I24: KVS,Flowsure | J24: Trung Quốc, Châu Á | K24: 1814000 | M24: 616600 | P24: =K24+L24+M24+N24+O24 -> 2430600 | Q24: =$P24*D24 -> 4861200 | R24: =$P24*F24 -> 4861200 | S24: 1 cụm bao gồm 1 đồng hồ 2 van cổng Vật liệu gang Loại cơ, không kết nối BMS, Lắp ngang,Van DN32 PN16
A25: 15 | B25: Cụm đồng hồ nước DN25 (gồm 01 đồng hồ, 02 van khóa, kèm phụ kiện) | C25: Cụm | D25: 6 | F25: 6 | G25: 1 cụm bao gồm 1 đồng hồ 2 van cổng Vật liệu gang Loại cơ, không kết nối BMS, Lắp ngang,Van DN25 PN16 | H25: MTM - 55,FSGT.16, đồng thau | I25: KVS,Flowsure | J25: Trung Quốc, Châu Á | K25: 1499700 | M25: 544100 | P25: =K25+L25+M25+N25+O25 -> 2043800 | Q25: =$P25*D25 -> 12262800 | R25: =$P25*F25 -> 12262800 | S25: 1 cụm bao gồm 1 đồng hồ 2 van cổng Vật liệu gang Loại cơ, không kết nối BMS, Lắp ngang,Van DN25 PN16
A26: 16 | B26: Cụm đồng hồ nước DN20 (gồm 01 đồng hồ, 02 van khóa, kèm phụ kiện) | C26: Cụm | D26: 432 | F26: 432 | G26: 1 cụm bao gồm 1 đồng hồ 2 van cổng Vật liệu gang Loại cơ, không kết nối BMS, Lắp ngang,Van cổng DN25 PN16 | H26: MTM - 55,FSGT.16, đồng thau | I26: KVS,Flowsure | J26: Trung Quốc, Châu Á | K26: 1224800 | M26: 471600 | P26: =K26+L26+M26+N26+O26 -> 1696400 | Q26: =$P26*D26 -> 732844800 | R26: =$P26*F26 -> 732844800 | S26: 1 cụm bao gồm 1 đồng hồ 2 van cổng Vật liệu gang Loại cơ, không kết nối BMS, Lắp ngang,Van cổng DN25 PN16
A27: 17 | B27: Cụm đồng hồ nước DN15 (gồm 01 đồng hồ, 02 van khóa, kèm phụ kiện) | C27: Cụm | D27: 84 | F27: 84 | G27: 1 cụm bao gồm 1 đồng hồ 2 van cổng Vật liệu gang Loại cơ, không kết nối BMS, Lắp ngang,Van cổng DN20 PN16 | H27: KVS - 402,FSGT.16, đồng thau | I27: KVS,Flowsure | J27: Trung Quốc, Châu Á | K27: 882200 | M27: 471600 | P27: =K27+L27+M27+N27+O27 -> 1353800 | Q27: =$P27*D27 -> 113719200 | R27: =$P27*F27 -> 113719200 | S27: 1 cụm bao gồm 1 đồng hồ 2 van cổng Vật liệu gang Loại cơ, không kết nối BMS, Lắp ngang,Van cổng DN20 PN16
A28: 18 | B28: Cảm biến mực nước | C28: Cái | D28: 6 | F28: 6 | G28: 0 | H28: 61F-GAP | I28: Omron | J28: Nhật/Trung Quốc | K28: 6975200 | M28: 302300 | P28: =K28+L28+M28+N28+O28 -> 7277500 | Q28: =$P28*D28 -> 43665000 | R28: =$P28*F28 -> 43665000 | S28: 0
A29: 19 | B29: Van búa nước DN80 | C29: Cái | D29: 2 | E29: PN25 | F29: 2 | G29: PN20 | H29: FSWH.20 | I29: Flowsure | J29: Trung Quốc | K29: 9923200 | M29: 244500 | P29: =K29+L29+M29+N29+O29 -> 10167700 | Q29: =$P29*D29 -> 20335400 | R29: =$P29*F29 -> 20335400 | S29: PN20
A30: 20 | B30: Van chống va xả áp lực dư DN80 | C30: Cái | D30: 2 | E30: PN25 | F30: 2 | G30: 0 | H30: FSQR.25 | I30: Flowsure | J30: Trung Quốc | K30: 23338000 | M30: 244500 | P30: =K30+L30+M30+N30+O30 -> 23582500 | Q30: =$P30*D30 -> 47165000 | R30: =$P30*F30 -> 47165000 | S30: 0
A31: 21 | B31: Van phao cơ DN100 | C31: Cái | D31: 2 | E31: PN16 | F31: 2 | G31: PN16 | H31: FSFL.16 | I31: Flowsure | J31: Trung Quốc | K31: 11397200 | M31: 310000 | P31: =K31+L31+M31+N31+O31 -> 11707200 | Q31: =$P31*D31 -> 23414400 | R31: =$P31*F31 -> 23414400 | S31: PN16
A32: 22 | B32: Van xả khí tự động DN25 | C32: Cái | D32: 9 | F32: 9 | G32: 25 Bar | H32: KVS - 870 | I32: KVS | J32: Trung Quốc | K32: 2347700 | M32: 85800 | P32: =K32+L32+M32+N32+O32 -> 2433500 | Q32: =$P32*D32 -> 21901500 | R32: =$P32*F32 -> 21901500 | S32: 25 Bar
A33: 23 | B33: Cụm van giảm áp DN100 (gồm 4 van khóa, 02 van giảm áp) | C33: Cụm | D33: 1 | E33: PN16 | F33: 1 | G33: PN16 | H33: FSNG.16,FSPR.16 | I33: Flowsure | J33: Trung Quốc | K33: 30601600 | M33: 1860000 | P33: =K33+L33+M33+N33+O33 -> 32461600 | Q33: =$P33*D33 -> 32461600 | R33: =$P33*F33 -> 32461600 | S33: PN16
A34: 24 | B34: Cụm van giảm áp DN80 (gồm 4 van khóa, 02 van giảm áp) | C34: Cụm | D34: 5 | E34: PN16 | F34: 5 | G34: 0 | H34: FSNG.16,FSPR.16 | I34: Flowsure | J34: Trung Quốc | K34: 27383100 | M34: 1466700 | P34: =K34+L34+M34+N34+O34 -> 28849800 | Q34: =$P34*D34 -> 144249000 | R34: =$P34*F34 -> 144249000 | S34: 0
A35: 25 | B35: Cảm biến áp suất | C35: Cái | D35: 2 | F35: 2 | G35: SS304+Bras | H35: 8080 +3029 | I35: Genebre | J35: Tây Ban Nha | K35: 5318200 | M35: 302300 | P35: =K35+L35+M35+N35+O35 -> 5620500 | Q35: =$P35*D35 -> 11241000 | R35: =$P35*F35 -> 11241000 | S35: SS304+Bras
A36: 26 | B36: Cửa thăm | C36: Cái | D36: 1 | F36: 1 | G36: Không thuộc phạm vi công việc của nhà thầu MEP theo RFI 02.01 | H36: 0 | I36: 0 | J36: 0 | K36: 0 | M36: 0 | P36: =K36+L36+M36+N36+O36 -> 0 | Q36: =$P36*D36 -> 0 | R36: =$P36*F36 -> 0 | S36: Không thuộc phạm vi công việc của nhà thầu MEP theo RFI 02.01
A37: 27 | B37: Cửa thăm vuông có bản lề hapulico hoặc tương đương | C37: Cái | D37: 6 | F37: 6 | G37: Không thuộc phạm vi công việc của nhà thầu MEP theo RFI 02.01 | H37: 0 | I37: 0 | J37: 0 | K37: 0 | M37: 0 | P37: =K37+L37+M37+N37+O37 -> 0 | Q37: =$P37*D37 -> 0 | R37: =$P37*F37 -> 0 | S37: Không thuộc phạm vi công việc của nhà thầu MEP theo RFI 02.01
A38: 28 | B38: Tấm ghi đậy rãnh B300, KN12,5 | C38: m | D38: 16 | F38: 16 | G38: Không thuộc phạm vi công việc của nhà thầu MEP theo RFI 02.01 | H38: 0 | I38: 0 | J38: 0 | K38: 0 | M38: 0 | P38: =K38+L38+M38+N38+O38 -> 0 | Q38: =$P38*D38 -> 0 | R38: =$P38*F38 -> 0 | S38: Không thuộc phạm vi công việc của nhà thầu MEP theo RFI 02.01
A39: 29 | B39: Bể Inox lắp ghép mái tháp B 32m3 (AxBxH=4x4x2.5) | C39: Cái | D39: 1 | F39: 1 | G39: - Dung tích bể: 32m3; - Chia ngăn: Chia 02 ngăn; - Trọng lượng: Khoảng 2.0 Tấn - Vật liệu: Inox 304; Tấm panel đáy bể dày 3.0mm dập chỏm cầu tăng cứng tại nhà máy, quy cách giống tấm thành và nóc, tấm panel thành 1(1000x500) dày 2.5mm; tấm thành 2 dày 2.0mm; tấm thàn 3 dày 1.5mm; tấm nóc bể dày 1.2mm; Sản xuất theo tiêu chuẩn Jis G4305:2012/ASTM-A240; Hệ giằng, chống trong bể V30x2.0-2.5mm. Hệ U100x45x4.0 chấn mạ kẽm nhúng nóng, lắp đặt bằng bulong mạ kẽm. - Phương pháp lắp đặt: Hàn Tig tại hiện trường.AA1033 | H39: 0 | I39: Sơn Hà | J39: Việt Nam | K39: 492148300 | M39: 12400000 | P39: =K39+L39+M39+N39+O39 -> 504548300 | Q39: =$P39*D39 -> 504548300 | R39: =$P39*F39 -> 504548300 | S39: - Dung tích bể: 32m3; - Chia ngăn: Chia 02 ngăn; - Trọng lượng: Khoảng 2.0 Tấn - Vật liệu: Inox 304; Tấm panel đáy bể dày 3.0mm dập chỏm cầu tăng cứng tại nhà máy, quy cách giống tấm thành và nóc, tấm panel thành 1(1000x500) dày 2.5mm; tấm thành 2 dày 2.0mm; tấm thàn 3 dày 1.5mm; tấm nóc bể dày 1.2mm; Sản xuất theo tiêu chuẩn Jis G4305:2012/ASTM-A240; Hệ giằng, chống trong bể V30x2.0-2.5mm. Hệ U100x45x4.0 chấn mạ kẽm nhúng nóng, lắp đặt bằng bulong mạ kẽm. - Phương pháp lắp đặt: Hàn Tig tại hiện trường.AA1033
A40: 30 | B40: Bể Inox lắp ghép mái tháp A 36m3 (AxBxH=6x3x2.5) | C40: Cái | D40: 1 | F40: 1 | G40: - Kích thước: D6,0(3,0+3,0) x R3,0 x C3 (m); - Dung tích bể: 36m3; - Chia ngăn: Chia 02 ngăn; - Trọng lượng: Khoảng 2.2 Tấn '- Vật liệu: Inox 304; Tấm panel đáy bể dày 3.0mm dập chỏm cầu tăng cứng tại nhà máy, quy cách giống tấm thành và nóc, tấm panel thành 1(1000x500) dày 2.5mm; tấm thành 2 dày 2.0mm; tấm thành 3 dày 1.5mm; tấm nóc bể dày 1.2mm; Sản xuất theo tiêu chuẩn Jis G4305:2012/ASTM-A240; Hệ giằng, chống trong bể V30x2.0-2.5mm. Hệ U100x45x4.0 chấn mạ kẽm nhúng nóng, lắp đặt bằng bulong mạ kẽm. - Phương pháp lắp đặt: Hàn Tig tại hiện trường. | H40: 0 | I40: Sơn Hà | J40: Việt Nam | K40: 520383700 | M40: 12400000 | P40: =K40+L40+M40+N40+O40 -> 532783700 | Q40: =$P40*D40 -> 532783700 | R40: =$P40*F40 -> 532783700 | S40: - Kích thước: D6,0(3,0+3,0) x R3,0 x C3 (m); - Dung tích bể: 36m3; - Chia ngăn: Chia 02 ngăn; - Trọng lượng: Khoảng 2.2 Tấn '- Vật liệu: Inox 304; Tấm panel đáy bể dày 3.0mm dập chỏm cầu tăng cứng tại nhà máy, quy cách giống tấm thành và nóc, tấm panel thành 1(1000x500) dày 2.5mm; tấm thành 2 dày 2.0mm; tấm thành 3 dày 1.5mm; tấm nóc bể dày 1.2mm; Sản xuất theo tiêu chuẩn Jis G4305:2012/ASTM-A240; Hệ giằng, chống trong bể V30x2.0-2.5mm. Hệ U100x45x4.0 chấn mạ kẽm nhúng nóng, lắp đặt bằng bulong mạ kẽm. - Phương pháp lắp đặt: Hàn Tig tại hiện trường.
A41: 31 | B41: Nắp ghi gang ga thu sàn 400x600 | C41: Cái | D41: 10 | F41: 10 | G41: Không thuộc phạm vi công việc của nhà thầu MEP theo RFI 02.01 | H41: 0 | I41: 0 | J41: 0 | K41: 0 | M41: 0 | P41: =K41+L41+M41+N41+O41 -> 0 | Q41: =$P41*D41 -> 0 | R41: =$P41*F41 -> 0 | S41: Không thuộc phạm vi công việc của nhà thầu MEP theo RFI 02.01
A42: 32 | B42: Hộp đồng hồ tổng | C42: Cái | D42: 1 | F42: 1 | G42: 0 | H42: 0 | I42: 0 | J42: Việt Nam | K42: 7423300 | M42: 5701400 | P42: =K42+L42+M42+N42+O42 -> 13124700 | Q42: =$P42*D42 -> 13124700 | R42: =$P42*F42 -> 13124700 | S42: 0
A43: II | B43: Phần cấp nước mặt bằng + trục đứng
A44: I | B44: Cấp Nước/Supply Water
A45: 1 | B45: Ống thép mạ kẽm nhúng nóng (SCH10)
B46: DN200 | C46: m | D46: 3 | F46: 3 | G46: Ống Inox theo TCQ 01 | H46: Ống DN200 x 3.76 x 6000, Inox 304-SCH10 | I46: Sơn Hà | J46: Việt Nam | K46: 2052300 | M46: 620000 | P46: =K46+L46+M46+N46+O46 -> 2672300 | Q46: =$P46*D46 -> 8016900 | R46: =$P46*F46 -> 8016900 | S46: Ống Inox theo TCQ 01
B47: DN150 | C47: m | D47: 20 | E47: inox 304 | F47: 20 | G47: Ống Inox theo TCQ 01 | H47: Ống DN150 x 3.4 x 6000, Inox 304-SCH10 | I47: Sơn Hà | J47: Việt Nam | K47: 1381100 | M47: 484400 | P47: =K47+L47+M47+N47+O47 -> 1865500 | Q47: =$P47*D47 -> 37310000 | R47: =$P47*F47 -> 37310000 | S47: Ống Inox theo TCQ 01
B48: DN125 | C48: m | D48: 8 | E48: inox 304 | F48: 8 | G48: Ống Inox theo TCQ 01 | H48: Ống DN125 x 3.4 x 6000, Inox 304-SCH10 | I48: Sơn Hà | J48: Việt Nam | K48: 1148600 | M48: 387500 | P48: =K48+L48+M48+N48+O48 -> 1536100 | Q48: =$P48*D48 -> 12288800 | R48: =$P48*F48 -> 12288800 | S48: Ống Inox theo TCQ 01
B49: DN100 | C49: m | D49: 27 | E49: inox 304 | F49: 27 | G49: Ống Inox theo TCQ 01 | H49: Ống DN100 x 3.05 x 6000, Inox 304-SCH10 | I49: Sơn Hà | J49: Việt Nam | K49: 830900 | M49: 295700 | P49: =K49+L49+M49+N49+O49 -> 1126600 | Q49: =$P49*D49 -> 30418200 | R49: =$P49*F49 -> 30418200 | S49: Ống Inox theo TCQ 01
B50: DN80 | C50: m | D50: 510 | E50: inox 304 | F50: 510 | G50: Ống Inox theo TCQ 01 | H50: Ống DN80 x 3.05 x 6000, Inox 304-SCH10 | I50: Sơn Hà | J50: Việt Nam | K50: 641000 | M50: 235300 | P50: =K50+L50+M50+N50+O50 -> 876300 | Q50: =$P50*D50 -> 446913000 | R50: =$P50*F50 -> 446913000 | S50: Ống Inox theo TCQ 01
A51: 2 | B51: Ống PPR PN10 / Pipe PPR PN10
B52: D110 | C52: m | D52: 81.316 | E52: PPR PN10 | F52: 81.316 | G52: Đường kính ngoài, Chưa bao gồm chi phí cắt đục tường, Chi phí cắt đục tường theo đơn giá phát sinh bên dưới | H52: Ống PPR PN10, D110*10 | I52: Tiền Phong | J52: Việt Nam | K52: 260400 | M52: 130200 | P52: =K52+L52+M52+N52+O52 -> 390600 | Q52: =$P52*D52 -> 31762030 | R52: =$P52*F52 -> 31762030 | S52: Đường kính ngoài, Chưa bao gồm chi phí cắt đục tường, Chi phí cắt đục tường theo đơn giá phát sinh bên dưới
B53: D90 | C53: m | D53: 36 | E53: PPR PN10 | F53: 36 | G53: Đường kính ngoài, Chưa bao gồm chi phí cắt đục tường, Chi phí cắt đục tường theo đơn giá phát sinh bên dưới | H53: Ống PPR PN10, D90*8.2 | I53: Tiền Phong | J53: Việt Nam | K53: 169000 | M53: 109900 | P53: =K53+L53+M53+N53+O53 -> 278900 | Q53: =$P53*D53 -> 10040400 | R53: =$P53*F53 -> 10040400 | S53: Đường kính ngoài, Chưa bao gồm chi phí cắt đục tường, Chi phí cắt đục tường theo đơn giá phát sinh bên dưới
B54: D63 | C54: m | D54: 238 | E54: PPR PN10 | F54: 238 | G54: Đường kính ngoài, Chưa bao gồm chi phí cắt đục tường, Chi phí cắt đục tường theo đơn giá phát sinh bên dưới | H54: Ống PPR PN10, D63*5.8 | I54: Tiền Phong | J54: Việt Nam | K54: 83300 | M54: 79600 | P54: =K54+L54+M54+N54+O54 -> 162900 | Q54: =$P54*D54 -> 38770200 | R54: =$P54*F54 -> 38770200 | S54: Đường kính ngoài, Chưa bao gồm chi phí cắt đục tường, Chi phí cắt đục tường theo đơn giá phát sinh bên dưới
B55: D50 | C55: m | D55: 161 | E55: PPR PN10 | F55: 161 | G55: Đường kính ngoài, Chưa bao gồm chi phí cắt đục tường, Chi phí cắt đục tường theo đơn giá phát sinh bên dưới | H55: Ống PPR PN10, D50*4.6 | I55: Tiền Phong | J55: Việt Nam | K55: 52400 | M55: 70000 | P55: =K55+L55+M55+N55+O55 -> 122400 | Q55: =$P55*D55 -> 19706400 | R55: =$P55*F55 -> 19706400 | S55: Đường kính ngoài, Chưa bao gồm chi phí cắt đục tường, Chi phí cắt đục tường theo đơn giá phát sinh bên dưới
B56: D40 | C56: m | D56: 228.828 | E56: PPR PN10 | F56: 228.828 | G56: Đường kính ngoài, Chưa bao gồm chi phí cắt đục tường, Chi phí cắt đục tường theo đơn giá phát sinh bên dưới | H56: Ống PPR PN10, D40*3.7 | I56: Tiền Phong | J56: Việt Nam | K56: 36800 | M56: 47500 | P56: =K56+L56+M56+N56+O56 -> 84300 | Q56: =$P56*D56 -> 19290200 | R56: =$P56*F56 -> 19290200 | S56: Đường kính ngoài, Chưa bao gồm chi phí cắt đục tường, Chi phí cắt đục tường theo đơn giá phát sinh bên dưới
B57: D32 | C57: m | D57: 10702 | E57: PPR PN10 | F57: 10702 | G57: Đường kính ngoài, Chưa bao gồm chi phí cắt đục tường, Chi phí cắt đục tường theo đơn giá phát sinh bên dưới | H57: Ống PPR PN10, D32*2.90 | I57: Tiền Phong | J57: Việt Nam | K57: 27400 | M57: 44100 | P57: =K57+L57+M57+N57+O57 -> 71500 | Q57: =$P57*D57 -> 765193000 | R57: =$P57*F57 -> 765193000 | S57: Đường kính ngoài, Chưa bao gồm chi phí cắt đục tường, Chi phí cắt đục tường theo đơn giá phát sinh bên dưới
B58: D25 | C58: m | D58: 3003 | E58: PPR PN10 | F58: 3003 | G58: Đường kính ngoài, Chưa bao gồm chi phí cắt đục tường, Chi phí cắt đục tường theo đơn giá phát sinh bên dưới | H58: Ống PPR PN10, D25*2.80 | I58: Tiền Phong | J58: Việt Nam | K58: 21200 | M58: 40800 | P58: =K58+L58+M58+N58+O58 -> 62000 | Q58: =$P58*D58 -> 186186000 | R58: =$P58*F58 -> 186186000 | S58: Đường kính ngoài, Chưa bao gồm chi phí cắt đục tường, Chi phí cắt đục tường theo đơn giá phát sinh bên dưới
B59: D20 | C59: m | D59: 1139.889 | E59: PPR PN10 | F59: 1139.889 | G59: Đường kính ngoài, Chưa bao gồm chi phí cắt đục tường, Chi phí cắt đục tường theo đơn giá phát sinh bên dưới | H59: Ống PPR PN10, D20*2.30 | I59: Tiền Phong | J59: Việt Nam | K59: 11900 | M59: 36200 | P59: =K59+L59+M59+N59+O59 -> 48100 | Q59: =$P59*D59 -> 54828661 | R59: =$P59*F59 -> 54828661 | S59: Đường kính ngoài, Chưa bao gồm chi phí cắt đục tường, Chi phí cắt đục tường theo đơn giá phát sinh bên dưới
A60: 3 | B60: Ống PPR PN16 / Pipe PPR PN16
B61: D140 | C61: m | D61: 32.84 | E61: PPR PN16 | F61: 32.84 | G61: Đường kính ngoài, Chưa bao gồm chi phí cắt đục tường, Chi phí cắt đục tường theo đơn giá phát sinh bên dưới | H61: Ống PPR PN16, D140*19.20 | I61: Tiền Phong | J61: Việt Nam | K61: 479100 | M61: 193800 | P61: =K61+L61+M61+N61+O61 -> 672900 | Q61: =$P61*D61 -> 22098036 | R61: =$P61*F61 -> 22098036 | S61: Đường kính ngoài, Chưa bao gồm chi phí cắt đục tường, Chi phí cắt đục tường theo đơn giá phát sinh bên dưới
B62: D110 | C62: m | D62: 189.391 | E62: PPR PN16 | F62: 189.391 | G62: Đường kính ngoài, Chưa bao gồm chi phí cắt đục tường, Chi phí cắt đục tường theo đơn giá phát sinh bên dưới | H62: Ống PPR PN16, D110*15.10 | I62: Tiền Phong | J62: Việt Nam | K62: 303600 | M62: 130200 | P62: =K62+L62+M62+N62+O62 -> 433800 | Q62: =$P62*D62 -> 82157816 | R62: =$P62*F62 -> 82157816 | S62: Đường kính ngoài, Chưa bao gồm chi phí cắt đục tường, Chi phí cắt đục tường theo đơn giá phát sinh bên dưới
B63: D90 | C63: m | D63: 173.157 | E63: PPR PN16 | F63: 173.157 | G63: Đường kính ngoài, Chưa bao gồm chi phí cắt đục tường, Chi phí cắt đục tường theo đơn giá phát sinh bên dưới | H63: Ống PPR PN16, D90*12.30 | I63: Tiền Phong | J63: Việt Nam | K63: 207000 | M63: 109900 | P63: =K63+L63+M63+N63+O63 -> 316900 | Q63: =$P63*D63 -> 54873453 | R63: =$P63*F63 -> 54873453 | S63: Đường kính ngoài, Chưa bao gồm chi phí cắt đục tường, Chi phí cắt đục tường theo đơn giá phát sinh bên dưới
B64: D25 | C64: m | D64: 28 | E64: PPR PN16 | F64: 28 | G64: Đường kính ngoài, Chưa bao gồm chi phí cắt đục tường, Chi phí cắt đục tường theo đơn giá phát sinh bên dưới | H64: Ống PPR PN16, D25*3.50 | I64: Tiền Phong | J64: Việt Nam | K64: 24400 | M64: 40800 | P64: =K64+L64+M64+N64+O64 -> 65200 | Q64: =$P64*D64 -> 1825600 | R64: =$P64*F64 -> 1825600 | S64: Đường kính ngoài, Chưa bao gồm chi phí cắt đục tường, Chi phí cắt đục tường theo đơn giá phát sinh bên dưới
A65: 4 | B65: Ống HDPE PN10
B66: D110 | C66: m | D66: 69.522 | E66: HDPE PN10 | F66: 69.522 | G66: 0 | H66: Ống HDPE PN10, D110*6.60 | I66: Tiền Phong | J66: Việt Nam | K66: 132600 | M66: 149200 | P66: =K66+L66+M66+N66+O66 -> 281800 | Q66: =$P66*D66 -> 19591300 | R66: =$P66*F66 -> 19591300 | S66: 0
A67: 5 | B67: Tê PPR / Tee PPR
B68: D140/90 | C68: Cái | D68: 1 | F68: 1 | G68: 0 | H68: Ba chạc 90 độ ren trong D140 Đầu nối chuyển bậc 140-90 | I68: Tiền Phong | J68: Việt Nam | K68: 800800 | M68: 123000 | P68: =K68+L68+M68+N68+O68 -> 923800 | Q68: =$P68*D68 -> 923800 | R68: =$P68*F68 -> 923800 | S68: 0
B69: D110 | C69: Cái | D69: 6 | F69: 6 | G69: 0 | H69: 0 | I69: Tiền Phong | J69: Việt Nam | K69: 232100 | M69: 110900 | P69: =K69+L69+M69+N69+O69 -> 343000 | Q69: =$P69*D69 -> 2058000 | R69: =$P69*F69 -> 2058000 | S69: 0
B70: D110/90 | C70: Cái | D70: 2 | F70: 2 | G70: 0 | H70: Ba chạc 90 độ chuyên bậc D110/90 | I70: Tiền Phong | J70: Việt Nam | K70: 222500 | M70: 110900 | P70: =K70+L70+M70+N70+O70 -> 333400 | Q70: =$P70*D70 -> 666800 | R70: =$P70*F70 -> 666800 | S70: 0
B71: D110/63 | C71: Cái | D71: 6 | F71: 6 | G71: 0 | H71: Ba chạc 90 độ chuyên bậc D110/63 | I71: Tiền Phong | J71: Việt Nam | K71: 222500 | M71: 110900 | P71: =K71+L71+M71+N71+O71 -> 333400 | Q71: =$P71*D71 -> 2000400 | R71: =$P71*F71 -> 2000400 | S71: 0
B72: D110-50 | C72: Cái | D72: 1 | F72: 1 | G72: 0 | H72: Ba chạc 90 độ chuyên bậc D110/50 | I72: Tiền Phong | J72: Việt Nam | K72: 240200 | M72: 110900 | P72: =K72+L72+M72+N72+O72 -> 351100 | Q72: =$P72*D72 -> 351100 | R72: =$P72*F72 -> 351100 | S72: 0
B73: D110-40 | C73: Cái | D73: 1 | F73: 1 | G73: 0 | H73: Ba chạc 90 độ chuyên bậc D110/40 | I73: Tiền Phong | J73: Việt Nam | K73: 240200 | M73: 110900 | P73: =K73+L73+M73+N73+O73 -> 351100 | Q73: =$P73*D73 -> 351100 | R73: =$P73*F73 -> 351100 | S73: 0
B74: D90 | C74: Cái | D74: 12 | F74: 12 | G74: 0 | H74: 0 | I74: Tiền Phong | J74: Việt Nam | K74: 150000 | M74: 95800 | P74: =K74+L74+M74+N74+O74 -> 245800 | Q74: =$P74*D74 -> 2949600 | R74: =$P74*F74 -> 2949600 | S74: 0
B75: D90/63 | C75: Cái | D75: 37 | F75: 37 | G75: 0 | H75: Ba chạc 90 độ chuyên bậc D90/63 | I75: Tiền Phong | J75: Việt Nam | K75: 140300 | M75: 95800 | P75: =K75+L75+M75+N75+O75 -> 236100 | Q75: =$P75*D75 -> 8735700 | R75: =$P75*F75 -> 8735700 | S75: 0
B76: D63 | C76: Cái | D76: 3 | F76: 3 | G76: 0 | H76: 0 | I76: Tiền Phong | J76: Việt Nam | K76: 64400 | M76: 80800 | P76: =K76+L76+M76+N76+O76 -> 145200 | Q76: =$P76*D76 -> 435600 | R76: =$P76*F76 -> 435600 | S76: 0
B77: D63/50 | C77: Cái | D77: 5 | F77: 5 | G77: 0 | H77: Ba chạc 90 độ chuyên bậc D63/50 | I77: Tiền Phong | J77: Việt Nam | K77: 60800 | M77: 80800 | P77: =K77+L77+M77+N77+O77 -> 141600 | Q77: =$P77*D77 -> 708000 | R77: =$P77*F77 -> 708000 | S77: 0
B78: D63/40 | C78: Cái | D78: 9 | F78: 9 | G78: 0 | H78: Ba chạc 90 độ chuyên bậc D63/40 | I78: Tiền Phong | J78: Việt Nam | K78: 60800 | M78: 80800 | P78: =K78+L78+M78+N78+O78 -> 141600 | Q78: =$P78*D78 -> 1274400 | R78: =$P78*F78 -> 1274400 | S78: 0
B79: D63/32 | C79: Cái | D79: 414 | F79: 414 | G79: 0 | H79: Ba chạc 90 độ chuyên bậc D63/32 | I79: Tiền Phong | J79: Việt Nam | K79: 60800 | M79: 80800 | P79: =K79+L79+M79+N79+O79 -> 141600 | Q79: =$P79*D79 -> 58622400 | R79: =$P79*F79 -> 58622400 | S79: 0
B80: D63/25 | C80: Cái | D80: 114 | F80: 114 | G80: 0 | H80: Ba chạc 90 độ chuyên bậc D63/25 | I80: Tiền Phong | J80: Việt Nam | K80: 60800 | M80: 80800 | P80: =K80+L80+M80+N80+O80 -> 141600 | Q80: =$P80*D80 -> 16142400 | R80: =$P80*F80 -> 16142400 | S80: 0
B81: D63/20 | C81: Cái | D81: 58 | F81: 58 | G81: 0 | H81: Ba chạc 90 độ chuyên bậc D63/25 Đầu nối chuyển bậc 25/20 | I81: Tiền Phong | J81: Việt Nam | K81: 63200 | M81: 80800 | P81: =K81+L81+M81+N81+O81 -> 144000 | Q81: =$P81*D81 -> 8352000 | R81: =$P81*F81 -> 8352000 | S81: 0
B82: D50 | C82: Cái | D82: 3 | F82: 3 | G82: 0 | H82: 0 | I82: Tiền Phong | J82: Việt Nam | K82: 25700 | M82: 73500 | P82: =K82+L82+M82+N82+O82 -> 99200 | Q82: =$P82*D82 -> 297600 | R82: =$P82*F82 -> 297600 | S82: 0
B83: D50/40 | C83: Cái | D83: 6 | F83: 6 | G83: 0 | H83: Ba chạc 90 độ chuyên bậc D50/40 | I83: Tiền Phong | J83: Việt Nam | K83: 34700 | M83: 73500 | P83: =K83+L83+M83+N83+O83 -> 108200 | Q83: =$P83*D83 -> 649200 | R83: =$P83*F83 -> 649200 | S83: 0
B84: D50/32 | C84: Cái | D84: 3 | F84: 3 | G84: 0 | H84: Ba chạc 90 độ chuyên bậc D50/32 | I84: Tiền Phong | J84: Việt Nam | K84: 34700 | M84: 73500 | P84: =K84+L84+M84+N84+O84 -> 108200 | Q84: =$P84*D84 -> 324600 | R84: =$P84*F84 -> 324600 | S84: 0
B85: D50/25 | C85: Cái | D85: 2 | F85: 2 | G85: 0 | H85: Ba chạc 90 độ chuyên bậc D50/25 | I85: Tiền Phong | J85: Việt Nam | K85: 34700 | M85: 73500 | P85: =K85+L85+M85+N85+O85 -> 108200 | Q85: =$P85*D85 -> 216400 | R85: =$P85*F85 -> 216400 | S85: 0
B86: D50/20 | C86: Cái | D86: 3 | F86: 3 | G86: 0 | H86: Ba chạc 90 độ chuyên bậc D50/20 | I86: Tiền Phong | J86: Việt Nam | K86: 34700 | M86: 73500 | P86: =K86+L86+M86+N86+O86 -> 108200 | Q86: =$P86*D86 -> 324600 | R86: =$P86*F86 -> 324600 | S86: 0
B87: D40 | C87: Cái | D87: 4 | F87: 4 | G87: 0 | H87: 0 | I87: Tiền Phong | J87: Việt Nam | K87: 13100 | M87: 58800 | P87: =K87+L87+M87+N87+O87 -> 71900 | Q87: =$P87*D87 -> 287600 | R87: =$P87*F87 -> 287600 | S87: 0
B88: D40/32 | C88: Cái | D88: 4 | F88: 4 | G88: 0 | H88: Ba chạc 90 độ chuyên bậc D40/32 | I88: Tiền Phong | J88: Việt Nam | K88: 19800 | M88: 58800 | P88: =K88+L88+M88+N88+O88 -> 78600 | Q88: =$P88*D88 -> 314400 | R88: =$P88*F88 -> 314400 | S88: 0
B89: D40/25 | C89: Cái | D89: 1 | F89: 1 | G89: 0 | H89: Ba chạc 90 độ chuyên bậc D40/25 | I89: Tiền Phong | J89: Việt Nam | K89: 19800 | M89: 58800 | P89: =K89+L89+M89+N89+O89 -> 78600 | Q89: =$P89*D89 -> 78600 | R89: =$P89*F89 -> 78600 | S89: 0
B90: D40/20 | C90: Cái | D90: 2 | F90: 2 | G90: 0 | H90: Ba chạc 90 độ chuyên bậc D40/20 | I90: Tiền Phong | J90: Việt Nam | K90: 19800 | M90: 58800 | P90: =K90+L90+M90+N90+O90 -> 78600 | Q90: =$P90*D90 -> 157200 | R90: =$P90*F90 -> 157200 | S90: 0
B91: D32 | C91: Cái | D91: 5 | F91: 5 | G91: 0 | H91: 0 | I91: Tiền Phong | J91: Việt Nam | K91: 8400 | M91: 51500 | P91: =K91+L91+M91+N91+O91 -> 59900 | Q91: =$P91*D91 -> 299500 | R91: =$P91*F91 -> 299500 | S91: 0
B92: D32/25 | C92: Cái | D92: 3 | F92: 3 | G92: 0 | H92: Ba chạc 90 độ chuyên bậc D32/25 | I92: Tiền Phong | J92: Việt Nam | K92: 9000 | M92: 51500 | P92: =K92+L92+M92+N92+O92 -> 60500 | Q92: =$P92*D92 -> 181500 | R92: =$P92*F92 -> 181500 | S92: 0
B93: D32/20 | C93: Cái | D93: 2 | F93: 2 | G93: 0 | H93: Ba chạc 90 độ chuyên bậc D32/20 | I93: Tiền Phong | J93: Việt Nam | K93: 9000 | M93: 51500 | P93: =K93+L93+M93+N93+O93 -> 60500 | Q93: =$P93*D93 -> 121000 | R93: =$P93*F93 -> 121000 | S93: 0
B94: D25 | C94: Cái | D94: 4 | F94: 4 | G94: 0 | H94: 0 | I94: Tiền Phong | J94: Việt Nam | K94: 5100 | M94: 44100 | P94: =K94+L94+M94+N94+O94 -> 49200 | Q94: =$P94*D94 -> 196800 | R94: =$P94*F94 -> 196800 | S94: 0
B95: D25/20 | C95: Cái | D95: 11 | F95: 11 | G95: 0 | H95: Ba chạc 90 độ chuyên bậc D25/20 | I95: Tiền Phong | J95: Việt Nam | K95: 5100 | M95: 44100 | P95: =K95+L95+M95+N95+O95 -> 49200 | Q95: =$P95*D95 -> 541200 | R95: =$P95*F95 -> 541200 | S95: 0
A96: 6 | B96: Cút PPR / Elbow PPR
B97: D140 | C97: Cái | D97: 2 | F97: 2 | G97: 0 | H97: Nổi góc 90 độ D140 | I97: Tiền Phong | J97: Việt Nam | K97: 506800 | M97: 123000 | P97: =K97+L97+M97+N97+O97 -> 629800 | Q97: =$P97*D97 -> 1259600 | R97: =$P97*F97 -> 1259600 | S97: 0
B98: D110 | C98: Cái | D98: 29 | F98: 29 | G98: 0 | H98: Nổi góc 90 độ D110 | I98: Tiền Phong | J98: Việt Nam | K98: 234500 | M98: 74900 | P98: =K98+L98+M98+N98+O98 -> 309400 | Q98: =$P98*D98 -> 8972600 | R98: =$P98*F98 -> 8972600 | S98: 0
B99: D90 | C99: Cái | D99: 15 | F99: 15 | G99: 0 | H99: Nổi góc 90 độ D90 | I99: Tiền Phong | J99: Việt Nam | K99: 115100 | M99: 64700 | P99: =K99+L99+M99+N99+O99 -> 179800 | Q99: =$P99*D99 -> 2697000 | R99: =$P99*F99 -> 2697000 | S99: 0
B100: D63 | C100: Cái | D100: 148 | F100: 148 | G100: 0 | H100: Nổi góc 90 độ D63 | I100: Tiền Phong | J100: Việt Nam | K100: 57200 | M100: 54500 | P100: =K100+L100+M100+N100+O100 -> 111700 | Q100: =$P100*D100 -> 16531600 | R100: =$P100*F100 -> 16531600 | S100: 0
B101: D50 | C101: Cái | D101: 26 | F101: 26 | G101: 0 | H101: Nổi góc 90 độ D50 | I101: Tiền Phong | J101: Việt Nam | K101: 18700 | M101: 49500 | P101: =K101+L101+M101+N101+O101 -> 68200 | Q101: =$P101*D101 -> 1773200 | R101: =$P101*F101 -> 1773200 | S101: 0
...

Sheet 4.1 ĐH VRV
A1: Dự án: TOÀ NHÀ HỖN HỢP HACOM MALL
A2: Gói thầu: CUNG CẤP VTTB VÀ THI CÔNG LẮP ĐẶT HỆ THỐNG CƠ ĐIỆN
A3: Hạng mục: HỆ THỐNG HVAC
A5: KHỐI LƯỢNG MỜI THẦU | U5: NHÀ THẦU SEAREFICO
A6: STT | B6: Diễn giải | C6: TẦNGH2 | D6: TẦNGH1 | E6: TẦNG1 | F6: TẦNG2 | G6: TẦNG3 | H6: TẦNG4 | I6: TẦNG5 | J6: TẦNG23 | K6: Đơn vị | L6: KL Mời thầu Lần 2 | M6: Công suất lạnh Kw | N6: Lưu lượng gió (m3/min) | O6: Cột áp (Pa) | P6: Công suất điện (W) | Q6: Điên áp (P/V/Hz) | R6: Môi chất lạnh | S6: Quy cách | T6: Ghi chú | U6: KL Nhà thầu chào | V6: THÔNG TIN VỀ VẬT LIỆU CHÍNH | Z6: ĐƠN GIÁ (chưa bao gồm VAT) | AF6: Thành tiền BOQ | AH6: Ghi chú
V7: Mô tả/ Quy cách | W7: Mã hiệu | X7: Thương hiệu | Y7: Xuất xứ | Z7: VL chính | AA7: VL phụ | AB7: NC&M | AC7: CF quản lý | AD7: Lợi nhuận | AE7: ĐG tổng hợp | AF7: Thành tiền KLMT | AG7: Thành tiền Nhà thầu chào
A8: 1 | B8: 2 | K8: 3 | L8: 4 | T8: 5 | U8: 6 | V8: 7 | W8: 8 | X8: 9 | Y8: 10 | Z8: 11 | AA8: 12 | AB8: 13 | AC8: 14 | AD8: 15 | AE8: 16=11+12+13+14+15 | AF8: 17=4*16 | AG8: 18=6*16 | AH8: 19
A9: A | B9: ĐẦU MỤC CÔNG VIỆC THEO KLMT
B10: THIẾT BỊ ĐIỀU HOÀ KHÔNG KHÍ
A11: I. THIẾT BỊ ĐIỀU HÒA VRV (VRF)
A12: 1. DÀN LẠNH ĐIỀU HÒA VRV, VRF | K12: Wilo
A13: 1 | B13: Dàn lạnh 1 chiều lạnh loại âm trần nối ống gió | I13: 1 | K13: cái | L13: 1 | M13: 4.5 | N13: 16/13/11 | O13: 50-200 | P13: 151 | Q13: 1P/220/50 | R13: R410A | S13: Đồng bộ với dàn nóng kèm điều khiển từ xa loại có dây | T13: Nhà thầu lắp đặt, CĐT cấp thiết bị | U13: 1 | V13: 0 | W13: 0 | X13: 0 | Y13: 0 | Z13: 1358900 | AB13: 1162700 | AE13: =Z13+AA13+AB13+AC13+AD13 -> 2521600 | AF13: =$AE13*L13 -> 2521600 | AG13: =$AE13*U13 -> 2521600 | AH13: Nhà thầu lắp đặt, CĐT cấp thiết bị Bao gồm giá vật tư phụ lắp đặt
A14: 2 | B14: Dàn lạnh 1 chiều lạnh loại âm trần nối ống gió | E14: 1 | F14: 4 | G14: 2 | H14: 8 | I14: 3 | K14: cái | L14: 18 | M14: 5.6 | N14: 18/16,5/15 | O14: 50-200 | P14: 128 | Q14: 1P/220/50 | R14: R410A | S14: Đồng bộ với dàn nóng kèm điều khiển từ xa loại có dây | U14: 18 | V14: 0 | W14: 0 | X14: 0 | Y14: 0 | Z14: 1358900 | AB14: 1162700 | AE14: =Z14+AA14+AB14+AC14+AD14 -> 2521600 | AF14: =$AE14*L14 -> 45388800 | AG14: =$AE14*U14 -> 45388800 | AH14: Nhà thầu lắp đặt, CĐT cấp thiết bị Bao gồm giá vật tư phụ lắp đặt
A15: 3 | B15: Dàn lạnh 1 chiều lạnh loại âm trần nối ống gió | E15: 6 | F15: 7 | G15: 2 | I15: 6 | K15: cái | L15: 20 | M15: 7.1 | N15: 19.5/17.5/16 | O15: 50-200 | P15: 138 | Q15: 1P/220/50 | R15: R410A | S15: Đồng bộ với dàn nóng kèm điều khiển từ xa loại có dây | U15: 20 | V15: 0 | W15: 0 | X15: 0 | Y15: 0 | Z15: 1358900 | AB15: 1162700 | AE15: =Z15+AA15+AB15+AC15+AD15 -> 2521600 | AF15: =$AE15*L15 -> 50432000 | AG15: =$AE15*U15 -> 50432000 | AH15: Nhà thầu lắp đặt, CĐT cấp thiết bị Bao gồm giá vật tư phụ lắp đặt
A16: 4 | B16: Dàn lạnh 1 chiều lạnh loại âm trần nối ống gió | E16: 2 | F16: 11 | G16: 7 | H16: 8 | I16: 8 | K16: cái | L16: 34 | M16: 9 | N16: 25/22,2/20 | O16: 50-200 | P16: 185 | Q16: 1P/220/50 | R16: R410A | S16: Đồng bộ với dàn nóng kèm điều khiển từ xa loại có dây | U16: 34 | V16: 0 | W16: 0 | X16: 0 | Y16: 0 | Z16: 1358900 | AB16: 1348100 | AE16: =Z16+AA16+AB16+AC16+AD16 -> 2707000 | AF16: =$AE16*L16 -> 92038000 | AG16: =$AE16*U16 -> 92038000 | AH16: Nhà thầu lắp đặt, CĐT cấp thiết bị Bao gồm giá vật tư phụ lắp đặt
A17: 5 | B17: Dàn lạnh 1 chiều lạnh loại âm trần nối ống gió | E17: 8 | F17: 10 | G17: 16 | H17: 13 | I17: 3 | K17: cái | L17: 51 | M17: 11.2 | N17: 32/27/23 | O17: 50-200 | P17: 215 | Q17: 1P/220/50 | R17: R410A | S17: Đồng bộ với dàn nóng kèm điều khiển từ xa loại có dây | U17: 51 | V17: 0 | W17: 0 | X17: 0 | Y17: 0 | Z17: 1358900 | AB17: 1348100 | AE17: =Z17+AA17+AB17+AC17+AD17 -> 2707000 | AF17: =$AE17*L17 -> 138057000 | AG17: =$AE17*U17 -> 138057000 | AH17: Nhà thầu lắp đặt, CĐT cấp thiết bị Bao gồm giá vật tư phụ lắp đặt
A18: 6 | B18: Dàn lạnh 1 chiều lạnh loại âm trần nối ống gió | E18: 1 | F18: 4 | G18: 4 | H18: 4 | I18: 2 | K18: cái | L18: 16 | M18: 14 | N18: 39/33/28 | O18: 50-200 | P18: 284 | Q18: 1P/220/50 | R18: R410A | S18: Đồng bộ với dàn nóng kèm điều khiển từ xa loại có dây | U18: 16 | V18: 0 | W18: 0 | X18: 0 | Y18: 0 | Z18: 1358900 | AB18: 1348100 | AE18: =Z18+AA18+AB18+AC18+AD18 -> 2707000 | AF18: =$AE18*L18 -> 43312000 | AG18: =$AE18*U18 -> 43312000 | AH18: Nhà thầu lắp đặt, CĐT cấp thiết bị Bao gồm giá vật tư phụ lắp đặt
A19: 7 | B19: Dàn lạnh 1 chiều lạnh loại âm trần nối ống gió | E19: 1 | F19: 21 | G19: 28 | H19: 19 | I19: 17 | K19: cái | L19: 85 | M19: 16 | N19: 16/39/32 | O19: 50-200 | P19: 405 | Q19: 1P/220/50 | R19: R410A | S19: Đồng bộ với dàn nóng kèm điều khiển từ xa loại có dây | U19: 85 | V19: 0 | W19: 0 | X19: 0 | Y19: 0 | Z19: 1358900 | AB19: 1983800 | AE19: =Z19+AA19+AB19+AC19+AD19 -> 3342700 | AF19: =$AE19*L19 -> 284129500 | AG19: =$AE19*U19 -> 284129500 | AH19: Nhà thầu lắp đặt, CĐT cấp thiết bị Bao gồm giá vật tư phụ lắp đặt
A20: 8 | B20: Dàn lạnh 1 chiều lạnh loại âm trần nối ống gió | E20: 8 | I20: 6 | K20: cái | L20: 14 | M20: 22.4 | N20: 16/39/32 | O20: 50-200 | P20: 405 | Q20: 1P/220/50 | R20: R410A | S20: Đồng bộ với dàn nóng kèm điều khiển từ xa loại có dây | U20: 14 | V20: 0 | W20: 0 | X20: 0 | Y20: 0 | Z20: 1358900 | AB20: 1983800 | AE20: =Z20+AA20+AB20+AC20+AD20 -> 3342700 | AF20: =$AE20*L20 -> 46797800 | AG20: =$AE20*U20 -> 46797800 | AH20: Nhà thầu lắp đặt, CĐT cấp thiết bị Bao gồm giá vật tư phụ lắp đặt
A21: 9 | B21: Dàn lạnh 1 chiều lạnh loại treo tường | I21: 1 | K21: cái | L21: 1 | M21: 2.2 | N21: 16/39/32 | O21: 50-200 | P21: 405 | Q21: 1P/220/50 | R21: R410A | S21: Đồng bộ với dàn nóng kèm điều khiển từ xa loại có dây | U21: 1 | V21: 0 | W21: 0 | X21: 0 | Y21: 0 | Z21: 76000 | AB21: 1004500 | AE21: =Z21+AA21+AB21+AC21+AD21 -> 1080500 | AF21: =$AE21*L21 -> 1080500 | AG21: =$AE21*U21 -> 1080500 | AH21: Nhà thầu lắp đặt, CĐT cấp thiết bị Bao gồm giá vật tư phụ lắp đặt
A22: 10 | B22: Dàn lạnh 1 chiều lạnh loại cassette âm trần | I22: 1 | K22: cái | L22: 1 | M22: 2.2 | N22: 9,5/8/7 | O22: 50-200 | P22: 60 | Q22: 1P/220/50 | R22: R410A | S22: Đồng bộ với dàn nóng kèm điều khiển từ xa loại có dây | U22: 1 | V22: 0 | W22: 0 | X22: 0 | Y22: 0 | Z22: 288800 | AB22: 1004500 | AE22: =Z22+AA22+AB22+AC22+AD22 -> 1293300 | AF22: =$AE22*L22 -> 1293300 | AG22: =$AE22*U22 -> 1293300 | AH22: Nhà thầu lắp đặt, CĐT cấp thiết bị Bao gồm giá vật tư phụ lắp đặt
A23: 11 | B23: Dàn lạnh 1 chiều lạnh loại cassette âm trần | I23: 1 | K23: cái | L23: 1 | M23: 7.1 | N23: 16/39/32 | O23: 50-200 | P23: 405 | Q23: 1P/220/50 | R23: R410A | S23: Đồng bộ với dàn nóng kèm điều khiển từ xa loại có dây | U23: 1 | V23: 0 | W23: 0 | X23: 0 | Y23: 0 | Z23: 288800 | AB23: 1162700 | AE23: =Z23+AA23+AB23+AC23+AD23 -> 1451500 | AF23: =$AE23*L23 -> 1451500 | AG23: =$AE23*U23 -> 1451500 | AH23: Nhà thầu lắp đặt, CĐT cấp thiết bị Bao gồm giá vật tư phụ lắp đặt
A24: 12 | B24: Dàn lạnh 1 chiều lạnh loại cassette âm trần | I24: 2 | K24: cái | L24: 2 | M24: 14 | N24: 16/39/32 | O24: 50-200 | P24: 405 | Q24: 1P/220/50 | R24: R410A | S24: Đồng bộ với dàn nóng kèm điều khiển từ xa loại có dây | U24: 2 | V24: 0 | W24: 0 | X24: 0 | Y24: 0 | Z24: 288800 | AB24: 1348100 | AE24: =Z24+AA24+AB24+AC24+AD24 -> 1636900 | AF24: =$AE24*L24 -> 3273800 | AG24: =$AE24*U24 -> 3273800 | AH24: Nhà thầu lắp đặt, CĐT cấp thiết bị Bao gồm giá vật tư phụ lắp đặt
A25: 2. DÀN NÓNG ĐIỀU HÒA VRV, VRF | U25: 0 | V25: 0 | W25: 0 | X25: 0 | Y25: 0 | Z25: 0 | AB25: 0 | AE25: =Z25+AA25+AB25+AC25+AD25 -> 0 | AF25: =$AE25*L25 -> 0 | AG25: =$AE25*U25 -> 0 | AH25: Nhà thầu lắp đặt, CĐT cấp thiết bị Bao gồm giá vật tư phụ lắp đặt
A26: 1 | B26: Dàn nóng 1 chiều lạnh (22HP). | E26: 1 | K26: cái | L26: 1 | M26: 61.5 | N26: -- | O26: -- | P26: 16100 | Q26: 3P/380/50 | R26: R410A | S26: Trọn bộ | T26: Nhà thầu lắp đặt, CĐT cấp thiết bị | U26: 1 | V26: 0 | W26: 0 | X26: 0 | Y26: 0 | Z26: 608000 | AB26: 14438500 | AE26: =Z26+AA26+AB26+AC26+AD26 -> 15046500 | AF26: =$AE26*L26 -> 15046500 | AG26: =$AE26*U26 -> 15046500 | AH26: Nhà thầu lắp đặt, CĐT cấp thiết bị Bao gồm giá vật tư phụ lắp đặt
A27: 2 | B27: Dàn nóng 1 chiều lạnh (24HP). | E27: 1 | K27: cái | L27: 1 | M27: 67 | N27: -- | O27: -- | P27: 17800 | Q27: 3P/380/50 | R27: R410A | S27: Trọn bộ | U27: 1 | V27: 0 | W27: 0 | X27: 0 | Y27: 0 | Z27: 608000 | AB27: 17538600 | AE27: =Z27+AA27+AB27+AC27+AD27 -> 18146600 | AF27: =$AE27*L27 -> 18146600 | AG27: =$AE27*U27 -> 18146600 | AH27: Nhà thầu lắp đặt, CĐT cấp thiết bị Bao gồm giá vật tư phụ lắp đặt
A28: 3 | B28: Dàn nóng 1 chiều lạnh (26HP). | E28: 1 | K28: cái | L28: 1 | M28: 73.5 | N28: -- | O28: -- | P28: 19900 | Q28: 3P/380/50 | R28: R410A | S28: Trọn bộ | U28: 1 | V28: 0 | W28: 0 | X28: 0 | Y28: 0 | Z28: 608000 | AB28: 18995500 | AE28: =Z28+AA28+AB28+AC28+AD28 -> 19603500 | AF28: =$AE28*L28 -> 19603500 | AG28: =$AE28*U28 -> 19603500 | AH28: Nhà thầu lắp đặt, CĐT cấp thiết bị Bao gồm giá vật tư phụ lắp đặt
A29: 4 | B29: Dàn nóng 1 chiều lạnh (32HP). | H29: 1 | K29: cái | L29: 1 | M29: 90 | N29: -- | O29: -- | P29: 25800 | Q29: 3P/380/50 | R29: R410A | S29: Trọn bộ | U29: 1 | V29: 0 | W29: 0 | X29: 0 | Y29: 0 | Z29: 608000 | AB29: 20115400 | AE29: =Z29+AA29+AB29+AC29+AD29 -> 20723400 | AF29: =$AE29*L29 -> 20723400 | AG29: =$AE29*U29 -> 20723400 | AH29: Nhà thầu lắp đặt, CĐT cấp thiết bị Bao gồm giá vật tư phụ lắp đặt
A30: 5 | B30: Dàn nóng 1 chiều lạnh (34HP). | I30: 1 | K30: cái | L30: 1 | M30: 95 | N30: -- | O30: -- | P30: 28200 | Q30: 3P/380/50 | R30: R410A | S30: Trọn bộ | U30: 1 | V30: 0 | W30: 0 | X30: 0 | Y30: 0 | Z30: 608000 | AB30: 21638200 | AE30: =Z30+AA30+AB30+AC30+AD30 -> 22246200 | AF30: =$AE30*L30 -> 22246200 | AG30: =$AE30*U30 -> 22246200 | AH30: Nhà thầu lắp đặt, CĐT cấp thiết bị Bao gồm giá vật tư phụ lắp đặt
A31: 6 | B31: Dàn nóng 1 chiều lạnh (36HP). | H31: 2 | K31: cái | L31: 2 | M31: 101 | N31: -- | O31: -- | P31: 30600 | Q31: 3P/380/50 | R31: R410A | S31: Trọn bộ | U31: 2 | V31: 0 | W31: 0 | X31: 0 | Y31: 0 | Z31: 608000 | AB31: 21638200 | AE31: =Z31+AA31+AB31+AC31+AD31 -> 22246200 | AF31: =$AE31*L31 -> 44492400 | AG31: =$AE31*U31 -> 44492400 | AH31: Nhà thầu lắp đặt, CĐT cấp thiết bị Bao gồm giá vật tư phụ lắp đặt
A32: 7 | B32: Dàn nóng 1 chiều lạnh (38HP). | H32: 1 | I32: 1 | K32: cái | L32: 2 | M32: 106 | N32: -- | O32: -- | P32: 33000 | Q32: 3P/380/50 | R32: R410A | S32: Trọn bộ | U32: 2 | V32: 0 | W32: 0 | X32: 0 | Y32: 0 | Z32: 608000 | AB32: 22033500 | AE32: =Z32+AA32+AB32+AC32+AD32 -> 22641500 | AF32: =$AE32*L32 -> 45283000 | AG32: =$AE32*U32 -> 45283000 | AH32: Nhà thầu lắp đặt, CĐT cấp thiết bị Bao gồm giá vật tư phụ lắp đặt
A33: 8 | B33: Dàn nóng 1 chiều lạnh (40HP). | F33: 1 | G33: 1 | K33: cái | L33: 2 | M33: 112 | N33: -- | O33: -- | P33: 35400 | Q33: 3P/380/50 | R33: R410A | S33: Trọn bộ | U33: 2 | V33: 0 | W33: 0 | X33: 0 | Y33: 0 | Z33: 608000 | AB33: 22428700 | AE33: =Z33+AA33+AB33+AC33+AD33 -> 23036700 | AF33: =$AE33*L33 -> 46073400 | AG33: =$AE33*U33 -> 46073400 | AH33: Nhà thầu lắp đặt, CĐT cấp thiết bị Bao gồm giá vật tư phụ lắp đặt
A34: 9 | B34: Dàn nóng 1 chiều lạnh (42HP). | F34: 1 | H34: 1 | K34: cái | L34: 2 | M34: 117 | N34: -- | O34: -- | P34: 32700 | Q34: 3P/380/50 | R34: R410A | S34: Trọn bộ | U34: 2 | V34: 0 | W34: 0 | X34: 0 | Y34: 0 | Z34: 912000 | AB34: 28357700 | AE34: =Z34+AA34+AB34+AC34+AD34 -> 29269700 | AF34: =$AE34*L34 -> 58539400 | AG34: =$AE34*U34 -> 58539400 | AH34: Nhà thầu lắp đặt, CĐT cấp thiết bị Bao gồm giá vật tư phụ lắp đặt
A35: 10 | B35: Dàn nóng 1 chiều lạnh (44HP). | F35: 1 | K35: cái | L35: 1 | M35: 123 | N35: -- | O35: -- | P35: 35100 | Q35: 3P/380/50 | R35: R410A | S35: Trọn bộ | U35: 1 | V35: 0 | W35: 0 | X35: 0 | Y35: 0 | Z35: 912000 | AB35: 28752900 | AE35: =Z35+AA35+AB35+AC35+AD35 -> 29664900 | AF35: =$AE35*L35 -> 29664900 | AG35: =$AE35*U35 -> 29664900 | AH35: Nhà thầu lắp đặt, CĐT cấp thiết bị Bao gồm giá vật tư phụ lắp đặt
A36: 11 | B36: Dàn nóng 1 chiều lạnh (46HP). | H36: 1 | K36: cái | L36: 1 | M36: 145 | N36: -- | O36: -- | P36: 36500 | Q36: 3P/380/50 | R36: R410A | S36: Trọn bộ | U36: 1 | V36: 0 | W36: 0 | X36: 0 | Y36: 0 | Z36: 912000 | AB36: 30341600 | AE36: =Z36+AA36+AB36+AC36+AD36 -> 31253600 | AF36: =$AE36*L36 -> 31253600 | AG36: =$AE36*U36 -> 31253600 | AH36: Nhà thầu lắp đặt, CĐT cấp thiết bị Bao gồm giá vật tư phụ lắp đặt
A37: 12 | B37: Dàn nóng 1 chiều lạnh (50HP). | I37: 2 | K37: cái | L37: 2 | M37: 140 | N37: -- | O37: -- | P37: 41100 | Q37: 3P/380/50 | R37: R410A | S37: Trọn bộ | U37: 2 | V37: 0 | W37: 0 | X37: 0 | Y37: 0 | Z37: 912000 | AB37: 30934500 | AE37: =Z37+AA37+AB37+AC37+AD37 -> 31846500 | AF37: =$AE37*L37 -> 63693000 | AG37: =$AE37*U37 -> 63693000 | AH37: Nhà thầu lắp đặt, CĐT cấp thiết bị Bao gồm giá vật tư phụ lắp đặt
A38: 13 | B38: Dàn nóng 1 chiều lạnh (58HP). | E38: 1 | K38: cái | L38: 1 | M38: 162 | N38: -- | O38: -- | P38: 50700 | Q38: 3P/380/50 | R38: R410A | S38: Trọn bộ | U38: 1 | V38: 0 | W38: 0 | X38: 0 | Y38: 0 | Z38: 912000 | AB38: 33247800 | AE38: =Z38+AA38+AB38+AC38+AD38 -> 34159800 | AF38: =$AE38*L38 -> 34159800 | AG38: =$AE38*U38 -> 34159800 | AH38: Nhà thầu lắp đặt, CĐT cấp thiết bị Bao gồm giá vật tư phụ lắp đặt
A39: 14 | B39: Dàn nóng 1 chiều lạnh (60HP). | F39: 2 | G39: 4 | I39: 1 | K39: cái | L39: 7 | M39: 158 | N39: -- | O39: -- | P39: 53100 | Q39: 3P/380/50 | R39: R410A | S39: Trọn bộ | U39: 7 | V39: 0 | W39: 0 | X39: 0 | Y39: 0 | Z39: 912000 | AB39: 33643000 | AE39: =Z39+AA39+AB39+AC39+AD39 -> 34555000 | AF39: =$AE39*L39 -> 241885000 | AG39: =$AE39*U39 -> 241885000 | AH39: Nhà thầu lắp đặt, CĐT cấp thiết bị Bao gồm giá vật tư phụ lắp đặt
A40: II. THIẾT BỊ ĐIỀU HÒA CỤC BỘ | U40: 0 | V40: 0 | W40: 0 | X40: 0 | Y40: 0 | Z40: 0 | AB40: 0 | AE40: =Z40+AA40+AB40+AC40+AD40 -> 0 | AF40: =$AE40*L40 -> 0 | AG40: =$AE40*U40 -> 0 | AH40: Nhà thầu lắp đặt, CĐT cấp thiết bị Bao gồm giá vật tư phụ lắp đặt
A41: 1. HỆ THỐNG ĐIỀU HÒA CỤC BỘ | U41: 0 | V41: 0 | W41: 0 | X41: 0 | Y41: 0 | Z41: 0 | AB41: 0 | AE41: =Z41+AA41+AB41+AC41+AD41 -> 0 | AF41: =$AE41*L41 -> 0 | AG41: =$AE41*U41 -> 0 | AH41: Nhà thầu lắp đặt, CĐT cấp thiết bị Bao gồm giá vật tư phụ lắp đặt
A42: 1 | B42: Điều hòa cục bộ loai treo tường | D42: 4 | E42: 1 | K42: cái | L42: 5 | M42: 18000 BTU/H | N42: 16 | O42: -- | P42: 1330 | Q42: 1P/220/50 | R42: R410A/R32 | S42: Đồng bộ với dàn nóng kèm điều khiển từ xa loại có dây | T42: Nhà thầu lắp đặt, CĐT cấp thiết bị | U42: 5 | V42: 0 | W42: 0 | X42: 0 | Y42: 0 | Z42: 1368000 | AB42: 1162700 | AE42: =Z42+AA42+AB42+AC42+AD42 -> 2530700 | AF42: =$AE42*L42 -> 12653500 | AG42: =$AE42*U42 -> 12653500 | AH42: Nhà thầu lắp đặt, CĐT cấp thiết bị Bao gồm giá vật tư phụ lắp đặt
A43: 2 | B43: Điều hòa cục bộ 1 chiều lạnh loai trần nối ống gió | C43: 1 | D43: 1 | K43: cái | L43: 2 | M43: 18000 BTU/H | N43: 18/15/12,5 | O43: -- | P43: 1430 | Q43: 1P/220/51 | R43: R410A/R33 | S43: Đồng bộ với dàn nóng kèm điều khiển từ xa loại có dây | U43: 2 | V43: 0 | W43: 0 | X43: 0 | Y43: 0 | Z43: 2726900 | AB43: 1348100 | AE43: =Z43+AA43+AB43+AC43+AD43 -> 4075000 | AF43: =$AE43*L43 -> 8150000 | AG43: =$AE43*U43 -> 8150000 | AH43: Nhà thầu lắp đặt, CĐT cấp thiết bị Bao gồm giá vật tư phụ lắp đặt
A44: 3 | B44: Điều hòa cục bộ 1 chiều lạnh loai trần nối ống gió | J44: 2 | K44: cái | L44: 2 | M44: 48000 BTU/H | N44: 23/19,5/16 | O44: -- | P44: 4800 | Q44: 1P/220/50 | R44: R410A/R32 | S44: Đồng bộ với dàn nóng kèm điều khiển từ xa loại có dây | U44: 2 | V44: 0 | W44: 0 | X44: 0 | Y44: 0 | Z44: 2726900 | AB44: 1473000 | AE44: =Z44+AA44+AB44+AC44+AD44 -> 4199900 | AF44: =$AE44*L44 -> 8399800 | AG44: =$AE44*U44 -> 8399800 | AH44: Nhà thầu lắp đặt, CĐT cấp thiết bị Bao gồm giá vật tư phụ lắp đặt
A45: 4 | B45: Điều hòa cục bộ 1 chiều lạnh loai trần nối ống gió | E45: 1 | K45: cái | L45: 1 | M45: 24000 BTU/H | N45: 19.5/17.5/16 | O45: -- | P45: 2100 | Q45: 1P/220/50 | R45: R410A/R32 | S45: Đồng bộ với dàn nóng kèm điều khiển từ xa loại có dây | U45: 1 | V45: 0 | W45: 0 | X45: 0 | Y45: 0 | Z45: 2726900 | AB45: 1348100 | AE45: =Z45+AA45+AB45+AC45+AD45 -> 4075000 | AF45: =$AE45*L45 -> 4075000 | AG45: =$AE45*U45 -> 4075000 | AH45: Nhà thầu lắp đặt, CĐT cấp thiết bị Bao gồm giá vật tư phụ lắp đặt
A46: III. THIẾT BỊ ĐIỀU KHIỂN | U46: 0 | V46: 0 | W46: 0 | X46: 0 | Y46: 0 | Z46: 0 | AB46: 0 | AE46: =Z46+AA46+AB46+AC46+AD46 -> 0 | AF46: =$AE46*L46 -> 0 | AG46: =$AE46*U46 -> 0 | AH46: Nhà thầu lắp đặt, CĐT cấp thiết bị Bao gồm giá vật tư phụ lắp đặt
A47: 1 | B47: Bộ điều khiển Trung tâm VRV/VRF | K47: Sơn Hà | L47: 1 | N47: -- | O47: -- | P47: -- | Q47: -- | R47: -- | S47: Trọn bộ | T47: Nhà thầu lắp đặt, CĐT cấp thiết bị | U47: 1 | V47: 0 | W47: 0 | X47: 0 | Y47: 0 | Z47: 0 | AB47: 3875000 | AE47: =Z47+AA47+AB47+AC47+AD47 -> 3875000 | AF47: =$AE47*L47 -> 3875000 | AG47: =$AE47*U47 -> 3875000 | AH47: Nhà thầu lắp đặt, CĐT cấp thiết bị Bao gồm giá vật tư phụ lắp đặt
K48: Sơn Hà
A49: B | B49: Phát sinh ngoài KLMT Nhà thầu bổ sung
B50: ….......................
A51: C | B51: TỔNG CỘNG TRƯỚC VAT: C = A + B | AF51: =SUBTOTAL(9,AF9:AF50) -> 1437739800 | AG51: =SUBTOTAL(9,AG9:AG50) -> 1437739800

Sheet 4.2 Quạt
A1: Dự án: TOÀ NHÀ HỖN HỢP HACOM MALL
A2: Gói thầu: CUNG CẤP VTTB VÀ THI CÔNG LẮP ĐẶT HỆ THỐNG CƠ ĐIỆN
A3: Hạng mục: HỆ THỐNG HVAC
A5: KHỐI LƯỢNG MỜI THẦU | R5: NHÀ THẦU SEAREFICO
A6: STT | B6: DANH MỤC QUẠT THÔNG GIÓ | C6: Đơn vị | D6: KL Mời thầu Lần 1 | E6: KL BIM | F6: KL Mời thầu Lần 2 | G6: KÍ HIỆU | H6: LƯU LƯỢNG | I6: CỘP ÁP | J6: QUY CÁCH | K6: NHIỆT ĐỘ LÀM VIỆC | L6: CÔNG SUẤT ĐIỆN | M6: NGUỒN ĐIỆN | N6: ĐỘ ỒN | O6: HIỆU SUẤT | P6: Tốc độ vòng quay | Q6: GHI CHÚ | R6: KL Nhà thầu chào | S6: THÔNG TIN VỀ VẬT LIỆU CHÍNH | W6: ĐƠN GIÁ (chưa bao gồm VAT) | AC6: Thành tiền BOQ | AE6: Ghi chú
I7: Pa | K7: oC | L7: kW | M7: V/Ph/Hz | N7: dBA @ 3M | S7: Mô tả/ Quy cách | T7: Mã hiệu | U7: Thương hiệu | V7: Xuất xứ | W7: VL chính | X7: VL phụ | Y7: NC&M | Z7: CF quản lý | AA7: Lợi nhuận | AB7: ĐG tổng hợp | AC7: Thành tiền KLMT | AD7: Thành tiền Nhà thầu chào
A8: 1 | B8: 2 | C8: 3 | F8: 4 | Q8: 5 | R8: 6 | S8: 7 | T8: 8 | U8: 9 | V8: 10 | W8: 11 | X8: 12 | Y8: 13 | Z8: 14 | AA8: 15 | AB8: 16=11+12+13+14+15 | AC8: 17=4*16 | AD8: 18=6*16 | AE8: 19
A9: A | B9: ĐẦU MỤC CÔNG VIỆC THEO KLMT
A10: I | B10: QUẠT THÔNG GIÓ CẤP, HÚT
B11: QUẠT THÔNG GIÓ CẤP, HÚT TẦNG HẦM - TUM
B12: Tầng hầm 2
A13: 1 | B13: QUẠT HÚT PHÒNG QUẠT HÚT 1 | C13: Cái | D13: 1 | E13: 1 | F13: =E13 -> 1 | G13: TH2/EF-03 | H13: 650 | I13: 25 | J13: Fan wall mounted | K13: 55 | L13: 0.37 | M13: 220/1/50 | N13: ≤ 65 dBA | O13: ≥ 50 % | P13: ≤ 2900 rpm | R13: 1 | S13: VNS-AV6-25 | T13: Quạt gắn tường | U13: TH Vinasun | V13: Việt Nam | W13: 591600 | Y13: 852400 | AB13: =+W13+X13+Y13+Z13+AA13 -> 1444000 | AC13: =+AB13*F13 -> 1444000 | AD13: =+AB13*R13 -> 1444000 | AE13: Lưu lượng: 650m3/h, Cột áp: 25Pa
A14: 2 | B14: QUẠT HÚT PHÒNG QUẠT HÚT 2 | C14: Cái | D14: 1 | E14: 1 | F14: =E14 -> 1 | G14: TH2/EF-04 | H14: 650 | I14: 25 | J14: Fan wall mounted | K14: 55 | L14: 0.37 | M14: 220/1/50 | N14: ≤ 65 dBA | O14: ≥ 50 % | P14: ≤ 2900 rpm | R14: 1 | S14: VNS-AV6-25 | T14: Quạt gắn tường | U14: TH Vinasun | V14: Việt Nam | W14: 591600 | Y14: 852400 | AB14: =+W14+X14+Y14+Z14+AA14 -> 1444000 | AC14: =+AB14*F14 -> 1444000 | AD14: =+AB14*R14 -> 1444000 | AE14: Lưu lượng: 650m3/h, Cột áp: 25Pa
A15: 3 | B15: QUẠT HÚT PHÒNG QUẠT HÚT 3 | C15: Cái | D15: 1 | E15: 1 | F15: =E15 -> 1 | G15: TH2/EF-05 | H15: 1000 | I15: 50 | J15: Fan wall mounted | K15: 55 | L15: 0.37 | M15: 220/1/50 | N15: ≤ 65 dBA | O15: ≥ 50 % | P15: ≤ 2900 rpm | R15: 1 | S15: VNS-AV6-25 | T15: Quạt gắn tường | U15: TH Vinasun | V15: Việt Nam | W15: 591600 | Y15: 1317900 | AB15: =+W15+X15+Y15+Z15+AA15 -> 1909500 | AC15: =+AB15*F15 -> 1909500 | AD15: =+AB15*R15 -> 1909500 | AE15: Lưu lượng: 1000m3/h, Cột áp: 50Pa
A16: 4 | B16: QUẠT HÚT PHÒNG QUẠT CẤP | C16: Cái | D16: 1 | E16: 1 | F16: =E16 -> 1 | G16: TH2/EF-06 | H16: 650 | I16: 25 | J16: Fan wall mounted | K16: 55 | L16: 0.37 | M16: 220/1/50 | N16: ≤ 65 dBA | O16: ≥ 50 % | P16: ≤ 2900 rpm | R16: 1 | S16: VNS-AV6-25 | T16: Quạt gắn tường | U16: TH Vinasun | V16: Việt Nam | W16: 591600 | Y16: 852400 | AB16: =+W16+X16+Y16+Z16+AA16 -> 1444000 | AC16: =+AB16*F16 -> 1444000 | AD16: =+AB16*R16 -> 1444000 | AE16: Lưu lượng: 650m3/h, Cột áp: 25Pa
A17: 6 | B17: QUẠT HÚT KHO 1 | C17: Cái | D17: 1 | E17: 1 | F17: =E17 -> 1 | G17: TH2/EF-08 | H17: 650 | I17: 25 | J17: Fan wall mounted | K17: 55 | L17: 0.37 | M17: 220/1/50 | N17: ≤ 65 dBA | O17: ≥ 50 % | P17: ≤ 2900 rpm | R17: 1 | S17: VNS-AV6-25 | T17: Quạt gắn tường | U17: TH Vinasun | V17: Việt Nam | W17: 591600 | Y17: 852400 | AB17: =+W17+X17+Y17+Z17+AA17 -> 1444000 | AC17: =+AB17*F17 -> 1444000 | AD17: =+AB17*R17 -> 1444000 | AE17: Lưu lượng: 650m3/h, Cột áp: 25Pa
A18: 7 | B18: QUẠT HÚT KHO 2 | C18: Cái | D18: 1 | E18: 1 | F18: =E18 -> 1 | G18: TH2/EF-09 | H18: 250 | I18: 20 | J18: Fan wall mounted | K18: 55 | L18: 0.37 | M18: 220/1/50 | N18: ≤ 65 dBA | O18: ≥ 50 % | P18: ≤ 1450 rpm | R18: 1 | S18: VNS-AV6-15 | T18: Quạt gắn tường | U18: TH Vinasun | V18: Việt Nam | W18: 496600 | Y18: 852400 | AB18: =+W18+X18+Y18+Z18+AA18 -> 1349000 | AC18: =+AB18*F18 -> 1349000 | AD18: =+AB18*R18 -> 1349000 | AE18: Lưu lượng: 250m3/h, Cột áp: 20Pa
A19: 8 | B19: QUẠT HÚT KHO 3 | C19: Cái | D19: 1 | E19: 1 | F19: =E19 -> 1 | G19: TH2/EF-10 | H19: 350 | I19: 25 | J19: Fan wall mounted | K19: 55 | L19: 0.37 | M19: 220/1/50 | N19: ≤ 65 dBA | O19: ≥ 50 % | P19: ≤ 1450 rpm | R19: 1 | S19: VNS-AV6-20 | T19: Quạt gắn tường | U19: TH Vinasun | V19: Việt Nam | W19: 550900 | Y19: 852400 | AB19: =+W19+X19+Y19+Z19+AA19 -> 1403300 | AC19: =+AB19*F19 -> 1403300 | AD19: =+AB19*R19 -> 1403300 | AE19: Lưu lượng: 350m3/h, Cột áp: 25Pa
A20: 9 | B20: QUẠT HÚT KHO 4 | C20: Cái | D20: 1 | E20: 1 | F20: =E20 -> 1 | G20: TH2/EF-11 | H20: 150 | I20: 20 | J20: Fan wall mounted | K20: 55 | L20: 0.37 | M20: 220/1/50 | N20: ≤ 65 dBA | O20: ≥ 50 % | R20: 1 | S20: VNS-AV6-15 | T20: Quạt gắn tường | U20: TH Vinasun | V20: Việt Nam | W20: 496600 | Y20: 676100 | AB20: =+W20+X20+Y20+Z20+AA20 -> 1172700 | AC20: =+AB20*F20 -> 1172700 | AD20: =+AB20*R20 -> 1172700 | AE20: Lưu lượng: 150m3/h, Cột áp: 20Pa
A21: 10 | B21: QUẠT CẤP GIÓ TẦNG HẦM ZONE 1 | C21: Cái | D21: 2 | E21: 2 | F21: =E21 -> 2 | G21: TH2/SF-01.1,2 | H21: 20500 | I21: 400 | J21: Axial Fan/In-Line Fan/ Cabinet Fan | K21: 55 | L21: 11 | M21: 380/3/50 | N21: ≤ 65 dBA | O21: ≥ 50 % | R21: 2 | S21: VNS-AF5-7T Động cơ ATT IE3 | T21: Quạt hướng trục | U21: TH Vinasun | V21: Việt Nam | W21: 26908400 | Y21: 3719700 | AB21: =+W21+X21+Y21+Z21+AA21 -> 30628100 | AC21: =+AB21*F21 -> 61256200 | AD21: =+AB21*R21 -> 61256200 | AE21: Lưu lượng: 20500m3/h, Cột áp: 400Pa
A22: 11 | B22: QUẠT CẤP GIÓ TẦNG HẦM ZONE 2 | C22: Cái | D22: 1 | E22: 1 | F22: =E22 -> 1 | G22: TH2/SF-02 | H22: 39000 | I22: 400 | J22: Axial Fan/In-Line Fan/ Cabinet Fan | K22: 55 | L22: 15 | M22: 380/3/50 | N22: ≤ 65 dBA | O22: ≥ 50 % | R22: 1 | S22: VNS-AF5-8T Động cơ ATT IE3 | T22: Quạt hướng trục | U22: TH Vinasun | V22: Việt Nam | W22: 45457400 | Y22: 5207800 | AB22: =+W22+X22+Y22+Z22+AA22 -> 50665200 | AC22: =+AB22*F22 -> 50665200 | AD22: =+AB22*R22 -> 50665200 | AE22: Lưu lượng: 39000m3/h, Cột áp: 400Pa
B23: Tầng hầm 1 | F23: =E23 -> 0 | R23: 0 | S23: 0 | T23: 0 | U23: 0 | V23: 0 | W23: 0 | Y23: 0 | AB23: =+W23+X23+Y23+Z23+AA23 -> 0 | AC23: =+AB23*F23 -> 0 | AD23: =+AB23*R23 -> 0 | AE23: 0
A24: 12 | B24: QUẠT HÚT PHÒNG QUẠT HÚT 1 | C24: Cái | D24: 1 | E24: 1 | F24: =E24 -> 1 | G24: TH1/EF-03 | H24: 1000 | I24: 50 | J24: Fan wall mounted | K24: 55 | L24: 0.37 | M24: 220/1/50 | N24: ≤ 65 dBA | O24: ≥ 50 % | R24: 1 | S24: VNS-AV6-25 | T24: Quạt gắn tường | U24: TH Vinasun | V24: Việt Nam | W24: 591600 | Y24: 1317900 | AB24: =+W24+X24+Y24+Z24+AA24 -> 1909500 | AC24: =+AB24*F24 -> 1909500 | AD24: =+AB24*R24 -> 1909500 | AE24: Lưu lượng: 1000m3/h, Cột áp: 50Pa
A25: =A24+1 -> 13 | B25: QUẠT HÚT PHÒNG QUẠT HÚT 2 | C25: Cái | D25: 1 | E25: 1 | F25: =E25 -> 1 | G25: TH1/EF-04 | H25: 650 | I25: 25 | J25: Fan wall mounted | K25: 55 | L25: 0.37 | M25: 220/1/50 | N25: ≤ 65 dBA | O25: ≥ 50 % | R25: 1 | S25: VNS-AV6-25 | T25: Quạt gắn tường | U25: TH Vinasun | V25: Việt Nam | W25: 591600 | Y25: 852400 | AB25: =+W25+X25+Y25+Z25+AA25 -> 1444000 | AC25: =+AB25*F25 -> 1444000 | AD25: =+AB25*R25 -> 1444000 | AE25: Lưu lượng: 650m3/h, Cột áp: 25Pa
A26: =A25+1 -> 14 | B26: QUẠT HÚT PHÒNG QUẠT HÚT 3 | C26: Cái | D26: 1 | E26: 1 | F26: =E26 -> 1 | G26: TH1/EF-05 | H26: 1000 | I26: 50 | J26: Fan wall mounted | K26: 55 | L26: 0.37 | M26: 220/1/50 | N26: ≤ 65 dBA | O26: ≥ 50 % | R26: 1 | S26: VNS-AV6-25 | T26: Quạt gắn tường | U26: TH Vinasun | V26: Việt Nam | W26: 591600 | Y26: 1317900 | AB26: =+W26+X26+Y26+Z26+AA26 -> 1909500 | AC26: =+AB26*F26 -> 1909500 | AD26: =+AB26*R26 -> 1909500 | AE26: Lưu lượng: 1000m3/h, Cột áp: 50Pa
A27: =A26+1 -> 15 | B27: QUẠT HÚT PHÒNG QUẠT CẤP | C27: Cái | D27: 1 | E27: 1 | F27: =E27 -> 1 | G27: TH1/EF-06 | H27: 650 | I27: 25 | J27: Fan wall mounted | K27: 55 | L27: 0.37 | M27: 220/1/50 | N27: ≤ 65 dBA | O27: ≥ 50 % | R27: 1 | S27: VNS-AV6-25 | T27: Quạt gắn tường | U27: TH Vinasun | V27: Việt Nam | W27: 591600 | Y27: 852400 | AB27: =+W27+X27+Y27+Z27+AA27 -> 1444000 | AC27: =+AB27*F27 -> 1444000 | AD27: =+AB27*R27 -> 1444000 | AE27: Lưu lượng: 650m3/h, Cột áp: 25Pa
A28: =A27+1 -> 16 | B28: QUẠT HÚT PHÒNG BƠM PCCC | C28: Cái | D28: 1 | E28: 1 | F28: =E28 -> 1 | G28: TH1/EF-07 | H28: 1000 | I28: 50 | J28: Fan wall mounted | K28: 55 | L28: 0.37 | M28: 220/1/50 | N28: ≤ 65 dBA | O28: ≥ 50 % | R28: 1 | S28: VNS-AV6-25 | T28: Quạt gắn tường | U28: TH Vinasun | V28: Việt Nam | W28: 591600 | Y28: 1317900 | AB28: =+W28+X28+Y28+Z28+AA28 -> 1909500 | AC28: =+AB28*F28 -> 1909500 | AD28: =+AB28*R28 -> 1909500 | AE28: Lưu lượng: 1000m3/h, Cột áp: 50Pa
A29: =A28+1 -> 17 | B29: QUẠT HÚT PHÒNG HẠ THẾ | C29: Cái | D29: 1 | E29: 1 | F29: =E29 -> 1 | G29: TH1/EF-08 | H29: 3500 | I29: 50 | J29: Fan wall mounted | K29: 55 | L29: 0.55 | M29: 220/1/50 | N29: ≤ 65 dBA | O29: ≥ 50 % | R29: 1 | S29: VNS-AF9-4T | T29: Quạt hướng trục vuông, kt 400x400x320mm | U29: TH Vinasun | V29: Việt Nam | W29: 4281500 | Y29: 1595900 | AB29: =+W29+X29+Y29+Z29+AA29 -> 5877400 | AC29: =+AB29*F29 -> 5877400 | AD29: =+AB29*R29 -> 5877400 | AE29: Lưu lượng: 3500m3/h, Cột áp: 50Pa
A30: =A29+1 -> 18 | B30: QUẠT HÚT PHÒNG KĨ THUẬT | C30: Cái | D30: 1 | E30: 1 | F30: =E30 -> 1 | G30: TH1/EF-09 | H30: 450 | I30: 25 | J30: Fan wall mounted | K30: 55 | L30: 0.37 | M30: 220/1/50 | N30: ≤ 65 dBA | O30: ≥ 50 % | R30: 1 | S30: VNS-AV6-20 | T30: Quạt gắn tường | U30: TH Vinasun | V30: Việt Nam | W30: 550900 | Y30: 852400 | AB30: =+W30+X30+Y30+Z30+AA30 -> 1403300 | AC30: =+AB30*F30 -> 1403300 | AD30: =+AB30*R30 -> 1403300 | AE30: Lưu lượng: 450m3/h, Cột áp: 25Pa
A31: =A30+1 -> 19 | B31: QUẠT HÚT NHÀ ĐIỀU HÀNH XLNT | C31: Cái | D31: 1 | E31: 1 | F31: =E31 -> 1 | G31: TH1/EF-10 | H31: 450 | I31: 25 | J31: Fan wall mounted | K31: 55 | L31: 0.37 | M31: 220/1/50 | N31: ≤ 65 dBA | O31: ≥ 50 % | R31: 1 | S31: VNS-AV6-20 | T31: Quạt gắn tường | U31: TH Vinasun | V31: Việt Nam | W31: 550900 | Y31: 852400 | AB31: =+W31+X31+Y31+Z31+AA31 -> 1403300 | AC31: =+AB31*F31 -> 1403300 | AD31: =+AB31*R31 -> 1403300 | AE31: Lưu lượng: 450m3/h, Cột áp: 25Pa
A32: =A31+1 -> 20 | B32: QUẠT HÚT PHÒNG BƠM SINH HOẠT | C32: Cái | D32: 1 | E32: 1 | F32: =E32 -> 1 | G32: TH1/EF-11 | H32: 1000 | I32: 50 | J32: Fan wall mounted | K32: 55 | L32: 3.7 | M32: 220/1/50 | N32: ≤ 65 dBA | O32: ≥ 50 % | R32: 1 | S32: VNS-AV6-25 | T32: Quạt gắn tường | U32: TH Vinasun | V32: Việt Nam | W32: 591600 | Y32: 1317900 | AB32: =+W32+X32+Y32+Z32+AA32 -> 1909500 | AC32: =+AB32*F32 -> 1909500 | AD32: =+AB32*R32 -> 1909500 | AE32: Lưu lượng: 1000m3/h, Cột áp: 50Pa
A33: =A32+1 -> 21 | B33: QUẠT HÚT PHÒNG RÁC THÁP A | C33: Cái | D33: 1 | E33: 1 | F33: =E33 -> 1 | G33: TH1/EF-12 | H33: 6500 | I33: 400 | J33: Axial Fan/In-Line Fan/ Cabinet Fan | K33: 55 | L33: 3.7 | M33: 380/3/50 | N33: ≤ 65 dBA | O33: ≥ 50 % | R33: 1 | S33: VNS-VF-400S động cơ ATT IE3 | T33: Quạt ly tâm dạng hộp độ ồn thấp, ĐC IE3 | U33: TH Vinasun | V33: Việt Nam | W33: 26338600 | Y33: 2776700 | AB33: =+W33+X33+Y33+Z33+AA33 -> 29115300 | AC33: =+AB33*F33 -> 29115300 | AD33: =+AB33*R33 -> 29115300 | AE33: Lưu lượng: 6500m3/h, Cột áp: 400Pa
A34: =A33+1 -> 22 | B34: QUẠT CẤP GIÓ TẦNG HẦM ZONE 1 | C34: Cái | D34: 2 | E34: 2 | F34: =E34 -> 2 | G34: TH1/SF-01.1,2 | H34: 20500 | I34: 400 | J34: Axial Fan/In-Line Fan/ Cabinet Fan | K34: 55 | L34: 11 | M34: 380/3/50 | N34: ≤ 65 dBA | O34: ≥ 50 % | R34: 2 | S34: VNS-AF5-7T Động cơ ATT IE3 | T34: Quạt hướng trục | U34: TH Vinasun | V34: Việt Nam | W34: 26908400 | Y34: 3719700 | AB34: =+W34+X34+Y34+Z34+AA34 -> 30628100 | AC34: =+AB34*F34 -> 61256200 | AD34: =+AB34*R34 -> 61256200 | AE34: Lưu lượng: 20500m3/h, Cột áp: 400Pa
A35: =A34+1 -> 23 | B35: QUẠT CẤP GIÓ TẦNG HẦM ZONE 2 | C35: Cái | D35: 1 | E35: 1 | F35: =E35 -> 1 | G35: TH1/SF-02 | H35: 41000 | I35: 450 | J35: Axial Fan/In-Line Fan/ Cabinet Fan | K35: 55 | L35: 15 | M35: 380/3/50 | N35: ≤ 65 dBA | O35: ≥ 50 % | R35: 1 | S35: VNS-AF5-9T Động cơ ATT IE3 | T35: Quạt hướng trục | U35: TH Vinasun | V35: Việt Nam | W35: 51085900 | Y35: 5207800 | AB35: =+W35+X35+Y35+Z35+AA35 -> 56293700 | AC35: =+AB35*F35 -> 56293700 | AD35: =+AB35*R35 -> 56293700 | AE35: Lưu lượng: 41000m3/h, Cột áp: 450Pa
B36: Tầng 1 | F36: =E36 -> 0 | R36: 0 | S36: 0 | T36: 0 | U36: 0 | V36: 0 | W36: 0 | Y36: 0 | AB36: =+W36+X36+Y36+Z36+AA36 -> 0 | AC36: =+AB36*F36 -> 0 | AD36: =+AB36*R36 -> 0 | AE36: 0
A37: 24 | B37: QUẠT HÚT KHO HÀNG | C37: Cái | D37: 1 | E37: 1 | F37: =E37 -> 1 | G37: T1/EF-01 | H37: 1000 | I37: 50 | J37: Fan wall mounted | K37: 55 | L37: 0.37 | M37: 220/1/50 | N37: ≤ 65 dBA | O37: ≥ 50 % | P37: ≤ 1450 rpm | R37: 1 | S37: VNS-AV6-25 | T37: Quạt gắn tường | U37: TH Vinasun | V37: Việt Nam | W37: 591600 | Y37: 1317900 | AB37: =+W37+X37+Y37+Z37+AA37 -> 1909500 | AC37: =+AB37*F37 -> 1909500 | AD37: =+AB37*R37 -> 1909500 | AE37: Lưu lượng: 1000m3/h, Cột áp: 50Pa
A38: =A37+1 -> 25 | B38: QUẠT HÚT MÙI WC | C38: Cái | D38: 2 | E38: 2 | F38: =E38 -> 2 | G38: T1/EF-02,03 | H38: 100 | I38: 50 | J38: Fan ceiling | K38: 55 | L38: 0.03 | M38: 220/1/50 | N38: ≤ 65 dBA | O38: ≥ 50 % | R38: 2 | S38: VNS-10-11 | T38: Quạt gắn trần | U38: TH Vinasun | V38: Việt Nam | W38: 1364800 | Y38: 347600 | AB38: =+W38+X38+Y38+Z38+AA38 -> 1712400 | AC38: =+AB38*F38 -> 3424800 | AD38: =+AB38*R38 -> 3424800 | AE38: Lưu lượng: 100m3/h, Cột áp: 50Pa
A39: =A38+1 -> 26 | B39: QUẠT HÚT MÙI WC TM | C39: Cái | D39: 1 | E39: 1 | F39: =E39 -> 1 | G39: T1/EF-04 | H39: 1000 | I39: 200 | J39: Axial Fan/In-Line Fan/ Cabinet Fan | K39: 55 | L39: 1.1 | M39: 220/1/50 | N39: ≤ 65 dBA | O39: ≥ 50 % | R39: 1 | S39: VNS-DP250 | T39: Quạt hướng trục, miệng ống phi 245, độ ồn 66Db | U39: TH Vinasun | V39: Việt Nam | W39: 3972600 | Y39: 629700 | AB39: =+W39+X39+Y39+Z39+AA39 -> 4602300 | AC39: =+AB39*F39 -> 4602300 | AD39: =+AB39*R39 -> 4602300 | AE39: Lưu lượng: 1000m3/h, Cột áp: 200Pa
A40: =A39+1 -> 27 | B40: QUẠT CẤP GIÓ TƯƠI TẦNG 1 | C40: Cái | D40: 1 | E40: 1 | F40: =E40 -> 1 | G40: T1/SF-01 | H40: 1800 | I40: 250 | J40: Axial Fan/In-Line Fan/ Cabinet Fan | K40: 55 | L40: 0.75 | M40: 220/1/50 | N40: ≤ 65 dBA | O40: ≥ 50 % | R40: 1 | S40: VNS-VF-315SI | T40: Quạt ly tâm dạng hộp độ ồn thấp | U40: TH Vinasun | V40: Việt Nam | W40: 8449300 | Y40: 1050900 | AB40: =+W40+X40+Y40+Z40+AA40 -> 9500200 | AC40: =+AB40*F40 -> 9500200 | AD40: =+AB40*R40 -> 9500200 | AE40: Lưu lượng: 1800m3/h, Cột áp: 250Pa
A41: =A40+1 -> 28 | B41: QUẠT CẤP GIÓ TƯƠI TẦNG 1 | C41: Cái | D41: 1 | E41: 1 | F41: =E41 -> 1 | G41: T1/SF-02 | H41: 2000 | I41: 250 | J41: Axial Fan/In-Line Fan/ Cabinet Fan | K41: 55 | L41: 0.75 | M41: 220/1/50 | N41: ≤ 65 dBA | O41: ≥ 50 % | R41: 1 | S41: VNS-VF-355SI | T41: Quạt ly tâm dạng hộp độ ồn thấp | U41: TH Vinasun | V41: Việt Nam | W41: 9127600 | Y41: 1050900 | AB41: =+W41+X41+Y41+Z41+AA41 -> 10178500 | AC41: =+AB41*F41 -> 10178500 | AD41: =+AB41*R41 -> 10178500 | AE41: Lưu lượng: 2000m3/h, Cột áp: 250Pa
A42: =A41+1 -> 29 | B42: QUẠT CẤP GIÓ TƯƠI TẦNG 1 | C42: Cái | D42: 1 | E42: 1 | F42: =E42 -> 1 | G42: T1/SF-03 | H42: 2200 | I42: 300 | J42: Axial Fan/In-Line Fan/ Cabinet Fan | K42: 55 | L42: 1.1 | M42: 380/3/50 | N42: ≤ 65 dBA | O42: ≥ 50 % | R42: 1 | S42: VNS-VF-355SI | T42: Quạt ly tâm dạng hộp độ ồn thấp | U42: TH Vinasun | V42: Việt Nam | W42: 10009400 | Y42: 1050900 | AB42: =+W42+X42+Y42+Z42+AA42 -> 11060300 | AC42: =+AB42*F42 -> 11060300 | AD42: =+AB42*R42 -> 11060300 | AE42: Lưu lượng: 2200m3/h, Cột áp: 300Pa
A43: =A42+1 -> 30 | B43: QUẠT CẤP GIÓ TƯƠI TẦNG 1 | C43: Cái | D43: 1 | E43: 1 | F43: =E43 -> 1 | G43: T1/SF-04 | H43: 5000 | I43: 300 | J43: Axial Fan/In-Line Fan/ Cabinet Fan | K43: 55 | L43: 1.5 | M43: 380/3/50 | N43: ≤ 65 dBA | O43: ≥ 50 % | R43: 1 | S43: VNS-VF-380S Động cơ ATT IE3 | T43: Quạt ly tâm dạng hộp độ ồn thấp, ĐC IE3 | U43: TH Vinasun | V43: Việt Nam | W43: 21075000 | Y43: 2101700 | AB43: =+W43+X43+Y43+Z43+AA43 -> 23176700 | AC43: =+AB43*F43 -> 23176700 | AD43: =+AB43*R43 -> 23176700 | AE43: Lưu lượng: 5000m3/h, Cột áp: 300Pa
B44: Tầng 2 | F44: =E44 -> 0 | R44: 0 | S44: 0 | T44: 0 | U44: 0 | V44: 0 | W44: 0 | Y44: 0 | AB44: =+W44+X44+Y44+Z44+AA44 -> 0 | AC44: =+AB44*F44 -> 0 | AD44: =+AB44*R44 -> 0 | AE44: 0
A45: 29 | B45: QUẠT HÚT MÙI WC | C45: Cái | D45: 1 | E45: 1 | F45: =E45 -> 1 | G45: T2/EF-01 | H45: 1300 | I45: 150 | J45: Axial Fan/In-Line Fan/ Cabinet Fan | K45: 55 | L45: 0.75 | M45: 220/1/50 | N45: ≤ 65 dBA | O45: ≥ 50 % | R45: 1 | S45: VNS-DP250 | T45: Quạt hướng trục, miệng ống phi 245, độ ồn 66Db | U45: TH Vinasun | V45: Việt Nam | W45: 3972600 | Y45: 629700 | AB45: =+W45+X45+Y45+Z45+AA45 -> 4602300 | AC45: =+AB45*F45 -> 4602300 | AD45: =+AB45*R45 -> 4602300 | AE45: Lưu lượng: 1300m3/h, Cột áp: 150Pa
A46: =A45+1 -> 30 | B46: QUẠT HÚT MÙI KHO+QUẦY CHẾ BIẾN | C46: Cái | D46: 1 | E46: 1 | F46: =E46 -> 1 | G46: T2/EF-02 | H46: 3000 | I46: 250 | J46: Axial Fan/In-Line Fan/ Cabinet Fan | K46: 55 | L46: 0.75 | M46: 380/3/50 | N46: ≤ 65 dBA | O46: ≥ 50 % | P46: ≤ 1450 rpm | R46: 1 | S46: VNS-VF-320S Động cơ ATT IE3 | T46: Quạt ly tâm dạng hộp độ ồn thấp, Động cơ IE3 | U46: TH Vinasun | V46: Việt Nam | W46: 12532700 | Y46: 1595900 | AB46: =+W46+X46+Y46+Z46+AA46 -> 14128600 | AC46: =+AB46*F46 -> 14128600 | AD46: =+AB46*R46 -> 14128600 | AE46: Lưu lượng: 3000m3/h, Cột áp: 250Pa
A47: =A46+1 -> 31 | B47: QUẠT HÚT KHO | C47: Cái | D47: 1 | E47: 1 | F47: =E47 -> 1 | G47: T2/EF-03 | H47: 150 | I47: 20 | J47: Fan wall mounted | K47: 55 | L47: 0.37 | M47: 220/1/50 | N47: ≤ 65 dBA | O47: ≥ 50 % | P47: ≤ 1450 rpm | R47: 1 | S47: VNS-AV6-15 | T47: Quạt gắn tường | U47: TH Vinasun | V47: Việt Nam | W47: 496600 | Y47: 676100 | AB47: =+W47+X47+Y47+Z47+AA47 -> 1172700 | AC47: =+AB47*F47 -> 1172700 | AD47: =+AB47*R47 -> 1172700 | AE47: Lưu lượng: 150m3/h, Cột áp: 20Pa
A48: =A47+1 -> 32 | B48: QUẠT CẤP GIÓ TƯƠI TẦNG 2 | C48: Cái | D48: 1 | E48: 1 | F48: =E48 -> 1 | G48: T2/SF-01 | H48: 5500 | I48: 300 | J48: Axial Fan/In-Line Fan/ Cabinet Fan | K48: 55 | L48: 1.5 | M48: 380/3/50 | N48: ≤ 65 dBA | O48: ≥ 50 % | R48: 1 | S48: VNS-AF5-5T động cơ ATT IE3 | T48: Quạt hướng trục | U48: TH Vinasun | V48: Việt Nam | W48: 15051700 | Y48: 2101700 | AB48: =+W48+X48+Y48+Z48+AA48 -> 17153400 | AC48: =+AB48*F48 -> 17153400 | AD48: =+AB48*R48 -> 17153400 | AE48: Lưu lượng: 5500m3/h, Cột áp: 300Pa
A49: =A48+1 -> 33 | B49: QUẠT CẤP GIÓ TƯƠI TẦNG 2 | C49: Cái | D49: 1 | E49: 1 | F49: =E49 -> 1 | G49: T2/SF-02 | H49: 5500 | I49: 300 | J49: Axial Fan/In-Line Fan/ Cabinet Fan | K49: 55 | L49: 1.1 | M49: 380/3/50 | N49: ≤ 65 dBA | O49: ≥ 50 % | R49: 1 | S49: VNS-AF5-5T động cơ ATT IE3 | T49: Quạt hướng trục | U49: TH Vinasun | V49: Việt Nam | W49: 15051700 | Y49: 2101700 | AB49: =+W49+X49+Y49+Z49+AA49 -> 17153400 | AC49: =+AB49*F49 -> 17153400 | AD49: =+AB49*R49 -> 17153400 | AE49: Lưu lượng: 5500m3/h, Cột áp: 300Pa
A50: =A49+1 -> 34 | B50: QUẠT CẤP GIÓ TƯƠI TẦNG 2 | C50: Cái | D50: 1 | E50: 1 | F50: =E50 -> 1 | G50: T2/SF-03 | H50: 4000 | I50: 300 | J50: Axial Fan/In-Line Fan/ Cabinet Fan | K50: 55 | L50: 1.5 | M50: 380/3/50 | N50: ≤ 65 dBA | O50: ≥ 50 % | R50: 1 | S50: VNS-VF-380S Động cơ ATT IE3 | T50: Quạt ly tâm dạng hộp độ ồn thấp, ĐC IE3 | U50: TH Vinasun | V50: Việt Nam | W50: 20862200 | Y50: 1595900 | AB50: =+W50+X50+Y50+Z50+AA50 -> 22458100 | AC50: =+AB50*F50 -> 22458100 | AD50: =+AB50*R50 -> 22458100 | AE50: Lưu lượng: 4000m3/h, Cột áp: 300Pa
A51: =A50+1 -> 35 | B51: QUẠT CẤP GIÓ TƯƠI TẦNG 2 | C51: Cái | D51: 1 | E51: 1 | F51: =E51 -> 1 | G51: T2/SF-04 | H51: 3500 | I51: 300 | J51: Axial Fan/In-Line Fan/ Cabinet Fan | K51: 55 | L51: 1.5 | M51: 380/3/50 | N51: ≤ 65 dBA | O51: ≥ 50 % | R51: 1 | S51: VNS-VF-380S Động cơ ATT IE3 | T51: Quạt ly tâm dạng hộp độ ồn thấp, ĐC IE3 | U51: TH Vinasun | V51: Việt Nam | W51: 20862200 | Y51: 1595900 | AB51: =+W51+X51+Y51+Z51+AA51 -> 22458100 | AC51: =+AB51*F51 -> 22458100 | AD51: =+AB51*R51 -> 22458100 | AE51: Lưu lượng: 3500m3/h, Cột áp: 300Pa
A52: =A51+1 -> 36 | B52: QUẠT CẤP GIÓ TƯƠI TẦNG 2 | C52: Cái | D52: 1 | E52: 1 | F52: =E52 -> 1 | G52: T2/SF-05 | H52: 500 | I52: 150 | J52: Axial Fan/In-Line Fan/ Cabinet Fan | K52: 55 | L52: 0.55 | M52: 380/3/50 | N52: ≤ 65 dBA | O52: ≥ 50 % | R52: 1 | S52: VNS-VF-315SI | T52: Quạt ly tâm dạng hộp độ ồn thấp | U52: TH Vinasun | V52: Việt Nam | W52: 8381500 | Y52: 629700 | AB52: =+W52+X52+Y52+Z52+AA52 -> 9011200 | AC52: =+AB52*F52 -> 9011200 | AD52: =+AB52*R52 -> 9011200 | AE52: Lưu lượng: 500m3/h, Cột áp: 150Pa
B53: QUẠT CẤP GIÓ TƯƠI PHÒNG NHÂN VIÊN | C53: Cái | D53: 1 | F53: 1 | G53: T2/SF-** | H53: 600 | I53: 150 | J53: Axial Fan/In-Line Fan/ Cabinet Fan | K53: 55 | L53: 0.55 | M53: 380/3/50 | N53: ≤ 65 dBA | O53: ≥ 50 % | R53: 1 | S53: VNS-AF5-5T động cơ ATT IE3 | T53: Quạt hướng trục | U53: TH Vinasun | V53: Việt Nam | W53: 14838900 | Y53: 2101700 | AB53: =+W53+X53+Y53+Z53+AA53 -> 16940600 | AC53: =+AB53*F53 -> 16940600 | AD53: =+AB53*R53 -> 16940600 | AE53: Lưu lượng: 600m3/h, Cột áp: 150Pa
B54: Tầng 3 | F54: =E54 -> 0 | R54: 0 | S54: 0 | T54: 0 | U54: 0 | V54: 0 | W54: 0 | Y54: 0 | AB54: =+W54+X54+Y54+Z54+AA54 -> 0 | AC54: =+AB54*F54 -> 0 | AD54: =+AB54*R54 -> 0 | AE54: 0
A55: =A52+1 -> 37 | B55: QUẠT HÚT MÙI WC | C55: Cái | D55: 1 | E55: 1 | F55: =E55 -> 1 | G55: T3/EF-01 | H55: 1300 | I55: 150 | J55: Axial Fan/In-Line Fan/ Cabinet Fan | K55: 55 | L55: 0.75 | M55: 220/1/50 | N55: ≤ 65 dBA | O55: ≥ 50 % | P55: ≤ 1450 rpm | R55: 1 | S55: VNS-DP250 | T55: Quạt hướng trục, miệng ống phi 245, độ ồn 66Db | U55: TH Vinasun | V55: Việt Nam | W55: 3972600 | Y55: 629700 | AB55: =+W55+X55+Y55+Z55+AA55 -> 4602300 | AC55: =+AB55*F55 -> 4602300 | AD55: =+AB55*R55 -> 4602300 | AE55: Lưu lượng: 1300m3/h, Cột áp: 150Pa
A56: =A55+1 -> 38 | B56: QUẠT HÚT KHO | C56: Cái | D56: 1 | E56: 1 | F56: =E56 -> 1 | G56: T3/EF-02 | H56: 150 | I56: 20 | J56: Fan wall mounted | K56: 55 | L56: 0.37 | M56: 220/1/50 | N56: ≤ 65 dBA | O56: ≥ 50 % | R56: 1 | S56: VNS-AV6-15 | T56: Quạt gắn tường | U56: TH Vinasun | V56: Việt Nam | W56: 496600 | Y56: 676100 | AB56: =+W56+X56+Y56+Z56+AA56 -> 1172700 | AC56: =+AB56*F56 -> 1172700 | AD56: =+AB56*R56 -> 1172700 | AE56: Lưu lượng: 150m3/h, Cột áp: 20Pa
A57: =A56+1 -> 39 | B57: QUẠT CẤP GIÓ TƯƠI TẦNG 3 | C57: Cái | D57: 2 | E57: 2 | F57: =E57 -> 2 | G57: T3/SF-01,02 | H57: 2500 | I57: 250 | J57: Axial Fan/In-Line Fan/ Cabinet Fan | K57: 55 | L57: 1.1 | M57: 380/3/50 | N57: ≤ 65 dBA | O57: ≥ 50 % | P57: ≤ 1450 rpm | R57: 2 | S57: VNS-VF-355SI | T57: Quạt ly tâm dạng hộp độ ồn thấp | U57: TH Vinasun | V57: Việt Nam | W57: 10009400 | Y57: 1050900 | AB57: =+W57+X57+Y57+Z57+AA57 -> 11060300 | AC57: =+AB57*F57 -> 22120600 | AD57: =+AB57*R57 -> 22120600 | AE57: Lưu lượng: 2500m3/h, Cột áp: 250Pa
A58: =A57+1 -> 40 | B58: QUẠT CẤP GIÓ TƯƠI TẦNG 3 | C58: Cái | D58: 1 | E58: 1 | F58: =E58 -> 1 | G58: T3/SF-03 | H58: 3800 | I58: 300 | J58: Axial Fan/In-Line Fan/ Cabinet Fan | K58: 55 | L58: 1.5 | M58: 380/3/50 | N58: ≤ 65 dBA | O58: ≥ 50 % | R58: 1 | S58: VNS-VF-380S Động cơ ATT IE3 | T58: Quạt ly tâm dạng hộp độ ồn thấp, ĐC IE3 | U58: TH Vinasun | V58: Việt Nam | W58: 19279500 | Y58: 1595900 | AB58: =+W58+X58+Y58+Z58+AA58 -> 20875400 | AC58: =+AB58*F58 -> 20875400 | AD58: =+AB58*R58 -> 20875400 | AE58: Lưu lượng: 3800m3/h, Cột áp: 300Pa
A59: =A58+1 -> 41 | B59: QUẠT CẤP GIÓ TƯƠI TẦNG 3 | C59: Cái | D59: 1 | E59: 1 | F59: =E59 -> 1 | G59: T3/SF-04 | H59: 2000 | I59: 200 | J59: Axial Fan/In-Line Fan/ Cabinet Fan | K59: 55 | L59: 0.75 | M59: 220/1/50 | N59: ≤ 65 dBA | O59: ≥ 50 % | R59: 1 | S59: VNS-VF-355SI | T59: Quạt ly tâm dạng hộp độ ồn thấp | U59: TH Vinasun | V59: Việt Nam | W59: 9127600 | Y59: 629700 | AB59: =+W59+X59+Y59+Z59+AA59 -> 9757300 | AC59: =+AB59*F59 -> 9757300 | AD59: =+AB59*R59 -> 9757300 | AE59: Lưu lượng: 2000m3/h, Cột áp: 200Pa
A60: =A59+1 -> 42 | B60: QUẠT CẤP GIÓ TƯƠI TẦNG 3 | C60: Cái | D60: 2 | E60: 2 | F60: =E60 -> 2 | G60: T3/SF-05,06 | H60: 4000 | I60: 300 | J60: Axial Fan/In-Line Fan/ Cabinet Fan | K60: 55 | L60: 0.75 | M60: 220/1/50 | N60: ≤ 65 dBA | O60: ≥ 50 % | R60: 2 | S60: VNS-VF-380S Động cơ ATT IE3 | T60: Quạt ly tâm dạng hộp độ ồn thấp, ĐC IE3 | U60: TH Vinasun | V60: Việt Nam | W60: 20862200 | Y60: 1595900 | AB60: =+W60+X60+Y60+Z60+AA60 -> 22458100 | AC60: =+AB60*F60 -> 44916200 | AD60: =+AB60*R60 -> 44916200 | AE60: Lưu lượng: 4000m3/h, Cột áp: 300Pa
A61: =A60+1 -> 43 | B61: QUẠT CẤP GIÓ TƯƠI TẦNG 3 | C61: Cái | D61: 1 | E61: 1 | F61: =E61 -> 1 | G61: T3/SF-07 | H61: 3500 | I61: 300 | J61: Axial Fan/In-Line Fan/ Cabinet Fan | K61: 55 | L61: 1.5 | M61: 380/3/50 | N61: ≤ 65 dBA | O61: ≥ 50 % | R61: 1 | S61: VNS-VF-380S Động cơ ATT IE3 | T61: Quạt ly tâm dạng hộp độ ồn thấp, ĐC IE3 | U61: TH Vinasun | V61: Việt Nam | W61: 20862200 | Y61: 1595900 | AB61: =+W61+X61+Y61+Z61+AA61 -> 22458100 | AC61: =+AB61*F61 -> 22458100 | AD61: =+AB61*R61 -> 22458100 | AE61: Lưu lượng: 3500m3/h, Cột áp: 300Pa
A62: =A61+1 -> 44 | B62: QUẠT CẤP GIÓ TƯƠI TẦNG 3 | C62: Cái | D62: 1 | E62: 1 | F62: =E62 -> 1 | G62: T3/SF-08 | H62: 600 | I62: 150 | J62: Axial Fan/In-Line Fan/ Cabinet Fan | K62: 55 | L62: 1.5 | M62: 380/3/50 | N62: ≤ 65 dBA | O62: ≥ 50 % | R62: 1 | S62: VNS-VF-315SI | T62: Quạt ly tâm dạng hộp độ ồn thấp | U62: TH Vinasun | V62: Việt Nam | W62: 8381500 | Y62: 629700 | AB62: =+W62+X62+Y62+Z62+AA62 -> 9011200 | AC62: =+AB62*F62 -> 9011200 | AD62: =+AB62*R62 -> 9011200 | AE62: Lưu lượng: 600m3/h, Cột áp: 150Pa
B63: Tầng 4 | F63: =E63 -> 0 | R63: 0 | S63: 0 | T63: 0 | U63: 0 | V63: 0 | W63: 0 | Y63: 0 | AB63: =+W63+X63+Y63+Z63+AA63 -> 0 | AC63: =+AB63*F63 -> 0 | AD63: =+AB63*R63 -> 0 | AE63: 0
A64: 45 | B64: QUẠT HÚT MÙI WC 1 | C64: Cái | D64: 1 | E64: 1 | F64: =E64 -> 1 | G64: T4/EF-01 | H64: 1300 | I64: 150 | J64: Axial Fan/In-Line Fan/ Cabinet Fan | K64: 55 | L64: 0.55 | M64: 220/1/50 | N64: ≤ 65 dBA | O64: ≥ 50 % | R64: 1 | S64: VNS-DP250 | T64: Quạt hướng trục, miệng ống phi 245, độ ồn 66Db | U64: TH Vinasun | V64: Việt Nam | W64: 3972600 | Y64: 629700 | AB64: =+W64+X64+Y64+Z64+AA64 -> 4602300 | AC64: =+AB64*F64 -> 4602300 | AD64: =+AB64*R64 -> 4602300 | AE64: Lưu lượng: 1300m3/h, Cột áp: 150Pa
A65: =A64+1 -> 46 | B65: QUẠT HÚT MÙI WC 2 | C65: Cái | D65: 1 | E65: 1 | F65: =E65 -> 1 | G65: T4/EF-02 | H65: 600 | I65: 150 | J65: Axial Fan/In-Line Fan/ Cabinet Fan | K65: 55 | L65: 0.55 | M65: 220/1/50 | N65: ≤ 65 dBA | O65: ≥ 50 % | R65: 1 | S65: VNS-DP200 | T65: Quạt hướng trục, miệng ống phi 195, độ ồn 43Db | U65: TH Vinasun | V65: Việt Nam | W65: 3429900 | Y65: 629700 | AB65: =+W65+X65+Y65+Z65+AA65 -> 4059600 | AC65: =+AB65*F65 -> 4059600 | AD65: =+AB65*R65 -> 4059600 | AE65: Lưu lượng: 600m3/h, Cột áp: 150Pa
A66: =A65+1 -> 47 | B66: QUẠT HÚT KHO | C66: Cái | D66: 1 | E66: 1 | F66: =E66 -> 1 | G66: T4/EF-03 | H66: 150 | I66: 20 | J66: Fan wall mounted | K66: 55 | L66: 0.37 | M66: 220/1/50 | N66: ≤ 65 dBA | O66: ≥ 50 % | R66: 1 | S66: VNS-AV6-15 | T66: Quạt gắn tường | U66: TH Vinasun | V66: Việt Nam | W66: 496600 | Y66: 676100 | AB66: =+W66+X66+Y66+Z66+AA66 -> 1172700 | AC66: =+AB66*F66 -> 1172700 | AD66: =+AB66*R66 -> 1172700 | AE66: Lưu lượng: 150m3/h, Cột áp: 20Pa
A67: =A66+1 -> 48 | B67: QUẠT HÚT KHO | C67: Cái | D67: 3 | E67: 3 | F67: =E67 -> 3 | G67: T4/EF-04,05,06 | H67: 1000 | I67: 50 | J67: Fan wall mounted | K67: 55 | L67: 0.37 | M67: 220/1/50 | N67: ≤ 65 dBA | O67: ≥ 50 % | R67: 3 | S67: VNS-AV6-25 | T67: Quạt gắn tường | U67: TH Vinasun | V67: Việt Nam | W67: 591600 | Y67: 1317900 | AB67: =+W67+X67+Y67+Z67+AA67 -> 1909500 | AC67: =+AB67*F67 -> 5728500 | AD67: =+AB67*R67 -> 5728500 | AE67: Lưu lượng: 1000m3/h, Cột áp: 50Pa
A68: =A67+1 -> 49 | B68: QUẠT CẤP GIÓ TƯƠI TẦNG 4 | C68: Cái | D68: 1 | E68: 1 | F68: =E68 -> 1 | G68: T4/SF-01 | H68: 600 | I68: 150 | J68: Axial Fan/In-Line Fan/ Cabinet Fan | K68: 55 | L68: 0.37 | M68: 380/3/50 | N68: ≤ 65 dBA | O68: ≥ 50 % | R68: 1 | S68: VNS-DP200 | T68: Quạt hướng trục, miệng ống phi 195, độ ồn 43Db | U68: TH Vinasun | V68: Việt Nam | W68: 3429900 | Y68: 629700 | AB68: =+W68+X68+Y68+Z68+AA68 -> 4059600 | AC68: =+AB68*F68 -> 4059600 | AD68: =+AB68*R68 -> 4059600 | AE68: Lưu lượng: 600m3/h, Cột áp: 150Pa
A69: =A68+1 -> 50 | B69: QUẠT CẤP GIÓ TƯƠI TẦNG 4 | C69: Cái | D69: 1 | E69: 1 | F69: =E69 -> 1 | G69: T4/SF-02 | H69: 2200 | I69: 250 | J69: Axial Fan/In-Line Fan/ Cabinet Fan | K69: 55 | L69: 1.1 | M69: 380/3/50 | N69: ≤ 65 dBA | O69: ≥ 50 % | R69: 1 | S69: VNS-VF-355SI | T69: Quạt hướng trục | U69: TH Vinasun | V69: Việt Nam | W69: 10009400 | Y69: 1050900 | AB69: =+W69+X69+Y69+Z69+AA69 -> 11060300 | AC69: =+AB69*F69 -> 11060300 | AD69: =+AB69*R69 -> 11060300 | AE69: Lưu lượng: 2200m3/h, Cột áp: 250Pa
A70: =A69+1 -> 51 | B70: QUẠT CẤP GIÓ TƯƠI TẦNG 4 | C70: Cái | D70: 1 | E70: 1 | F70: =E70 -> 1 | G70: T4/SF-03 | H70: 4500 | I70: 300 | J70: Axial Fan/In-Line Fan/ Cabinet Fan | K70: 55 | L70: 1.5 | M70: 380/3/50 | N70: ≤ 65 dBA | O70: ≥ 50 % | R70: 1 | S70: VNS-VF-380S Động cơ ATT IE3 | T70: Quạt ly tâm dạng hộp độ ồn thấp, ĐC IE3 | U70: TH Vinasun | V70: Việt Nam | W70: 21075000 | Y70: 2101700 | AB70: =+W70+X70+Y70+Z70+AA70 -> 23176700 | AC70: =+AB70*F70 -> 23176700 | AD70: =+AB70*R70 -> 23176700 | AE70: Lưu lượng: 4500m3/h, Cột áp: 300Pa
A71: =A70+1 -> 52 | B71: QUẠT CẤP GIÓ TƯƠI TẦNG 4 | C71: Cái | D71: 1 | E71: 1 | F71: =E71 -> 1 | G71: T4/SF-04 | H71: 6500 | I71: 300 | J71: Axial Fan/In-Line Fan/ Cabinet Fan | K71: 55 | L71: 1.5 | M71: 380/3/50 | N71: ≤ 65 dBA | O71: ≥ 50 % | R71: 1 | S71: VNS-AF5-5T động cơ ATT IE3 | T71: Quạt hướng trục | U71: TH Vinasun | V71: Việt Nam | W71: 15051700 | Y71: 2776700 | AB71: =+W71+X71+Y71+Z71+AA71 -> 17828400 | AC71: =+AB71*F71 -> 17828400 | AD71: =+AB71*R71 -> 17828400 | AE71: Lưu lượng: 6500m3/h, Cột áp: 300Pa
A72: =A71+1 -> 53 | B72: QUẠT CẤP GIÓ TƯƠI TẦNG 4 | C72: Cái | D72: 1 | E72: 1 | F72: =E72 -> 1 | G72: T4/SF-05 | H72: 5000 | I72: 350 | J72: Axial Fan/In-Line Fan/ Cabinet Fan | K72: 55 | L72: 1.5 | M72: 380/3/50 | N72: ≤ 65 dBA | O72: ≥ 50 % | R72: 1 | S72: VNS-VF-380S Động cơ ATT IE3 | T72: Quạt ly tâm dạng hộp độ ồn thấp, ĐC IE3 | U72: TH Vinasun | V72: Việt Nam | W72: 21075000 | Y72: 2101700 | AB72: =+W72+X72+Y72+Z72+AA72 -> 23176700 | AC72: =+AB72*F72 -> 23176700 | AD72: =+AB72*R72 -> 23176700 | AE72: Lưu lượng: 5000m3/h, Cột áp: 350Pa
B73: Tầng 5 | F73: =E73 -> 0 | R73: 0 | S73: 0 | T73: 0 | U73: 0 | V73: 0 | W73: 0 | Y73: 0 | AB73: =+W73+X73+Y73+Z73+AA73 -> 0 | AC73: =+AB73*F73 -> 0 | AD73: =+AB73*R73 -> 0 | AE73: 0
A74: 50 | B74: QUẠT HÚT MÙI WC 1 | C74: Cái | D74: 1 | E74: 1 | F74: =E74 -> 1 | G74: T5/EF-01 | H74: 1300 | I74: 250 | J74: Axial Fan/In-Line Fan/ Cabinet Fan | K74: 55 | L74: 0.75 | M74: 220/1/50 | N74: ≤ 65 dBA | O74: ≥ 50 % | R74: 1 | S74: VNS-DP250 | T74: Quạt hướng trục, miệng ống phi 245, độ ồn 66Db | U74: TH Vinasun | V74: Việt Nam | W74: 3972600 | Y74: 629700 | AB74: =+W74+X74+Y74+Z74+AA74 -> 4602300 | AC74: =+AB74*F74 -> 4602300 | AD74: =+AB74*R74 -> 4602300 | AE74: Lưu lượng: 1300m3/h, Cột áp: 250Pa
A75: =A74+1 -> 51 | B75: QUẠT HÚT MÙI WC 2 | C75: Cái | D75: 1 | E75: 1 | F75: =E75 -> 1 | G75: T5/EF-02 | H75: 2000 | I75: 250 | J75: Axial Fan/In-Line Fan/ Cabinet Fan | K75: 55 | L75: 0.75 | M75: 220/1/50 | N75: ≤ 65 dBA | O75: ≥ 50 % | R75: 1 | S75: VNS-VF-355SI | T75: Quạt ly tâm dạng hộp độ ồn thấp | U75: TH Vinasun | V75: Việt Nam | W75: 10009400 | Y75: 1050900 | AB75: =+W75+X75+Y75+Z75+AA75 -> 11060300 | AC75: =+AB75*F75 -> 11060300 | AD75: =+AB75*R75 -> 11060300 | AE75: Lưu lượng: 2000m3/h, Cột áp: 250Pa
A76: =A75+1 -> 52 | B76: QUẠT HÚT MÙI WC 3 | C76: Cái | D76: 1 | E76: 1 | F76: =E76 -> 1 | G76: T5/EF-03 | H76: 750 | I76: 250 | J76: Axial Fan/In-Line Fan/ Cabinet Fan | K76: 55 | L76: 0.37 | M76: 220/1/50 | N76: ≤ 65 dBA | O76: ≥ 50 % | R76: 1 | S76: VNS-DP200 | T76: Quạt hướng trục, miệng ống phi 195, độ ồn 43Db | U76: TH Vinasun | V76: Việt Nam | W76: 3429900 | Y76: 629700 | AB76: =+W76+X76+Y76+Z76+AA76 -> 4059600 | AC76: =+AB76*F76 -> 4059600 | AD76: =+AB76*R76 -> 4059600 | AE76: Lưu lượng: 750m3/h, Cột áp: 250Pa
A77: =A76+1 -> 53 | B77: QUẠT HÚT MÙI KHU SƠ CHẾ | C77: Cái | D77: 1 | E77: 1 | F77: =E77 -> 1 | G77: T5/EF-04 | H77: 1200 | I77: 250 | J77: Axial Fan/In-Line Fan/ Cabinet Fan | K77: 55 | L77: 0.75 | M77: 220/1/50 | N77: ≤ 65 dBA | O77: ≥ 50 % | R77: 1 | S77: VNS-DP250 | T77: Quạt hướng trục, miệng ống phi 245, độ ồn 66Db | U77: TH Vinasun | V77: Việt Nam | W77: 3972600 | Y77: 629700 | AB77: =+W77+X77+Y77+Z77+AA77 -> 4602300 | AC77: =+AB77*F77 -> 4602300 | AD77: =+AB77*R77 -> 4602300 | AE77: Lưu lượng: 1200m3/h, Cột áp: 250Pa
A78: =A77+1 -> 54 | B78: QUẠT HÚT MÙI WC 4 | C78: Cái | D78: 1 | E78: 1 | F78: =E78 -> 1 | G78: T5/EF-05 | H78: 700 | I78: 250 | J78: Axial Fan/In-Line Fan/ Cabinet Fan | K78: 55 | L78: 0.37 | M78: 220/1/50 | N78: ≤ 65 dBA | O78: ≥ 50 % | R78: 1 | S78: VNS-DP200 | T78: Quạt hướng trục, miệng ống phi 195, độ ồn 43Db | U78: TH Vinasun | V78: Việt Nam | W78: 3429900 | Y78: 629700 | AB78: =+W78+X78+Y78+Z78+AA78 -> 4059600 | AC78: =+AB78*F78 -> 4059600 | AD78: =+AB78*R78 -> 4059600 | AE78: Lưu lượng: 700m3/h, Cột áp: 250Pa
A79: =A78+1 -> 55 | B79: QUẠT HÚT MÙI KHU NHÀ HÀNG | C79: Cái | D79: 1 | E79: 1 | F79: =E79 -> 1 | G79: T5/EF-06 | H79: 9500 | I79: 300 | J79: Axial Fan/In-Line Fan/ Cabinet Fan | K79: 55 | L79: 4 | M79: 380/3/50 | N79: ≤ 65 dBA | O79: ≥ 50 % | R79: 1 | S79: VNS-AF5-5.5T động cơ ATT IE3 | T79: Quạt hướng trục | U79: TH Vinasun | V79: Việt Nam | W79: 19121500 | Y79: 3182700 | AB79: =+W79+X79+Y79+Z79+AA79 -> 22304200 | AC79: =+AB79*F79 -> 22304200 | AD79: =+AB79*R79 -> 22304200 | AE79: Lưu lượng: 9500m3/h, Cột áp: 300Pa
A80: =A79+1 -> 56 | B80: QUẠT CẤP GIÓ TƯƠI TẦNG 5 | C80: Cái | D80: 1 | E80: 1 | F80: =E80 -> 1 | G80: T5/SF-01 | H80: 2200 | I80: 300 | J80: Axial Fan/In-Line Fan/ Cabinet Fan | K80: 55 | L80: 1.1 | M80: 380/3/50 | N80: ≤ 65 dBA | O80: ≥ 50 % | P80: ≤ 1450 rpm | R80: 1 | S80: VNS-VF-355SI | T80: Quạt ly tâm dạng hộp độ ồn thấp | U80: TH Vinasun | V80: Việt Nam | W80: 10009400 | Y80: 1050900 | AB80: =+W80+X80+Y80+Z80+AA80 -> 11060300 | AC80: =+AB80*F80 -> 11060300 | AD80: =+AB80*R80 -> 11060300 | AE80: Lưu lượng: 2200m3/h, Cột áp: 300Pa
A81: =A80+1 -> 57 | B81: QUẠT CẤP GIÓ TƯƠI TẦNG 5 | C81: Cái | D81: 1 | E81: 1 | F81: =E81 -> 1 | G81: T5/SF-02 | H81: 4500 | I81: 300 | J81: Axial Fan/In-Line Fan/ Cabinet Fan | K81: 55 | L81: 1.5 | M81: 380/3/50 | N81: ≤ 65 dBA | O81: ≥ 50 % | R81: 1 | S81: VNS-VF-380S Động cơ ATT IE3 | T81: Quạt ly tâm dạng hộp độ ồn thấp, ĐC IE3 | U81: TH Vinasun | V81: Việt Nam | W81: 21075000 | Y81: 2101700 | AB81: =+W81+X81+Y81+Z81+AA81 -> 23176700 | AC81: =+AB81*F81 -> 23176700 | AD81: =+AB81*R81 -> 23176700 | AE81: Lưu lượng: 4500m3/h, Cột áp: 300Pa
A82: =A81+1 -> 58 | B82: QUẠT CẤP GIÓ TƯƠI TẦNG 5 | C82: Cái | D82: 1 | E82: 1 | F82: =E82 -> 1 | G82: T5/SF-03 | H82: 6500 | I82: 300 | J82: Axial Fan/In-Line Fan/ Cabinet Fan | K82: 55 | L82: 1.5 | M82: 380/3/50 | N82: ≤ 65 dBA | O82: ≥ 50 % | R82: 1 | S82: VNS-AF5-5T động cơ ATT IE3 | T82: Quạt hướng trục | U82: TH Vinasun | V82: Việt Nam | W82: 15051700 | Y82: 2776700 | AB82: =+W82+X82+Y82+Z82+AA82 -> 17828400 | AC82: =+AB82*F82 -> 17828400 | AD82: =+AB82*R82 -> 17828400 | AE82: Lưu lượng: 6500m3/h, Cột áp: 300Pa
A83: =A82+1 -> 59 | B83: QUẠT CẤP GIÓ TƯƠI TẦNG 5 | C83: Cái | D83: 2 | E83: 2 | F83: =E83 -> 2 | G83: T5/SF-04,05 | H83: 4000 | I83: 300 | J83: Axial Fan/In-Line Fan/ Cabinet Fan | K83: 55 | L83: 1.5 | M83: 380/3/50 | N83: ≤ 65 dBA | O83: ≥ 50 % | R83: 2 | S83: VNS-VF-380S Động cơ ATT IE3 | T83: Quạt ly tâm dạng hộp độ ồn thấp, ĐC IE3 | U83: TH Vinasun | V83: Việt Nam | W83: 20862200 | Y83: 2101700 | AB83: =+W83+X83+Y83+Z83+AA83 -> 22963900 | AC83: =+AB83*F83 -> 45927800 | AD83: =+AB83*R83 -> 45927800 | AE83: Lưu lượng: 4000m3/h, Cột áp: 300Pa
A84: =A83+1 -> 60 | B84: QUẠT CẤP GIÓ TƯƠI BẾP TẦNG 5 | C84: Cái | D84: 1 | E84: 1 | F84: =E84 -> 1 | G84: T5/SF-06 | H84: 26000 | I84: 300 | J84: Axial Fan/In-Line Fan/ Cabinet Fan | K84: 55 | L84: 15 | M84: 380/3/50 | N84: ≤ 65 dBA | O84: ≥ 50 % | R84: 1 | S84: VNS-AF5-7T Động cơ ATT IE3 | T84: Quạt hướng trục | U84: TH Vinasun | V84: Việt Nam | W84: 34030600 | Y84: 3719700 | AB84: =+W84+X84+Y84+Z84+AA84 -> 37750300 | AC84: =+AB84*F84 -> 37750300 | AD84: =+AB84*R84 -> 37750300 | AE84: Lưu lượng: 26000m3/h, Cột áp: 300Pa
B85: Tầng 23 | F85: =E85 -> 0 | R85: 0 | S85: 0 | T85: 0 | U85: 0 | V85: 0 | W85: 0 | Y85: 0 | AB85: =+W85+X85+Y85+Z85+AA85 -> 0 | AC85: =+AB85*F85 -> 0 | AD85: =+AB85*R85 -> 0 | AE85: 0
A86: 61 | B86: QUẠT HÚT PHÒNG KT | C86: Cái | D86: 1 | E86: 1 | F86: =E86 -> 1 | G86: T23/EF-01 | H86: 650 | I86: 25 | J86: Fan wall mounted | K86: 55 | L86: 0.37 | M86: 220/1/50 | N86: ≤ 65 dBA | O86: ≥ 50 % | P86: ≤ 1450 rpm | R86: 1 | S86: VNS-AV6-25 | T86: Quạt gắn tường | U86: TH Vinasun | V86: Việt Nam | W86: 591600 | Y86: 852400 | AB86: =+W86+X86+Y86+Z86+AA86 -> 1444000 | AC86: =+AB86*F86 -> 1444000 | AD86: =+AB86*R86 -> 1444000 | AE86: Lưu lượng: 650m3/h, Cột áp: 25Pa
A87: 62 | B87: QUẠT CẤP KHÍ TƯƠI CF | C87: Cái | D87: 1 | E87: 1 | F87: =E87 -> 1 | G87: T23/SF-01 | H87: 700 | I87: 150 | J87: Axial Fan/In-Line Fan/ Cabinet Fan | K87: 55 | L87: 0.37 | M87: 220/1/50 | N87: ≤ 65 dBA | O87: ≥ 50 % | R87: 1 | S87: VNS-DP200 | T87: Quạt hướng trục, miệng ống phi 195, độ ồn 43Db | U87: TH Vinasun | V87: Việt Nam | W87: 3429900 | Y87: 852400 | AB87: =+W87+X87+Y87+Z87+AA87 -> 4282300 | AC87: =+AB87*F87 -> 4282300 | AD87: =+AB87*R87 -> 4282300 | AE87: Lưu lượng: 700m3/h, Cột áp: 150Pa
A88: 63 | B88: QUẠT HÚT WC | C88: Cái | D88: 3 | E88: 3 | F88: =E88 -> 3 | G88: T23/EF-02,03,04 | H88: 100 | I88: 50 | J88: Fan ceiling | K88: 55 | L88: 0.03 | M88: 220/1/50 | N88: ≤ 65 dBA | O88: ≥ 50 % | R88: 3 | S88: VNS-10-11 | T88: Quạt gắn trần | U88: TH Vinasun | V88: Việt Nam | W88: 1364800 | Y88: 347600 | AB88: =+W88+X88+Y88+Z88+AA88 -> 1712400 | AC88: =+AB88*F88 -> 5137200 | AD88: =+AB88*R88 -> 5137200 | AE88: Lưu lượng: 100m3/h, Cột áp: 50Pa
B89: Tầng 24 | C89: Cái | F89: =E89 -> 0 | R89: 0 | S89: 0 | T89: 0 | U89: 0 | V89: 0 | W89: 0 | Y89: 0 | AB89: =+W89+X89+Y89+Z89+AA89 -> 0 | AC89: =+AB89*F89 -> 0 | AD89: =+AB89*R89 -> 0 | AE89: 0
A90: 64 | B90: QUẠT HÚT PHÒNG KTTM | C90: Cái | D90: 1 | E90: 1 | F90: =E90 -> 1 | G90: T24/EF-01 | H90: 3500 | I90: 50 | J90: Fan wall mounted | K90: 55 | L90: 0.75 | M90: 220/1/50 | N90: ≤ 65 dBA | O90: ≥ 50 % | P90: ≤ 1450 rpm | R90: 1 | S90: VNS-AF9-4T | T90: Quạt hướng trục vuông, kt 400x400x320mm | U90: TH Vinasun | V90: Việt Nam | W90: 4281500 | Y90: 1595900 | AB90: =+W90+X90+Y90+Z90+AA90 -> 5877400 | AC90: =+AB90*F90 -> 5877400 | AD90: =+AB90*R90 -> 5877400 | AE90: Lưu lượng: 3500m3/h, Cột áp: 50Pa
B91: Tầng 25 | C91: Cái | F91: =E91 -> 0 | R91: 0 | S91: 0 | T91: 0 | U91: 0 | V91: 0 | W91: 0 | Y91: 0 | AB91: =+W91+X91+Y91+Z91+AA91 -> 0 | AC91: =+AB91*F91 -> 0 | AD91: =+AB91*R91 -> 0 | AE91: 0
A92: 65 | B92: QUẠT HÚT MÙI PHÒNG RÁC | C92: Cái | D92: 2 | E92: 2 | F92: =E92 -> 2 | G92: B-T24/EF-1.01,1.02 | H92: 7000 | I92: 450 | J92: Centrifugal Fan | K92: 55 | L92: 3.7 | M92: 220/1/50 | N92: ≤ 65 dBA | O92: ≥ 50 % | P92: ≤ 1450 rpm | R92: 2 | S92: VNS-FPC-450T động cơ ATT IE3 | T92: Quạt ly tâm | U92: TH Vinasun | V92: Việt Nam | W92: 20546000 | Y92: 5304800 | AB92: =+W92+X92+Y92+Z92+AA92 -> 25850800 | AC92: =+AB92*F92 -> 51701600 | AD92: =+AB92*R92 -> 51701600 | AE92: Lưu lượng: 7000m3/h, Cột áp: 450Pa
B93: Tầng Tum | C93: Cái | F93: =E93 -> 0 | R93: 0 | S93: 0 | T93: 0 | U93: 0 | V93: 0 | W93: 0 | Y93: 0 | AB93: =+W93+X93+Y93+Z93+AA93 -> 0 | AC93: =+AB93*F93 -> 0 | AD93: =+AB93*R93 -> 0 | AE93: 0
A94: 66 | B94: QUẠT HÚT PHÒNG KT1 | C94: Cái | D94: 1 | E94: 1 | F94: =E94 -> 1 | G94: TT/EF-01 | H94: 1200 | I94: 50 | J94: Fan wall mounted | K94: 55 | L94: 0.37 | M94: 220/1/50 | N94: ≤ 65 dBA | O94: ≥ 50 % | P94: ≤ 1450 rpm | R94: 1 | S94: VNS-AV6-30 | T94: Quạt gắn tường | U94: TH Vinasun | V94: Việt Nam | W94: 735400 | Y94: 1317900 | AB94: =+W94+X94+Y94+Z94+AA94 -> 2053300 | AC94: =+AB94*F94 -> 2053300 | AD94: =+AB94*R94 -> 2053300 | AE94: Lưu lượng: 1200m3/h, Cột áp: 50Pa
A95: 67 | B95: QUẠT HÚT PHÒNG KT2 | C95: Cái | D95: 1 | E95: 1 | F95: =E95 -> 1 | G95: TT/EF-02 | H95: 2200 | I95: 50 | J95: Fan wall mounted | K95: 55 | L95: 0.37 | M95: 220/1/50 | N95: ≤ 65 dBA | O95: ≥ 50 % | R95: 1 | S95: VNS-AF9-4T | T95: Quạt hướng trục vuông, kt 400x400x320mm | U95: TH Vinasun | V95: Việt Nam | W95: 4281500 | Y95: 1317900 | AB95: =+W95+X95+Y95+Z95+AA95 -> 5599400 | AC95: =+AB95*F95 -> 5599400 | AD95: =+AB95*R95 -> 5599400 | AE95: Lưu lượng: 2000m3/h, Cột áp: 50Pa
A96: 68 | B96: QUẠT HÚT PHÒNG KTTM | C96: Cái | D96: 2 | E96: 2 | F96: =E96 -> 2 | G96: TT/EF-03,04 | H96: 3500 | I96: 50 | J96: Fan wall mounted | K96: 55 | L96: 0.55 | M96: 220/1/50 | N96: ≤ 65 dBA | O96: ≥ 50 % | R96: 2 | S96: VNS-AF9-4T | T96: Quạt hướng trục vuông, kt 400x400x320mm | U96: TH Vinasun | V96: Việt Nam | W96: 4281500 | Y96: 1595900 | AB96: =+W96+X96+Y96+Z96+AA96 -> 5877400 | AC96: =+AB96*F96 -> 11754800 | AD96: =+AB96*R96 -> 11754800 | AE96: Lưu lượng: 3500m3/h, Cột áp: 50Pa
A97: 69 | B97: QUẠT HÚT MÙI BẾP THƯƠNG MẠI T5 | C97: Cái | D97: 2 | E97: 2 | F97: =E97 -> 2 | G97: A-TT/KEF-01,01,1 | H97: 30000 | I97: 550 | J97: Centrifugal Fan | K97: 55 | L97: 15 | M97: 380/3/50 | N97: ≤ 65 dBA | O97: ≥ 50 % | R97: 2 | S97: VNS-FPC-820T động cơ ATT IE3 | T97: Quạt ly tâm | U97: TH Vinasun | V97: Việt Nam | W97: 65670300 | Y97: 16907400 | AB97: =+W97+X97+Y97+Z97+AA97 -> 82577700 | AC97: =+AB97*F97 -> 165155400 | AD97: =+AB97*R97 -> 165155400 | AE97: Lưu lượng: 30000m3/h, Cột áp: 550Pa
B98: Tầng Mái | C98: Cái | F98: =E98 -> 0 | R98: 0 | S98: 0 | T98: 0 | U98: 0 | V98: 0 | W98: 0 | Y98: 0 | AB98: =+W98+X98+Y98+Z98+AA98 -> 0 | AC98: =+AB98*F98 -> 0 | AD98: =+AB98*R98 -> 0 | AE98: 0
A99: 70 | B99: QUẠT HÚT MÙI BẾP ẨM THỰC T3 | C99: Cái | D99: 2 | E99: 2 | F99: =E99 -> 2 | G99: A-TM/KEF-01,01,1 | H99: 50000 | I99: 600 | J99: Centrifugal Fan | K99: 55 | L99: 22 | M99: 380/3/50 | N99: ≤ 65 dBA | O99: ≥ 50 % | R99: 2 | S99: VNS-CF1-9T động cơ ATT IE3 | T99: Quạt ly tâm | U99: TH Vinasun | V99: Việt Nam | W99: 84595500 | Y99: 21680200 | AB99: =+W99+X99+Y99+Z99+AA99 -> 106275700 | AC99: =+AB99*F99 -> 212551400 | AD99: =+AB99*R99 -> 212551400 | AE99: Lưu lượng: 50000m3/h, Cột áp: 600Pa
A100: 71 | B100: QUẠT HÚT MÙI PHÒNG RÁC | C100: Cái | D100: 2 | E100: 2 | F100: =E100 -> 2 | G100: A-TM/EF-01 | H100: 4500 | I100: 400 | J100: Centrifugal Fan | K100: 55 | L100: 4 | M100: 380/3/50 | N100: ≤ 65 dBA | O100: ≥ 50 % | R100: 2 | S100: VNS-FPC-450T động cơ ATT IE3 | T100: Quạt ly tâm | U100: TH Vinasun | V100: Việt Nam | W100: 20546000 | Y100: 5304800 | AB100: =+W100+X100+Y100+Z100+AA100 -> 25850800 | AC100: =+AB100*F100 -> 51701600 | AD100: =+AB100*R100 -> 51701600 | AE100: Lưu lượng: 4500m3/h, Cột áp: 400Pa
A101: II | B101: QUẠT TĂNG ÁP - HÚT KHÓI TẦNG HẦM - MÁI | F101: =E101 -> 0
...

Sheet 4.3 DHKK & TG
A1: Dự án: TOÀ NHÀ HỖN HỢP HACOM MALL
A2: Gói thầu: CUNG CẤP VTTB VÀ THI CÔNG LẮP ĐẶT HỆ THỐNG CƠ ĐIỆN
A3: Hạng mục: HỆ THỐNG HVAC
A5: KHỐI LƯỢNG MỜI THẦU | F5: NHÀ THẦU SEAREFICO
A6: STT | B6: Diễn giải | C6: Đơn vị | D6: KL Mời thầu Lần 2 | E6: GHI CHÚ | F6: KL Nhà thầu chào | G6: THÔNG TIN VỀ VẬT LIỆU CHÍNH | K6: ĐƠN GIÁ (chưa bao gồm VAT) | Q6: Thành tiền BOQ | S6: Ghi chú
G7: Mô tả/ Quy cách | H7: Mã hiệu | I7: Thương hiệu | J7: Xuất xứ | K7: VL chính | L7: VL phụ | M7: NC&M | N7: CF quản lý | O7: Lợi nhuận | P7: ĐG tổng hợp | Q7: Thành tiền KLMT | R7: Thành tiền Nhà thầu chào
A8: 1 | B8: 2 | C8: 3 | D8: 4 | E8: 5 | F8: 6 | G8: 7 | H8: 8 | I8: 9 | J8: 10 | K8: 11 | L8: 12 | M8: 13 | N8: 14 | O8: 15 | P8: 16=11+12+13+14+15 | Q8: 17=4*16 | R8: 18=6*16 | S8: 19
A9: A | B9: ĐẦU MỤC CÔNG VIỆC THEO KLMT
B10: THIẾT BỊ & VẬT TƯ LẮP ĐẶT ĐIỀU HÒA KHÔNG KHÍ & THÔNG GIÓ PHẦN CHUNG
A11: A1 | B11: PHÂN VẬT TƯ LẮP ĐẶT ỐNG GIÓ
A12: I | B12: HỆ THỐNG THÔNG GIÓ SỰ CỐ
A13: 1. | B13: HỆ THỐNG THÔNG GIÓ HÚT TẦNG HẦM
A14: 1.1 | B14: Ống gió gió tôn tráng kẽm có giới hạn chịu lửa EI 60
B15: KT 600x300 | C15: M | D15: 87 | F15: =D15 -> 87 | G15: Ống KT 600x300 + bọc Smd/ MgO chống cháy đạt EI60 | H15: Z08 0.75 | I15: Eusteel/ Đại Phúc/ Thanh Xuân | J15: Việt Nam | K15: 1115700 | M15: 448000 | P15: =K15+L15+M15+N15+O15 -> 1563700 | Q15: =+P15*D15 -> 136041900 | R15: =+P15*F15 -> 136041900 | S15: 0
B16: KT 900x300 | C16: M | D16: 112 | F16: =D16 -> 112 | G16: Ống KT 900x300 + bọc Smd/ MgO chống cháy đạt EI60 | H16: Z08 0.75 | I16: Eusteel/ Đại Phúc/ Thanh Xuân | J16: Việt Nam | K16: 1487500 | M16: 597300 | P16: =K16+L16+M16+N16+O16 -> 2084800 | Q16: =+P16*D16 -> 233497600 | R16: =+P16*F16 -> 233497600 | S16: 0
B17: KT 1200x300 | C17: M | D17: 93 | F17: =D17 -> 93 | G17: Ống KT 1200x300 + bọc Smd/ MgO chống cháy đạt EI60 | H17: Z08 0.75 | I17: Eusteel/ Đại Phúc/ Thanh Xuân | J17: Việt Nam | K17: 1859400 | M17: 746600 | P17: =K17+L17+M17+N17+O17 -> 2606000 | Q17: =+P17*D17 -> 242358000 | R17: =+P17*F17 -> 242358000 | S17: 0
B18: KT 1200x350 | C18: M | D18: 23 | F18: =D18 -> 23 | G18: Ống KT 1200x350 + bọc Smd/ MgO chống cháy đạt EI60 | H18: Z08 0.75 | I18: Eusteel/ Đại Phúc/ Thanh Xuân | J18: Việt Nam | K18: 1921400 | M18: 771500 | P18: =K18+L18+M18+N18+O18 -> 2692900 | Q18: =+P18*D18 -> 61936700 | R18: =+P18*F18 -> 61936700 | S18: 0
B19: KT 1400x300 | C19: M | D19: 125 | F19: =D19 -> 125 | G19: Ống KT 1400x300 + bọc Smd/ MgO chống cháy đạt EI60 | H19: Z08 0.75 | I19: Eusteel/ Đại Phúc/ Thanh Xuân | J19: Việt Nam | K19: 2107300 | M19: 846100 | P19: =K19+L19+M19+N19+O19 -> 2953400 | Q19: =+P19*D19 -> 369175000 | R19: =+P19*F19 -> 369175000 | S19: 0
B20: KT 1400x350 | C20: M | D20: 46 | F20: =D20 -> 46 | G20: Ống KT 1400x350 + bọc Smd/ MgO chống cháy đạt EI60 | H20: Z08 0.95 | I20: Eusteel/ Đại Phúc/ Thanh Xuân | J20: Việt Nam | K20: 2422000 | M20: 871000 | P20: =K20+L20+M20+N20+O20 -> 3293000 | Q20: =+P20*D20 -> 151478000 | R20: =+P20*F20 -> 151478000 | S20: 0
B21: KT 1600x300 | C21: M | D21: 32 | F21: =D21 -> 32 | G21: Ống KT 1600x300 + bọc Smd/ MgO chống cháy đạt EI60 | H21: Z08 0.95 | I21: Eusteel/ Đại Phúc/ Thanh Xuân | J21: Việt Nam | K21: 2629600 | M21: 945700 | P21: =K21+L21+M21+N21+O21 -> 3575300 | Q21: =+P21*D21 -> 114409600 | R21: =+P21*F21 -> 114409600 | S21: 0
B22: KT 1600x350 | C22: M | D22: 16 | F22: =D22 -> 16 | G22: Ống KT 1600x350 + bọc Smd/ MgO chống cháy đạt EI60 | H22: Z08 0.95 | I22: Eusteel/ Đại Phúc/ Thanh Xuân | J22: Việt Nam | K22: 2698800 | M22: 970600 | P22: =K22+L22+M22+N22+O22 -> 3669400 | Q22: =+P22*D22 -> 58710400 | R22: =+P22*F22 -> 58710400 | S22: 0
B23: KT 1700x3200 | C23: M | D23: 7 | F23: =D23 -> 7 | G23: Ống KT 1700x3200 + bọc Smd/ MgO chống cháy đạt EI60 | H23: Z08 0.95 | I23: Eusteel/ Đại Phúc/ Thanh Xuân | J23: Việt Nam | K23: 6781500 | M23: 2438800 | P23: =K23+L23+M23+N23+O23 -> 9220300 | Q23: =+P23*D23 -> 64542100 | R23: =+P23*F23 -> 64542100 | S23: 0
B24: KT 1800x300 | C24: M | D24: 7 | F24: =D24 -> 7 | G24: Ống KT 1800x300 + bọc Smd/ MgO chống cháy đạt EI60 | H24: Z08 0.95 | I24: Eusteel/ Đại Phúc/ Thanh Xuân | J24: Việt Nam | K24: 2906400 | M24: 1045200 | P24: =K24+L24+M24+N24+O24 -> 3951600 | Q24: =+P24*D24 -> 27661200 | R24: =+P24*F24 -> 27661200 | S24: 0
B25: KT 1800x350 | C25: M | D25: 58 | F25: =D25 -> 58 | G25: Ống KT 1800x350 + bọc Smd/ MgO chống cháy đạt EI60 | H25: Z08 0.95 | I25: Eusteel/ Đại Phúc/ Thanh Xuân | J25: Việt Nam | K25: 2975600 | M25: 1070100 | P25: =K25+L25+M25+N25+O25 -> 4045700 | Q25: =+P25*D25 -> 234650600 | R25: =+P25*F25 -> 234650600 | S25: 0
B26: KT 2500x1000 | C26: M | D26: 9 | F26: =D26 -> 9 | G26: Ống 2500x1000 + bọc Smd/ MgO chống cháy đạt EI60 | H26: Z08 1.15 | I26: Eusteel/ Đại Phúc/ Thanh Xuân | J26: Việt Nam | K26: 5370400 | M26: 1742000 | P26: =K26+L26+M26+N26+O26 -> 7112400 | Q26: =+P26*D26 -> 64011600 | R26: =+P26*F26 -> 64011600 | S26: 0
... B28: KT: 1100x600 | C28: m | D28: 4 | F28: =D28 -> 4 | G28: Ống KT: 1100x600 + bọc Smd/ MgO chống cháy đạt EI60 | H28: Z08 0.75 | I28: Eusteel/ Đại Phúc/ Thanh Xuân | J28: Việt Nam | K28: 2107300 | M28: 846100 | P28: =K28+L28+M28+N28+O28 -> 2953400 | Q28: =+P28*D28 -> 11813600 | R28: =+P28*F28 -> 11813600 | S28: 0
A29: 1.2 | B29: Cút 90 độ ống gió tôn tráng kẽm có giới hạn chịu lửa EI 60 | F29: =D29 -> 0 | G29: 0 | H29: 0 | I29: 0 | J29: 0 | K29: 0 | M29: 0 | P29: =K29+L29+M29+N29+O29 -> 0 | Q29: =+P29*D29 -> 0 | R29: =+P29*F29 -> 0 | S29: 0
B30: KT 1200x300 | C30: Cái | D30: 4 | F30: =D30 -> 4 | G30: Cút 90 độ 1200x300R600 + bọc Smd/ MgO chống cháy đạt EI60 | H30: Z08 0.75 | I30: Eusteel/ Đại Phúc/ Thanh Xuân | J30: Việt Nam | K30: 4315900 | M30: 597300 | P30: =K30+L30+M30+N30+O30 -> 4913200 | Q30: =+P30*D30 -> 19652800 | R30: =+P30*F30 -> 19652800 | S30: 0
B31: KT 1200x350 | C31: Cái | D31: 2 | F31: =D31 -> 2 | G31: Cút 90 độ 1200x350600 + bọc Smd/ MgO chống cháy đạt EI60 | H31: Z08 0.75 | I31: Eusteel/ Đại Phúc/ Thanh Xuân | J31: Việt Nam | K31: 13410100 | M31: 617200 | P31: =K31+L31+M31+N31+O31 -> 14027300 | Q31: =+P31*D31 -> 28054600 | R31: =+P31*F31 -> 28054600 | S31: 0
B32: KT 1400x300 | C32: Cái | D32: 4 | F32: =D32 -> 4 | G32: Cút 90 độ 1400x300700 + bọc Smd/ MgO chống cháy đạt EI60 | H32: Z08 0.95 | I32: Eusteel/ Đại Phúc/ Thanh Xuân | J32: Việt Nam | K32: 16344600 | M32: 676900 | P32: =K32+L32+M32+N32+O32 -> 17021500 | Q32: =+P32*D32 -> 68086000 | R32: =+P32*F32 -> 68086000 | S32: 0
B33: KT: 1800x350 | C33: Cái | D33: 5 | F33: =D33 -> 5 | G33: Cút 90 độ 1800x350R900 + bọc Smd/ MgO chống cháy đạt EI60 | H33: Z08 0.95 | I33: Eusteel/ Đại Phúc/ Thanh Xuân | J33: Việt Nam | K33: 10274900 | M33: 856100 | P33: =K33+L33+M33+N33+O33 -> 11131000 | Q33: =+P33*D33 -> 55655000 | R33: =+P33*F33 -> 55655000 | S33: 0
B34: KT: 900x300 | C34: Cái | D34: 2 | F34: =D34 -> 2 | G34: Cút 90 độ 900x300R450 + bọc Smd/ MgO chống cháy đạt EI60 | H34: Z08 0.75 | I34: Eusteel/ Đại Phúc/ Thanh Xuân | J34: Việt Nam | K34: 2613900 | M34: 477800 | P34: =K34+L34+M34+N34+O34 -> 3091700 | Q34: =+P34*D34 -> 6183400 | R34: =+P34*F34 -> 6183400 | S34: 0
B35: KT: 1600x350 | C35: Cái | D35: 2 | F35: =D35 -> 2 | G35: Cút 90 độ 1600x350R800 + bọc Smd/ MgO chống cháy đạt EI60 | H35: Z08 0.95 | I35: Eusteel/ Đại Phúc/ Thanh Xuân | J35: Việt Nam | K35: 8295400 | M35: 970600 | P35: =K35+L35+M35+N35+O35 -> 9266000 | Q35: =+P35*D35 -> 18532000 | R35: =+P35*F35 -> 18532000 | S35: 0
B36: KT: 1800x300 | C36: Cái | D36: 1 | F36: =D36 -> 1 | G36: Cút 90 độ 1800x300R900 + bọc Smd/ MgO chống cháy đạt EI60 | H36: Z08 0.95 | I36: Eusteel/ Đại Phúc/ Thanh Xuân | J36: Việt Nam | K36: 10037300 | M36: 836200 | P36: =K36+L36+M36+N36+O36 -> 10873500 | Q36: =+P36*D36 -> 10873500 | R36: =+P36*F36 -> 10873500 | S36: 0
A37: 1.3 | B37: Côn thu ống gió tôn tráng kẽm có giới hạn chịu lửa EI 60 | F37: =D37 -> 0 | G37: 0 | H37: 0 | I37: 0 | J37: 0 | K37: 0 | M37: 0 | P37: =K37+L37+M37+N37+O37 -> 0 | Q37: =+P37*D37 -> 0 | R37: =+P37*F37 -> 0 | S37: 0
B38: KT 900x300/600x300 | C38: Cái | D38: 4 | F38: =D38 -> 4 | G38: Côn 900x300/600x300L250 + bọc Smd/ MgO chống cháy đạt EI60 | H38: Z08 0.75 | I38: Eusteel/ Đại Phúc/ Thanh Xuân | J38: Việt Nam | K38: 450400 | M38: 136900 | P38: =K38+L38+M38+N38+O38 -> 587300 | Q38: =+P38*D38 -> 2349200 | R38: =+P38*F38 -> 2349200 | S38: 0
B39: KT 1200x300/900x300 | C39: Cái | D39: 4 | F39: =D39 -> 4 | G39: Côn 1200x300/900x300L250 + bọc Smd/ MgO chống cháy đạt EI60 | H39: Z08 0.75 | I39: Eusteel/ Đại Phúc/ Thanh Xuân | J39: Việt Nam | K39: 563200 | M39: 174200 | P39: =K39+L39+M39+N39+O39 -> 737400 | Q39: =+P39*D39 -> 2949600 | R39: =+P39*F39 -> 2949600 | S39: 0
B40: KT 1200x300/1200x200 | C40: Cái | D40: 0 | F40: =D40 -> 0 | G40: Côn 1200x300/1200x200L250 + bọc Smd/ MgO chống cháy đạt EI60 | H40: Z08 0.75 | I40: Eusteel/ Đại Phúc/ Thanh Xuân | J40: Việt Nam | K40: 591000 | M40: 183400 | P40: =K40+L40+M40+N40+O40 -> 774400 | Q40: =+P40*D40 -> 0 | R40: =+P40*F40 -> 0 | S40: 0
B41: KT 1200x350/900x300 | C41: Cái | D41: 1 | F41: =D41 -> 1 | G41: Côn 1200x350/900x300L250 + bọc Smd/ MgO chống cháy đạt EI60 | H41: Z08 0.75 | I41: Eusteel/ Đại Phúc/ Thanh Xuân | J41: Việt Nam | K41: 576200 | M41: 178500 | P41: =K41+L41+M41+N41+O41 -> 754700 | Q41: =+P41*D41 -> 754700 | R41: =+P41*F41 -> 754700 | S41: 0
B42: KT 1400x300/900x300 | C42: Cái | D42: 3 | F42: =D42 -> 3 | G42: Côn 1400x300/900x300L250 + bọc Smd/ MgO chống cháy đạt EI60 | H42: Z08 0.95 | I42: Eusteel/ Đại Phúc/ Thanh Xuân | J42: Việt Nam | K42: 697800 | M42: 195900 | P42: =K42+L42+M42+N42+O42 -> 893700 | Q42: =+P42*D42 -> 2681100 | R42: =+P42*F42 -> 2681100 | S42: 0
B43: KT 1400x300/1200x300 | C43: Cái | D43: 1 | F43: =D43 -> 1 | G43: Côn 1400x300/1200x300L250 + bọc Smd/ MgO chống cháy đạt EI60 | H43: Z08 0.95 | I43: Eusteel/ Đại Phúc/ Thanh Xuân | J43: Việt Nam | K43: 718400 | M43: 202000 | P43: =K43+L43+M43+N43+O43 -> 920400 | Q43: =+P43*D43 -> 920400 | R43: =+P43*F43 -> 920400 | S43: 0
B44: KT 1400x350/1200x300 | C44: Cái | D44: 1 | F44: =D44 -> 1 | G44: Côn 1400x350/1200x300L250 + bọc Smd/ MgO chống cháy đạt EI60 | H44: Z08 0.95 | I44: Eusteel/ Đại Phúc/ Thanh Xuân | J44: Việt Nam | K44: 732400 | M44: 206200 | P44: =K44+L44+M44+N44+O44 -> 938600 | Q44: =+P44*D44 -> 938600 | R44: =+P44*F44 -> 938600 | S44: 0
B45: KT 1400x350/1200x350 | C45: Cái | D45: 1 | F45: =D45 -> 1 | G45: Côn 1400x350/1200x350L300 + bọc Smd/ MgO chống cháy đạt EI60 | H45: Z08 0.95 | I45: Eusteel/ Đại Phúc/ Thanh Xuân | J45: Việt Nam | K45: 737600 | M45: 249200 | P45: =K45+L45+M45+N45+O45 -> 986800 | Q45: =+P45*D45 -> 986800 | R45: =+P45*F45 -> 986800 | S45: 0
B46: KT 1600x300/1400x300 | C46: Cái | D46: 2 | F46: =D46 -> 2 | G46: Côn 1600x300/1400x300L250 + bọc Smd/ MgO chống cháy đạt EI60 | H46: Z08 0.95 | I46: Eusteel/ Đại Phúc/ Thanh Xuân | J46: Việt Nam | K46: 802400 | M46: 226900 | P46: =K46+L46+M46+N46+O46 -> 1029300 | Q46: =+P46*D46 -> 2058600 | R46: =+P46*F46 -> 2058600 | S46: 0
B47: KT 1600x350/1400x350 | C47: Cái | D47: 2 | F47: =D47 -> 2 | G47: Côn 1600x350/1400x350L300 + bọc Smd/ MgO chống cháy đạt EI60 | H47: Z08 0.95 | I47: Eusteel/ Đại Phúc/ Thanh Xuân | J47: Việt Nam | K47: 821600 | M47: 279100 | P47: =K47+L47+M47+N47+O47 -> 1100700 | Q47: =+P47*D47 -> 2201400 | R47: =+P47*F47 -> 2201400 | S47: 0
B48: KT 1800x350/1400x300 | C48: Cái | D48: 2 | F48: =D48 -> 2 | G48: Côn 1800x350/1400x300L250 + bọc Smd/ MgO chống cháy đạt EI60 | H48: Z08 0.95 | I48: Eusteel/ Đại Phúc/ Thanh Xuân | J48: Việt Nam | K48: 886800 | M48: 251900 | P48: =K48+L48+M48+N48+O48 -> 1138700 | Q48: =+P48*D48 -> 2277400 | R48: =+P48*F48 -> 2277400 | S48: 0
B49: KT: 1000x300/900x300 | C49: Cái | D49: 1 | F49: =D49 -> 1 | G49: Côn 1000x300/900x300L250 + bọc Smd/ MgO chống cháy đạt EI60 | H49: Z08 0.75 | I49: Eusteel/ Đại Phúc/ Thanh Xuân | J49: Việt Nam | K49: 509100 | M49: 156300 | P49: =K49+L49+M49+N49+O49 -> 665400 | Q49: =+P49*D49 -> 665400 | R49: =+P49*F49 -> 665400 | S49: 0
... B53: KT: 2500x450/1000x1000 | C53: Cái | D53: 1 | F53: =D53 -> 1 | G53: Côn 2500x450/1000x1000L350 + bọc Smd/ MgO chống cháy đạt EI60 | H53: Z08 1.15 | I53: Eusteel/ Đại Phúc/ Thanh Xuân | J53: Việt Nam | K53: 2177300 | M53: 686400 | P53: =K53+L53+M53+N53+O53 -> 2863700 | Q53: =+P53*D53 -> 2863700 | R53: =+P53*F53 -> 2863700 | S53: 0
A54: 1.4 | B54: Chạc ba ống gió tôn tráng kẽm có giới hạn chịu lửa EI 60 | F54: =D54 -> 0 | G54: 0 | H54: 0 | I54: 0 | J54: 0 | K54: 0 | M54: 0 | P54: =K54+L54+M54+N54+O54 -> 0 | Q54: =+P54*D54 -> 0 | R54: =+P54*F54 -> 0 | S54: 0
B55: KT 1400x300/900x300/600x300 | C55: Cái | D55: 2 | F55: =D55 -> 2 | G55: Chạc ba 1400x300/900x300/600x300 + bọc Smd/ MgO chống cháy đạt EI60 | H55: Z08 0.95 | I55: Eusteel/ Đại Phúc/ Thanh Xuân | J55: Việt Nam | K55: 4741700 | M55: 676900 | P55: =K55+L55+M55+N55+O55 -> 5418600 | Q55: =+P55*D55 -> 10837200 | R55: =+P55*F55 -> 10837200 | S55: 0
B56: KT 1400x300/1200x300/600x300 | C56: Cái | D56: 2 | F56: =D56 -> 2 | G56: Chạc ba 1400x300/1200x300/600x300 + bọc Smd/ MgO chống cháy đạt EI60 | H56: Z08 0.95 | I56: Eusteel/ Đại Phúc/ Thanh Xuân | J56: Việt Nam | K56: 5823800 | M56: 676900 | P56: =K56+L56+M56+N56+O56 -> 6500700 | Q56: =+P56*D56 -> 13001400 | R56: =+P56*F56 -> 13001400 | S56: 0
B57: KT 1800x350/1400x300/1200x300 | C57: Cái | D57: 2 | F57: =D57 -> 2 | G57: Chạc ba 1800x350/1400x300/1200x300 + bọc Smd/ MgO chống cháy đạt EI60 | H57: Z08 0.95 | I57: Eusteel/ Đại Phúc/ Thanh Xuân | J57: Việt Nam | K57: 10205600 | M57: 856100 | P57: =K57+L57+M57+N57+O57 -> 11061700 | Q57: =+P57*D57 -> 22123400 | R57: =+P57*F57 -> 22123400 | S57: 0
B58: KT 2500x450/1800x300/1600x300 | C58: Cái | D58: 1 | F58: =D58 -> 1 | G58: Chạc ba 2500x450/1800x300/1600x300 + bọc Smd/ MgO chống cháy đạt EI60 | H58: Z08 1.15 | I58: Eusteel/ Đại Phúc/ Thanh Xuân | J58: Việt Nam | K58: 19611000 | M58: 1234400 | P58: =K58+L58+M58+N58+O58 -> 20845400 | Q58: =+P58*D58 -> 20845400 | R58: =+P58*F58 -> 20845400 | S58: 0
A59: 1.5 | B59: Cửa gió hút khói nhôm sơn tĩnh điện | F59: =D59 -> 0 | G59: 0 | H59: 0 | I59: 0 | J59: 0 | K59: 0 | M59: 0 | P59: =K59+L59+M59+N59+O59 -> 0 | Q59: =+P59*D59 -> 0 | R59: =+P59*F59 -> 0 | S59: 0
B60: KT 1000x300+Van điều chỉnh lưu lượng OBD | C60: Cái | D60: 123 | F60: =D60 -> 123 | G60: Cửa bầu dục 1 lớp nan 1 khung cố định KT bì 1000x300 về KT cổ 950x250 + van OBD | H60: 0 | I60: Eusteel/ Thanh Xuân | J60: Việt Nam | K60: 600300 | M60: 393000 | P60: =K60+L60+M60+N60+O60 -> 993300 | Q60: =+P60*D60 -> 122175900 | R60: =+P60*F60 -> 122175900 | S60: 0
A61: 1.6 | B61: Gót miệng gió tôn tráng kẽm có giới hạn chịu lửa EI 60 | C61: 0 | F61: =D61 -> 0 | G61: 0 | H61: 0 | I61: 0 | J61: 0 | K61: 0 | M61: 0 | P61: =K61+L61+M61+N61+O61 -> 0 | Q61: =+P61*D61 -> 0 | R61: =+P61*F61 -> 0 | S61: 0
B62: KT: 1000x300/1000x300 | C62: Cái | D62: 123 | F62: =D62 -> 123 | G62: Chân rẽ 1200x300/1000x300L200 + bọc Smd/ MgO chống cháy đạt EI60 | H62: Z08 0.75 | I62: Eusteel/ Đại Phúc/ Thanh Xuân | J62: Việt Nam | K62: 432600 | M62: 142900 | P62: =K62+L62+M62+N62+O62 -> 575500 | Q62: =+P62*D62 -> 70786500 | R62: =+P62*F62 -> 70786500 | S62: 0
A63: 1.7 | B63: Lượn tôn tráng kẽm có giới hạn chịu lửa EI 60 | C63: 0 | F63: =D63 -> 0 | G63: 0 | H63: 0 | I63: 0 | J63: 0 | K63: 0 | M63: 0 | P63: =K63+L63+M63+N63+O63 -> 0 | Q63: =+P63*D63 -> 0 | R63: =+P63*F63 -> 0 | S63: 0
B64: KT: 300x900-lệch tâm 150mm | C64: Cái | D64: 1 | F64: =D64 -> 1 | G64: Zet 300x900E150L500 (tạm tính) + bọc Smd/ MgO chống cháy đạt EI60 | H64: Z08 0.75 | I64: Eusteel/ Đại Phúc/ Thanh Xuân | J64: Việt Nam | K64: 1126600 | M64: 423000 | P64: =K64+L64+M64+N64+O64 -> 1549600 | Q64: =+P64*D64 -> 1549600 | R64: =+P64*F64 -> 1549600 | S64: 0
B65: KT: 300x900-lệch tâm 300mm | C65: Cái | D65: 1 | F65: =D65 -> 1 | G65: Zet 300x900E300L500 (tạm tính) + bọc Smd/ MgO chống cháy đạt EI60 | H65: Z08 0.75 | I65: Eusteel/ Đại Phúc/ Thanh Xuân | J65: Việt Nam | K65: 1346300 | M65: 510200 | P65: =K65+L65+M65+N65+O65 -> 1856500 | Q65: =+P65*D65 -> 1856500 | R65: =+P65*F65 -> 1856500 | S65: 0
B66: KT: 300x1600-lệch tâm 300mm | C66: Cái | D66: 1 | F66: =D66 -> 1 | G66: Zet 300x1600E300L500 (tạm tính) + bọc Smd/ MgO chống cháy đạt EI60 | H66: Z08 0.75 | I66: Eusteel/ Đại Phúc/ Thanh Xuân | J66: Việt Nam | K66: 3396700 | M66: 756600 | P66: =K66+L66+M66+N66+O66 -> 4153300 | Q66: =+P66*D66 -> 4153300 | R66: =+P66*F66 -> 4153300 | S66: 0
A67: 1.8 | B67: Van 1 chiều (NRD) | F67: =D67 -> 0 | G67: 0 | H67: 0 | I67: 0 | J67: 0 | K67: 0 | M67: 0 | P67: =K67+L67+M67+N67+O67 -> 0 | Q67: =+P67*D67 -> 0 | R67: =+P67*F67 -> 0 | S67: 0
B68: KT 1800x350 | C68: Cái | D68: 1 | F68: =D68 -> 1 | G68: Van một chiều KT: 1800x350 L200 | H68: Z08-1.15 | I68: Eusteel/ Thanh Xuân | J68: Việt Nam | K68: 1691400 | M68: 561300 | P68: =K68+L68+M68+N68+O68 -> 2252700 | Q68: =+P68*D68 -> 2252700 | R68: =+P68*F68 -> 2252700 | S68: 0
B69: KT 1000x1000 | C69: Cái | D69: 1 | F69: =D69 -> 1 | G69: Van một chiều KT: 1000x1000 L200 | H69: Z08-1.15 | I69: Eusteel/ Thanh Xuân | J69: Việt Nam | K69: 1655400 | M69: 606600 | P69: =K69+L69+M69+N69+O69 -> 2262000 | Q69: =+P69*D69 -> 2262000 | R69: =+P69*F69 -> 2262000 | S69: 0
B70: KT 1100x600 | C70: Cái | D70: 3 | F70: =D70 -> 3 | G70: Van một chiều KT: 1100x600 L200 | H70: Z08-1.15 | I70: Eusteel/ Thanh Xuân | J70: Việt Nam | K70: 1354600 | M70: 606600 | P70: =K70+L70+M70+N70+O70 -> 1961200 | Q70: =+P70*D70 -> 5883600 | R70: =+P70*F70 -> 5883600 | S70: 0
B71: KT: 1500x800 | C71: Cái | D71: 1 | F71: =D71 -> 1 | G71: Van một chiều KT: 1500x800 L200 | H71: Z08-1.15 | I71: Eusteel/ Thanh Xuân | J71: Việt Nam | K71: 2022500 | M71: 561300 | P71: =K71+L71+M71+N71+O71 -> 2583800 | Q71: =+P71*D71 -> 2583800 | R71: =+P71*F71 -> 2583800 | S71: 0
A72: 1.9 | B72: Van chặn lửa kèm động cơ (MFD) | F72: =D72 -> 0 | G72: 0 | H72: 0 | I72: 0 | J72: 0 | K72: 0 | M72: 0 | P72: =K72+L72+M72+N72+O72 -> 0 | Q72: =+P72*D72 -> 0 | R72: =+P72*F72 -> 0 | S72: 0
B73: KT 1800x350 | C73: Cái | D73: 1 | F73: =D73 -> 1 | G73: Van MFD EI60 KT: 1800x350 L220, bọc EI60, động cơ NENUTEC NASA1-20, 20N.m/24V/230V, ON/OFF, thời gian đóng mở 20s | H73: Z08-1.15 | I73: Eusteel/ Thanh Xuân | J73: Việt Nam | K73: 16576200 | M73: 561300 | P73: =K73+L73+M73+N73+O73 -> 17137500 | Q73: =+P73*D73 -> 17137500 | R73: =+P73*F73 -> 17137500 | S73: Nhà thầu chào độ dày khung van theo tiêu chuẩn nhà sản xuất, đạt kiểm định PCCC
B74: KT 1000x1000 | C74: Cái | D74: 1 | F74: =D74 -> 1 | G74: Van MFD EI60 KT: 1000x1000 L220, bọc EI60, động cơ NENUTEC NASA1-20, 20N.m/24V/230V, ON/OFF, thời gian đóng mở 20s | H74: Z08-1.15 | I74: Eusteel/ Thanh Xuân | J74: Việt Nam | K74: 19374400 | M74: 606400 | P74: =K74+L74+M74+N74+O74 -> 19980800 | Q74: =+P74*D74 -> 19980800 | R74: =+P74*F74 -> 19980800 | S74: Nhà thầu chào độ dày khung van theo tiêu chuẩn nhà sản xuất, đạt kiểm định PCCC
B75: KT 1100x600 | C75: Cái | D75: 1 | F75: =D75 -> 1 | G75: Van MFD EI60 KT: 1100x600 L220, bọc EI60, động cơ NENUTEC NASA1-20, 20N.m/24V/230V, ON/OFF, thời gian đóng mở 20s | H75: Z08-1.15 | I75: Eusteel/ Thanh Xuân | J75: Việt Nam | K75: 13586600 | M75: 606600 | P75: =K75+L75+M75+N75+O75 -> 14193200 | Q75: =+P75*D75 -> 14193200 | R75: =+P75*F75 -> 14193200 | S75: Nhà thầu chào độ dày khung van theo tiêu chuẩn nhà sản xuất, đạt kiểm định PCCC
B76: KT 1200x1000 | C76: Cái | D76: 1 | F76: =D76 -> 1 | G76: Van MFD EI60 KT: 1200x1000 L220, bọc EI60, động cơ NENUTEC NASA1-20, 20N.m/24V/230V, ON/OFF, thời gian đóng mở 20s | H76: Z08-1.15 | I76: Eusteel/ Thanh Xuân | J76: Việt Nam | K76: 20926100 | M76: 606600 | P76: =K76+L76+M76+N76+O76 -> 21532700 | Q76: =+P76*D76 -> 21532700 | R76: =+P76*F76 -> 21532700 | S76: Nhà thầu chào độ dày khung van theo tiêu chuẩn nhà sản xuất, đạt kiểm định PCCC
A77: 1.1 | B77: Van điều chỉnh lưu lượng bằng tay (VD) | F77: =D77 -> 0 | G77: 0 | H77: 0 | I77: 0 | J77: 0 | K77: 0 | M77: 0 | P77: =K77+L77+M77+N77+O77 -> 0 | Q77: =+P77*D77 -> 0 | R77: =+P77*F77 -> 0 | S77: 0
B78: KT 1800x300 | C78: Cái | D78: 1 | F78: =D78 -> 1 | G78: Van VCD KT: 1800x300 L200 | H78: Z08-1.15 | I78: Eusteel/ Thanh Xuân | J78: Việt Nam | K78: 1648200 | M78: 2232000 | P78: =K78+L78+M78+N78+O78 -> 3880200 | Q78: =+P78*D78 -> 3880200 | R78: =+P78*F78 -> 3880200 | S78: 0
B79: KT 1600x350 | C79: Cái | D79: 2 | F79: =D79 -> 2 | G79: Van VCD KT: 1600x350 L200 | H79: Z08-1.15 | I79: Eusteel/ Thanh Xuân | J79: Việt Nam | K79: 1515800 | M79: 1984000 | P79: =K79+L79+M79+N79+O79 -> 3499800 | Q79: =+P79*D79 -> 6999600 | R79: =+P79*F79 -> 6999600 | S79: 0
B80: KT 1600x300 | C80: Cái | D80: 1 | F80: =D80 -> 1 | G80: Van VCD KT: 1600x300 L200 | H80: Z08-1.15 | I80: Eusteel/ Thanh Xuân | J80: Việt Nam | K80: 1451000 | M80: 1984000 | P80: =K80+L80+M80+N80+O80 -> 3435000 | Q80: =+P80*D80 -> 3435000 | R80: =+P80*F80 -> 3435000 | S80: 0
B81: KT 1400x300 | C81: Cái | D81: 2 | F81: =D81 -> 2 | G81: Van VCD KT: 1400x300 L200 | H81: Z08-1.15 | I81: Eusteel/ Thanh Xuân | J81: Việt Nam | K81: 1299900 | M81: 1736000 | P81: =K81+L81+M81+N81+O81 -> 3035900 | Q81: =+P81*D81 -> 6071800 | R81: =+P81*F81 -> 6071800 | S81: 0
B82: KT 1200x300 | C82: Cái | D82: 2 | F82: =D82 -> 2 | G82: Van VCD KT: 1200x300 L200 | H82: Z08-1.15 | I82: Eusteel/ Thanh Xuân | J82: Việt Nam | K82: 1148700 | M82: 1488100 | P82: =K82+L82+M82+N82+O82 -> 2636800 | Q82: =+P82*D82 -> 5273600 | R82: =+P82*F82 -> 5273600 | S82: 0
B83: KT 600x300 | C83: Cái | D83: 3 | F83: =D83 -> 3 | G83: Van VCD KT: 600x300 L200 | H83: Z08-0.95 | I83: Eusteel/ Thanh Xuân | J83: Việt Nam | K83: 620500 | M83: 169800 | P83: =K83+L83+M83+N83+O83 -> 790300 | Q83: =+P83*D83 -> 2370900 | R83: =+P83*F83 -> 2370900 | S83: 0
A84: 1.11 | B84: Tiêu âm đường ống trước quạt bằng tôn soi lỗ dày 0.5mm + Vải thủy tinh + Rockwool dày 50-100mm, tỷ trọng 48kg/m3 (Chiều dày tiêu âm được điều chỉnh theo vật liệu được phê duyệt bởi CĐT) | F84: =D84 -> 0 | G84: 0 | H84: 0 | I84: 0 | J84: 0 | K84: 0 | M84: 0 | P84: =K84+L84+M84+N84+O84 -> 0 | Q84: =+P84*D84 -> 0 | R84: =+P84*F84 -> 0 | S84: 0
B85: KT 1900x450,L1500 | C85: Cái | D85: 8 | E85: Kích thước tiêu âm là kích thước trong lòng ống gió | F85: =D85 -> 8 | G85: Ống tiêu âm dày 50mm (bông rockwool tỷ trọng 50kg/m3; tôn soi lỗ dày 0.48mm), không vách, kích thước tôn mạ kẽm 1900x450L1500 | H85: Z08 1.15 | I85: Hoa Sen | J85: Việt Nam | K85: 9415300 | M85: 1960400 | P85: =K85+L85+M85+N85+O85 -> 11375700 | Q85: =+P85*D85 -> 91005600 | R85: =+P85*F85 -> 91005600 | S85: Kích thước tiêu âm là kích thước trong lòng ống gió
B86: KT 2600x550,L2000 | C86: Cái | D86: 4 | F86: =D86 -> 4 | G86: Ống tiêu âm dày 50mm (bông rockwool tỷ trọng 50kg/m3; tôn soi lỗ dày 0.48mm), không vách, kích thước tôn mạ kẽm 2600x550L2000 | H86: Z08 1.15 | I86: Hoa Sen | J86: Việt Nam | K86: 16827400 | M86: 3503700 | P86: =K86+L86+M86+N86+O86 -> 20331100 | Q86: =+P86*D86 -> 81324400 | R86: =+P86*F86 -> 81324400 | S86: 0
A87: 1.12 | B87: Khớp nối mềm chống cháy, kèm mặt bích | C87: Cái | D87: 12 | F87: =D87 -> 12 | G87: 0 | H87: 0 | I87: 0 | J87: Việt Nam | K87: 729600 | M87: 38800 | P87: =K87+L87+M87+N87+O87 -> 768400 | Q87: =+P87*D87 -> 9220800 | R87: =+P87*F87 -> 9220800 | S87: 0
A88: 2. | B88: HỆ THỐNG HÚT KHÓI CÁC KHÔNG GIAN CÔNG CỘNG CÓ DIỆN TÍCH LỚN HƠN 200M2
A89: 2.1 | B89: Ống gió gió tôn tráng kẽm có giới hạn chịu lửa EI 45 | F89: =D89 -> 0 | G89: 0 | H89: 0 | I89: 0 | J89: 0 | K89: 0 | M89: 0 | P89: =K89+L89+M89+N89+O89 -> 0 | Q89: =+P89*D89 -> 0 | R89: =+P89*F89 -> 0 | S89: 0
B90: KT 600x250 | C90: M | D90: 265 | F90: =D90 -> 265 | G90: Ống KT 600x250 + bọc Smd/ MgO chống cháy đạt EI45 | H90: Z08 0.75 | I90: Eusteel/ Đại Phúc/ Thanh Xuân | J90: Việt Nam | K90: 1053700 | M90: 423100 | P90: =K90+L90+M90+N90+O90 -> 1476800 | Q90: =+P90*D90 -> 391352000 | R90: =+P90*F90 -> 391352000 | S90: 0
B91: KT 800x300 | C91: M | D91: 119 | F91: =D91 -> 119 | G91: Ống KT 800x300 + bọc Smd/ MgO chống cháy đạt EI45 | H91: Z08 0.75 | I91: Eusteel/ Đại Phúc/ Thanh Xuân | J91: Việt Nam | K91: 1363600 | M91: 547500 | P91: =K91+L91+M91+N91+O91 -> 1911100 | Q91: =+P91*D91 -> 227420900 | R91: =+P91*F91 -> 227420900 | S91: 0
B92: KT 800x400 | C92: M | D92: 18 | F92: =D92 -> 18 | G92: Ống KT 800x400 + bọc Smd/ MgO chống cháy đạt EI45 | H92: Z08 0.75 | I92: Eusteel/ Đại Phúc/ Thanh Xuân | J92: Việt Nam | K92: 1487500 | M92: 597300 | P92: =K92+L92+M92+N92+O92 -> 2084800 | Q92: =+P92*D92 -> 37526400 | R92: =+P92*F92 -> 37526400 | S92: 0
B93: KT 1000x300 | C93: M | D93: 47 | F93: =D93 -> 47 | G93: Ống KT 1000x300 + bọc Smd/ MgO chống cháy đạt EI45 | H93: Z08 0.75 | I93: Eusteel/ Đại Phúc/ Thanh Xuân | J93: Việt Nam | K93: 1611500 | M93: 647100 | P93: =K93+L93+M93+N93+O93 -> 2258600 | Q93: =+P93*D93 -> 106154200 | R93: =+P93*F93 -> 106154200 | S93: 0
B94: KT 1000x1000 | C94: M | D94: 2 | F94: =D94 -> 2 | G94: Ống KT 1000x1000 + bọc Smd/ MgO chống cháy đạt EI45 | H94: Z08 0.75 | I94: Eusteel/ Đại Phúc/ Thanh Xuân | J94: Việt Nam | K94: 2479100 | M94: 995500 | P94: =K94+L94+M94+N94+O94 -> 3474600 | Q94: =+P94*D94 -> 6949200 | R94: =+P94*F94 -> 6949200 | S94: 0
B95: KT 1200x400 | C95: M | D95: 17 | F95: =D95 -> 17 | G95: Ống KT 1200x400 + bọc Smd/ MgO chống cháy đạt EI45 | H95: Z08 0.75 | I95: Eusteel/ Đại Phúc/ Thanh Xuân | J95: Việt Nam | K95: 1983400 | M95: 796400 | P95: =K95+L95+M95+N95+O95 -> 2779800 | Q95: =+P95*D95 -> 47256600 | R95: =+P95*F95 -> 47256600 | S95: 0
B96: KT 1200x300 | C96: M | D96: 44 | F96: =D96 -> 44 | G96: Ống KT 1200x300 + bọc Smd/ MgO chống cháy đạt EI45 | H96: Z08 0.75 | I96: Eusteel/ Đại Phúc/ Thanh Xuân | J96: Việt Nam | K96: 1859400 | M96: 746600 | P96: =K96+L96+M96+N96+O96 -> 2606000 | Q96: =+P96*D96 -> 114664000 | R96: =+P96*F96 -> 114664000 | S96: 0
B97: KT 1250x300 | C97: M | D97: 15 | F97: =D97 -> 15 | G97: Ống KT 1250x300 + bọc Smd/ MgO chống cháy đạt EI45 | H97: Z08 0.75 | I97: Eusteel/ Đại Phúc/ Thanh Xuân | J97: Việt Nam | K97: 1921400 | M97: 771500 | P97: =K97+L97+M97+N97+O97 -> 2692900 | Q97: =+P97*D97 -> 40393500 | R97: =+P97*F97 -> 40393500 | S97: 0
B98: KT 1400x400 | C98: M | D98: 180 | F98: =D98 -> 180 | G98: Ống KT 1400x400 + bọc Smd/ MgO chống cháy đạt EI45 | H98: Z08 0.95 | I98: Eusteel/ Đại Phúc/ Thanh Xuân | J98: Việt Nam | K98: 2491300 | M98: 895900 | P98: =K98+L98+M98+N98+O98 -> 3387200 | Q98: =+P98*D98 -> 609696000 | R98: =+P98*F98 -> 609696000 | S98: 0
B99: KT 1500x500 | C99: M | D99: 11 | F99: =D99 -> 11 | G99: Ống KT 1500x500 + bọc Smd/ MgO chống cháy đạt EI45 | H99: Z08 0.95 | I99: Eusteel/ Đại Phúc/ Thanh Xuân | J99: Việt Nam | K99: 2768000 | M99: 995500 | P99: =K99+L99+M99+N99+O99 -> 3763500 | Q99: =+P99*D99 -> 41398500 | R99: =+P99*F99 -> 41398500 | S99: 0
B100: KT 1600x600 | C100: M | D100: 83 | F100: =D100 -> 83 | G100: Ống KT 1600x600 + bọc Smd/ MgO chống cháy đạt EI45 | H100: Z08 0.95 | I100: Eusteel/ Đại Phúc/ Thanh Xuân | J100: Việt Nam | K100: 3044800 | M100: 1095000 | P100: =K100+L100+M100+N100+O100 -> 4139800 | Q100: =+P100*D100 -> 343603400 | R100: =+P100*F100 -> 343603400 | S100: 0
B101: KT: 1400x500 | C101: m | D101: 16 | F101: =D101 -> 16 | G101: Ống KT: 1400x500 + bọc Smd/ MgO chống cháy đạt EI45 | H101: Z08 0.95 | I101: Eusteel/ Đại Phúc/ Thanh Xuân | J101: Việt Nam | K101: 2629600 | M101: 945700 | P101: =K101+L101+M101+N101+O101 -> 3575300 | Q101: =+P101*D101 -> 57204800 | R101: =+P101*F101 -> 57204800 | S101: 0
... B106: KT: 1000x550 | C106: m | D106: 10 | F106: =D106 -> 10 | G106: Ống KT: 1000x550 + bọc Smd/ MgO chống cháy đạt EI45 | H106: Z08 0.75 | I106: Eusteel/ Đại Phúc/ Thanh Xuân | J106: Việt Nam | K106: 1921400 | M106: 771500 | P106: =K106+L106+M106+N106+O106 -> 2692900 | Q106: =+P106*D106 -> 26929000 | R106: =+P106*F106 -> 26929000 | S106: 0
A107: 2.2 | B107: Ống gió gió tôn tráng kẽm có giới hạn chịu lửa E45 | F107: =D107 -> 0 | G107: 0 | H107: 0 | I107: 0 | J107: 0 | K107: 0 | M107: 0 | P107: =K107+L107+M107+N107+O107 -> 0 | Q107: =+P107*D107 -> 0 | R107: =+P107*F107 -> 0 | S107: 0
B108: KT 1000x1000 | C108: m | D108: 80 | F108: =D108 -> 80 | G108: Ống KT 1000x1000 + bọc Smd/ MgO chống cháy đạt EI45 | H108: Z08 0.75 | I108: Eusteel/ Đại Phúc/ Thanh Xuân | J108: Việt Nam | K108: 2479100 | M108: 995500 | P108: =K108+L108+M108+N108+O108 -> 3474600 | Q108: =+P108*D108 -> 277968000 | R108: =+P108*F108 -> 277968000 | S108: 0
B109: Cút cong 45 độ kèm lưới chắn côn trùng E45 | F109: =D109 -> 0 | G109: 0 | H109: 0 | I109: 0 | J109: 0 | K109: 0 | M109: 0 | P109: =K109+L109+M109+N109+O109 -> 0 | Q109: =+P109*D109 -> 0 | R109: =+P109*F109 -> 0 | S109: 0
...

Sheet 5. Ngăn cháy lan
A1: Dự án: TOÀ NHÀ HỖN HỢP HACOM MALL
A2: Gói thầu: CUNG CẤP VTTB VÀ THI CÔNG LẮP ĐẶT HỆ THỐNG CƠ ĐIỆN
A3: Hạng mục: Ngăn cháy lan
A5: KHỐI LƯỢNG MỜI THẦU | F5: NHÀ THẦU SEAREFICO
A6: STT | B6: Nội dung công việc | C6: Đơn vị | D6: KL Mời thầu Lần 2 | E6: Ghi chú | F6: KL Nhà thầu chào | G6: THÔNG TIN VỀ VẬT LIỆU CHÍNH | K6: ĐƠN GIÁ (chưa bao gồm VAT) | Q6: Thành tiền BOQ | S6: Ghi chú
G7: Mô tả/ Quy cách | H7: Mã hiệu | I7: Thương hiệu | J7: Xuất xứ | K7: VL chính | L7: VL phụ | M7: NC&M | N7: CF quản lý | O7: Lợi nhuận | P7: ĐG tổng hợp | Q7: Thành tiền KLMT | R7: Thành tiền Nhà thầu chào
A8: 1 | B8: 2 | C8: 3 | D8: 4 | E8: 5 | F8: 6 | G8: 7 | H8: 8 | I8: 9 | J8: 10 | K8: 11 | L8: 12 | M8: 13 | N8: 14 | O8: 15 | P8: 16=11+12+13+14+15 | Q8: 17=4*16 | R8: 18=6*16 | S8: 19
A9: A | B9: ĐẦU MỤC CÔNG VIỆC THEO KLMT
A10: I | B10: Trục điện - Điện nhẹ (theo phạm vi tính toán)
A11: 1 | B11: Vữa ngăn cháy lan (Mô tả lắp đặt: vữa + rockwool) | C11: Bao | D11: 113.43948 | E11: 15 kg/ 1 bao | F11: 113.43948 | H11: 0 | I11: Polyseam Ltd | J11: Anh | K11: 970200 | M11: 0 | P11: =K11+L11+M11+N11+O11 -> 970200 | Q11: =P11*D11 -> 1.1005898e+08 | R11: =P11*F11 -> 1.1005898e+08 | S11: 0
A12: 2 | B12: Keo ngăn cháy lan trương nở (mô tả lắp đặt: Keo + rockwool) | C12: Lít | D12: 268.56362 | F12: 268.56362 | H12: 0 | I12: Specified Technologies Inc (STI) | J12: Hoa Kỳ | K12: 880200 | M12: 0 | P12: =K12+L12+M12+N12+O12 -> 880200 | Q12: =P12*D12 -> 2.363897e+08 | R12: =P12*F12 -> 2.363897e+08 | S12: 0
A13: 3 | B13: Nhân công thi công xuyên sàn và vật tư phụ (lập là thép mạ kẽm điện phân 30x3, bông khoáng >=100kg/m3, tôn mạ kẽm >=0.42, dây thít, bulong, vít…). Tính theo diện tích lỗ mở không trừ thiết bị chiếm chỗ | C13: m2 | D13: 55.3842 | F13: 55.3842 | H13: 0 | I13: 0 | J13: Việt Nam | K13: 0 | M13: 4340000 | P13: =K13+L13+M13+N13+O13 -> 4340000 | Q13: =P13*D13 -> 2.4036743e+08 | R13: =P13*F13 -> 2.4036743e+08 | S13: 0
A14: II | B14: Hệ CTN (theo phạm vi tính toán) | F14: 0 | H14: 0 | I14: 0 | J14: 0 | K14: 0 | M14: 0 | P14: =K14+L14+M14+N14+O14 -> 0 | Q14: =P14*D14 -> 0 | R14: =P14*F14 -> 0 | S14: 0
A15: 1 | B15: Vữa ngăn cháy lan (Mô tả lắp đặt: vữa + rockwool) | C15: Bao | D15: 144.3928 | E15: 15 kg/ 1 bao | F15: 144.3928 | H15: 0 | I15: Polyseam Ltd | J15: Anh | K15: 970200 | M15: 0 | P15: =K15+L15+M15+N15+O15 -> 970200 | Q15: =P15*D15 -> 1.4008989e+08 | R15: =P15*F15 -> 1.4008989e+08 | S15: 0
A16: 2 | B16: Băng quấn ngăn cháy lan FR pipe wrap | C16: m | D16: 627.94065 | F16: 627.94065 | H16: 0 | I16: Polyseam Ltd | J16: Anh | K16: 332700 | M16: 0 | P16: =K16+L16+M16+N16+O16 -> 332700 | Q16: =P16*D16 -> 2.0891586e+08 | R16: =P16*F16 -> 2.0891586e+08 | S16: 0
B17: Keo ngăn cháy FR ASF (mô tả lắp đặt: keo + rockwool) (dùng kết hợp băng cuốn ngăn cháy với ống nhựa xuyên tường) | C17: Lít | D17: 0 | F17: 0 | H17: 0 | I17: Polyseam Ltd | J17: Anh | K17: 450500 | M17: 0 | P17: =K17+L17+M17+N17+O17 -> 450500 | Q17: =P17*D17 -> 0 | R17: =P17*F17 -> 0 | S17: 0
A18: 3 | B18: Keo ngăn cháy lan trương nở (mô tả lắp đặt: Keo + rockwool) (có thể dùng cho ống nhựa D<=75mm xuyên tường), khe quanh ống >=20mm, chi tiết theo tính toán | C18: Lít | D18: 93.121881 | F18: 93.121881 | H18: 0 | I18: Specified Technologies Inc (STI) | J18: Hoa Kỳ | K18: 880200 | M18: 0 | P18: =K18+L18+M18+N18+O18 -> 880200 | Q18: =P18*D18 -> 81965880 | R18: =P18*F18 -> 81965880 | S18: 0
A19: 4 | B19: Nhân công thi công và vật tư phụ (đường ống tròn xuyên tường). Tính theo vị trí | C19: Vị trí | D19: 547 | F19: 547 | H19: 0 | I19: 0 | J19: Việt Nam | K19: 0 | M19: 100800 | P19: =K19+L19+M19+N19+O19 -> 100800 | Q19: =P19*D19 -> 55137600 | R19: =P19*F19 -> 55137600 | S19: 0
A20: 5 | B20: Nhân công thi công xuyên sàn và vật tư phụ (lập là thép mạ kẽm điện phân 30x3, bông khoáng >=100kg/m3, tôn mạ kẽm >=0.42, dây thít, bulong, vít…). Tính theo diện tích lỗ mở không trừ thiết bị chiếm chỗ | C20: m2 | D20: 40.730416 | F20: 40.730416 | H20: 0 | I20: 0 | J20: Việt Nam | K20: 0 | M20: 4340000 | P20: =K20+L20+M20+N20+O20 -> 4340000 | Q20: =P20*D20 -> 1.7677001e+08 | R20: =P20*F20 -> 1.7677001e+08 | S20: 0
A21: III | B21: Hệ Duct - HVAC (xuyên tường) (theo phạm vi tính toán) | F21: 0 | H21: 0 | I21: 0 | J21: 0 | K21: 0 | M21: 0 | P21: =K21+L21+M21+N21+O21 -> 0 | Q21: =P21*D21 -> 0 | R21: =P21*F21 -> 0 | S21: 0
A22: 1 | B22: Keo ngăn cháy lan trương nở Specseal LCI (mô tả lắp đặt: keo + rockwool) (dùng cho ống Duct bảo ôn hoặc không bảo ôn) | C22: Lít | D22: 671.68 | F22: 671.68 | H22: 0 | I22: Specified Technologies Inc (STI) | J22: Hoa Kỳ | K22: 880200 | M22: 0 | P22: =K22+L22+M22+N22+O22 -> 880200 | Q22: =P22*D22 -> 5.9121274e+08 | R22: =P22*F22 -> 5.9121274e+08 | S22: 0
A23: 2 | B23: Keo ngăn cháy Protecta FR ASF (mô tả lắp đặt: keo + rockwool) (dùng cho ống Duct trần, Duct EI) | C23: Lít | D23: 0 | F23: 0 | H23: 0 | I23: Polyseam Ltd | J23: Anh | K23: 450500 | M23: 0 | P23: =K23+L23+M23+N23+O23 -> 450500 | Q23: =P23*D23 -> 0 | R23: =P23*F23 -> 0 | S23: 0
A24: 3 | B24: Nhân công thi công và vật tư phụ (ống Duct xuyên tường). Tính theo chu vi ống Duct | C24: m | D24: 377.8 | F24: 377.8 | H24: 0 | I24: 0 | J24: Việt Nam | K24: 0 | M24: 248000 | P24: =K24+L24+M24+N24+O24 -> 248000 | Q24: =P24*D24 -> 93694400 | R24: =P24*F24 -> 93694400 | S24: 0
A25: B | B25: Phát sinh ngoài KLMT Nhà thầu bổ sung
B26: ….......................
A27: C | B27: TỔNG CỘNG TRƯỚC VAT: C = A + B | Q27: =SUBTOTAL(9,Q9:Q26) -> 1.9346025e+09 | R27: =SUBTOTAL(9,R9:R26) -> 1.9346025e+09
